{"type":"FeatureCollection","crs":{"type":"name","properties":{"name":"EPSG:2154"}},"features":[{"type":"Feature","id":105,"geometry":{"type":"MultiPolygon","coordinates":[[[[648450.969999999,6878072.7,0],[648447.530000001,6878065.62,0],[648443.270000003,6878067.78,0],[648442.609999999,6878068.08,0],[648437.399999999,6878070.53,0],[648430.829999998,6878073.98,0],[648431.350000001,6878074.97,0],[648434.079999998,6878080.18,0],[648440.950000003,6878077.04,0],[648446,6878074.87,0],[648449.909999996,6878073.17,0],[648450.969999999,6878072.7,0]]],[[[648581.289999999,6878586.55,0],[648594.890000001,6878578.29,0],[648591.090000004,6878566.87,0],[648589.909999996,6878563.32,0],[648580.240000002,6878534.26,0],[648566.229999997,6878539.49,0],[648570.18,6878557.96,0],[648571.149999999,6878562.49,0],[648571.950000003,6878566.3,0],[648572.280000001,6878567.7,0],[648574.270000003,6878576.25,0],[648576.640000001,6878586.39,0],[648580.689999998,6878585.52,0],[648581.289999999,6878586.55,0]]],[[[648588.289999999,6878594.23,0],[648586.369999997,6878591.96,0],[648578.719999999,6878596.61,0],[648581.740000002,6878600.11,0],[648587.880000003,6878607.23,0],[648594.299999997,6878601.3,0],[648591.060000002,6878597.49,0],[648588.289999999,6878594.23,0]]],[[[648681.060000002,6878610.44,0],[648680.960000001,6878607.62,0],[648680.939999998,6878604.86,0],[648680.909999996,6878602.58,0],[648680.450000003,6878597.26,0],[648680.359999999,6878596.58,0],[648680.07,6878595.77,0],[648679.659999996,6878594.32,0],[648679.32,6878593.35,0],[648679.009999998,6878591.95,0],[648678.689999998,6878590.22,0],[648675.299999997,6878590.92,0],[648674.469999999,6878591.1,0],[648674.07,6878591.19,0],[648671.170000002,6878591.85,0],[648671.770000003,6878594.69,0],[648669.170000002,6878595.27,0],[648669.619999997,6878597.4,0],[648665.450000003,6878598.45,0],[648664.829999998,6878596.02,0],[648661.200000003,6878596.79,0],[648659.350000001,6878597.19,0],[648659.829999998,6878599.28,0],[648655.829999998,6878600.37,0],[648654.060000002,6878597.21,0],[648652.68,6878594.77,0],[648656.280000001,6878592.21,0],[648653.670000002,6878588.99,0],[648652.060000002,6878590.32,0],[648647.93,6878593.73,0],[648645.729999997,6878595.55,0],[648642.060000002,6878598.56,0],[648638.149999999,6878601.63,0],[648637.719999999,6878601.97,0],[648633.390000001,6878605.38,0],[648622.340000004,6878615.11,0],[648627.350000001,6878619.83,0],[648627.020000003,6878620.2,0],[648632.119999997,6878621.97,0],[648639.210000001,6878624.78,0],[648645.43,6878616.24,0],[648649.869999997,6878610.2,0],[648646.979999997,6878607.28,0],[648647.810000002,6878606.71,0],[648650.340000004,6878604.89,0],[648650.859999999,6878605.71,0],[648650.030000001,6878606.31,0],[648648.520000003,6878607.41,0],[648652.700000003,6878611.66,0],[648653.799999997,6878611.28,0],[648657.340000004,6878610.09,0],[648655.340000004,6878613.31,0],[648652.07,6878618.54,0],[648644.460000001,6878629.43,0],[648644.280000001,6878630.15,0],[648658.969999999,6878627.95,0],[648661.649999999,6878627.57,0],[648670.219999999,6878626.4,0],[648673.600000001,6878626.01,0],[648673.189999998,6878622.1,0],[648681.579999998,6878620.92,0],[648681.310000002,6878614.73,0],[648681.060000002,6878610.44,0]]],[[[648686.090000004,6878636.65,0],[648684.850000001,6878634.33,0],[648678.030000001,6878635.53,0],[648679.539999999,6878641.94,0],[648677.409999996,6878642.98,0],[648677.729999997,6878644.01,0],[648672.859999999,6878644.68,0],[648669.100000001,6878645.18,0],[648665.280000001,6878645.72,0],[648660.219999999,6878646.4,0],[648661.270000003,6878656.06,0],[648662.090000004,6878663.23,0],[648662.159999996,6878664.79,0],[648662.390000001,6878666.97,0],[648668.270000003,6878666.85,0],[648673.630000003,6878666.74,0],[648683.579999998,6878666.6,0],[648683.009999998,6878663.87,0],[648684.07,6878663.67,0],[648689.130000003,6878662.71,0],[648698.07,6878661.01,0],[648701.899999999,6878657.54,0],[648698.520000003,6878652.95,0],[648696.759999998,6878650.52,0],[648686.090000004,6878636.65,0]]],[[[648924.829999998,6878695.32,0],[648918.789999999,6878678.1,0],[648916.840000004,6878678.58,0],[648912.289999999,6878679.97,0],[648907.460000001,6878681.64,0],[648908.920000002,6878686.55,0],[648907.609999999,6878686.96,0],[648903.600000001,6878688.22,0],[648902.140000001,6878688.68,0],[648902.149999999,6878689.27,0],[648904.380000003,6878705.8,0],[648905.450000003,6878712.81,0],[648923.520000003,6878710.4,0],[648922.969999999,6878699.1,0],[648922.829999998,6878696.16,0],[648924.829999998,6878695.32,0]]],[[[649653.140000001,6879476.37,0],[649650.079999998,6879469.25,0],[649589.539999999,6879493.5,0],[649566.159999996,6879502.48,0],[649592.18,6879555.33,0],[649601.759999998,6879551.05,0],[649614.780000001,6879545.08,0],[649650.640000001,6879529.13,0],[649654.350000001,6879527.26,0],[649661.240000002,6879523.78,0],[649673.469999999,6879517.59,0],[649653.140000001,6879476.37,0]]]]},"properties":{"OBJECTID_1":105,"CODE_INSEE":"95014","GlobalID":"54ba9559-21aa-4dcb-829e-22168081c1ca","DATE_DELIB":"Wed, 18 May 2022 18:30:00 GMT"}},{"type":"Feature","id":107,"geometry":{"type":"MultiPolygon","coordinates":[[[[647495.890000001,6873900.36,0],[647477.5,6873892.11,0],[647470.369999997,6873908.39,0],[647470.350000001,6873908.43,0],[647468.350000001,6873913.09,0],[647466.369999997,6873917.76,0],[647464.759999998,6873921.54,0],[647458.68,6873935.81,0],[647450.799999997,6873953.58,0],[647468.850000001,6873961.53,0],[647472.329999998,6873953.64,0],[647481.530000001,6873933.02,0],[647486.960000001,6873920.84,0],[647487.159999996,6873920.4,0],[647491.210000001,6873911.13,0],[647495.890000001,6873900.36,0]]],[[[647897.600000001,6874097.24,0],[647904.189999998,6874092.16,0],[647901.880000003,6874089.32,0],[647899.329999998,6874086.18,0],[647894.840000004,6874088.64,0],[647881.43,6874095.99,0],[647880.899999999,6874094.63,0],[647878.340000004,6874088.15,0],[647879.229999997,6874087.82,0],[647877.079999998,6874081.87,0],[647874.890000001,6874075.86,0],[647874.399999999,6874076.03,0],[647858.219999999,6874081.92,0],[647860.659999996,6874087.43,0],[647861.909999996,6874087.09,0],[647864.030000001,6874092.5,0],[647864.369999997,6874093.37,0],[647866.5,6874092.58,0],[647868.759999998,6874091.73,0],[647872.409999996,6874090.37,0],[647874.770000003,6874092.92,0],[647879.18,6874097.7,0],[647884.009999998,6874102.97,0],[647886.579999998,6874105.75,0],[647897.600000001,6874097.24,0]]],[[[648387.409999996,6874094.2,0],[648379.140000001,6874083.47,0],[648374.780000001,6874086.75,0],[648373.640000001,6874087.6,0],[648371.380000003,6874089.31,0],[648362.200000003,6874096.24,0],[648366.549999997,6874102.01,0],[648368.729999997,6874104.9,0],[648370.030000001,6874106.61,0],[648369.979999997,6874106.65,0],[648372.759999998,6874110.19,0],[648382.100000001,6874102.96,0],[648389.659999996,6874097.09,0],[648387.409999996,6874094.2,0]]],[[[648234.990000002,6874174.42,0],[648233.770000003,6874172.85,0],[648233.740000002,6874172.87,0],[648231.920000002,6874174.3,0],[648228.920000002,6874176.65,0],[648219.380000003,6874184.14,0],[648216.619999997,6874186.31,0],[648207.57,6874193.41,0],[648207.600000001,6874193.46,0],[648216.829999998,6874205.7,0],[648223.719999999,6874206.08,0],[648235.560000002,6874194.15,0],[648237.670000002,6874192.01,0],[648243.799999997,6874185.83,0],[648238.609999999,6874179.1,0],[648234.990000002,6874174.42,0]]],[[[648341.039999999,6874202.3,0],[648339.479999997,6874199.65,0],[648332,6874204,0],[648332.509999998,6874204.92,0],[648332.829999998,6874205.53,0],[648337.509999998,6874214.13,0],[648340.619999997,6874219.82,0],[648340.729999997,6874220.02,0],[648343.810000002,6874225.67,0],[648347.640000001,6874222.83,0],[648351.460000001,6874219.83,0],[648343.899999999,6874207.14,0],[648341.039999999,6874202.3,0]]],[[[648413.390000001,6874217.26,0],[648408.579999998,6874212.34,0],[648399.420000002,6874220.41,0],[648399.090000004,6874220.71,0],[648401.259999998,6874223.52,0],[648403.719999999,6874226.72,0],[648410.450000003,6874220.13,0],[648413.390000001,6874217.26,0]]],[[[648539.859999999,6874282.69,0],[648521.289999999,6874260.24,0],[648494.149999999,6874257.45,0],[648485.039999999,6874256.51,0],[648487.420000002,6874259.22,0],[648476.409999996,6874268.45,0],[648474.399999999,6874270.13,0],[648488.299999997,6874286.46,0],[648490.240000002,6874288.79,0],[648498.090000004,6874283.05,0],[648498.479999997,6874282.78,0],[648502.479999997,6874279.85,0],[648504.07,6874278.69,0],[648519.009999998,6874267.77,0],[648521.450000003,6874266.11,0],[648529.560000002,6874275.77,0],[648543.93,6874293.31,0],[648551.090000004,6874302.22,0],[648565.079999998,6874319.29,0],[648571.579999998,6874327.17,0],[648574.780000001,6874325.16,0],[648556.219999999,6874302.52,0],[648539.859999999,6874282.69,0]]],[[[647049.020000003,6874336.41,0],[647045.409999996,6874329.06,0],[647030.539999999,6874333.68,0],[647033.649999999,6874339.86,0],[647039.600000001,6874351.73,0],[647045.420000002,6874363.37,0],[647051.640000001,6874375.62,0],[647056.5,6874373.22,0],[647059.840000004,6874371.55,0],[647059.859999999,6874371.54,0],[647065.039999999,6874369.02,0],[647058.799999997,6874356.3,0],[647056.140000001,6874350.89,0],[647053.689999998,6874345.91,0],[647049.020000003,6874336.41,0]]],[[[647029.340000004,6874342.76,0],[647025.560000002,6874335.23,0],[647016.149999999,6874338.14,0],[647021.130000003,6874347.38,0],[647026.630000003,6874357.58,0],[647025.259999998,6874358.36,0],[647026.07,6874359.9,0],[647024.409999996,6874360.7,0],[647023.43,6874364.86,0],[647025.289999999,6874368.18,0],[647019.659999996,6874371.23,0],[647020,6874371.88,0],[647028.780000001,6874388.91,0],[647030.340000004,6874391.92,0],[647034.229999997,6874389.93,0],[647044.409999996,6874384.73,0],[647042.109999999,6874380.24,0],[647046.759999998,6874377.63,0],[647035.049999997,6874354.12,0],[647034.530000001,6874353.09,0],[647032.880000003,6874349.8,0],[647032.630000003,6874349.3,0],[647029.340000004,6874342.76,0]]],[[[647973.369999997,6874446.25,0],[647966,6874427.2,0],[647965.960000001,6874427.21,0],[647958.890000001,6874430.12,0],[647954.409999996,6874432.53,0],[647954.32,6874432.58,0],[647946.390000001,6874441.97,0],[647947.75,6874443.61,0],[647951.189999998,6874447.83,0],[647957.789999999,6874455.94,0],[647961.149999999,6874460.09,0],[647965.82,6874455.58,0],[647969.700000003,6874453.92,0],[647975.399999999,6874451.47,0],[647973.369999997,6874446.25,0]]],[[[647548.609999999,6874479.18,0],[647542.039999999,6874466.01,0],[647531.450000003,6874472.75,0],[647530.68,6874473.25,0],[647533.770000003,6874479.42,0],[647537.130000003,6874486.11,0],[647537.32,6874486.5,0],[647545.369999997,6874502.75,0],[647547.240000002,6874506.48,0],[647551.649999999,6874515.37,0],[647560.899999999,6874510.83,0],[647563.829999998,6874509.38,0],[647559.880000003,6874501.68,0],[647548.609999999,6874479.18,0]]],[[[647876.049999997,6874520.74,0],[647870.710000001,6874512.7,0],[647869.399999999,6874513.64,0],[647866.210000001,6874515.9,0],[647861.729999997,6874519.09,0],[647863.060000002,6874521.74,0],[647868.299999997,6874532.22,0],[647873.630000003,6874529.59,0],[647876.950000003,6874527.95,0],[647879.869999997,6874526.52,0],[647876.049999997,6874520.74,0]]],[[[647285.310000002,6874622.44,0],[647279.509999998,6874609.19,0],[647268.5,6874614.4,0],[647266.539999999,6874619.24,0],[647269.530000001,6874624.97,0],[647271.619999997,6874628.96,0],[647271.890000001,6874629.48,0],[647285.350000001,6874622.5,0],[647285.310000002,6874622.44,0]]],[[[648159.759999998,6874587.08,0],[648160.740000002,6874564.77,0],[648156.829999998,6874565.05,0],[648156.869999997,6874572.28,0],[648156.899999999,6874578.85,0],[648156.93,6874584.82,0],[648154.530000001,6874586.41,0],[648150.32,6874589.22,0],[648150.25,6874589.26,0],[648151.020000003,6874608.16,0],[648151.030000001,6874608.25,0],[648150.920000002,6874609.74,0],[648150.439999998,6874616.29,0],[648150.420000002,6874616.67,0],[648149.630000003,6874627.5,0],[648153.520000003,6874630.53,0],[648153.549999997,6874630.55,0],[648158.210000001,6874632.01,0],[648158.549999997,6874619.82,0],[648158.710000001,6874614.41,0],[648159.759999998,6874587.08,0]]],[[[647258.640000001,6874621.66,0],[647253.890000001,6874613.36,0],[647244.539999999,6874618.11,0],[647238.090000004,6874621.38,0],[647234.560000002,6874623.17,0],[647232.409999996,6874624.26,0],[647232.490000002,6874624.4,0],[647233.039999999,6874625.48,0],[647234.619999997,6874628.59,0],[647237.219999999,6874633.68,0],[647237.280000001,6874633.8,0],[647245.399999999,6874629.52,0],[647246.07,6874629.17,0],[647253.490000002,6874625.25,0],[647254.799999997,6874624.57,0],[647259.030000001,6874622.31,0],[647258.640000001,6874621.66,0]]],[[[647708.659999996,6874677.88,0],[647704.579999998,6874677.82,0],[647695.619999997,6874688.64,0],[647697.289999999,6874690,0],[647700.899999999,6874692.96,0],[647700.25,6874693.7,0],[647696.729999997,6874697.93,0],[647703.890000001,6874703.85,0],[647714.829999998,6874713.04,0],[647717.890000001,6874710.87,0],[647719.549999997,6874709.7,0],[647720.689999998,6874708.89,0],[647727.270000003,6874704.23,0],[647727.210000001,6874704.16,0],[647724.130000003,6874699.77,0],[647708.659999996,6874677.88,0]]],[[[647622.899999999,6874768.08,0],[647621.780000001,6874766.05,0],[647621.689999998,6874766.1,0],[647608.420000002,6874773.31,0],[647609.420000002,6874775.43,0],[647613.539999999,6874784.21,0],[647615.560000002,6874788.49,0],[647616.380000003,6874790.22,0],[647616.399999999,6874790.24,0],[647619.520000003,6874788.72,0],[647620.149999999,6874788.4,0],[647631.159999996,6874783,0],[647629.75,6874780.46,0],[647627.82,6874776.96,0],[647624.450000003,6874770.85,0],[647622.899999999,6874768.08,0]]],[[[646736.520000003,6875098.21,0],[646733.82,6875092.48,0],[646724.479999997,6875096.32,0],[646724.420000002,6875096.34,0],[646722.740000002,6875097.07,0],[646737.100000001,6875127.67,0],[646745.270000003,6875145.13,0],[646745.640000001,6875145.96,0],[646748.369999997,6875151.72,0],[646750.469999999,6875156.12,0],[646756.170000002,6875168.08,0],[646766.640000001,6875161.94,0],[646762.57,6875153.82,0],[646758.719999999,6875145.49,0],[646756.109999999,6875139.9,0],[646756.079999998,6875139.83,0],[646755.039999999,6875137.59,0],[646747.170000002,6875120.81,0],[646736.520000003,6875098.21,0]]],[[[648178.329999998,6875203.56,0],[648195.560000002,6875196.12,0],[648196.5,6875197.45,0],[648211.43,6875218.5,0],[648215.439999998,6875224.3,0],[648218.399999999,6875222.7,0],[648223.32,6875219.61,0],[648227.880000003,6875216.54,0],[648236.659999996,6875210.75,0],[648241.759999998,6875206.53,0],[648254.969999999,6875195.75,0],[648257.799999997,6875193.11,0],[648265.109999999,6875185.08,0],[648278.030000001,6875171.3,0],[648285.359999999,6875163.39,0],[648285.369999997,6875157.5,0],[648279.770000003,6875151.32,0],[648265.350000001,6875135.68,0],[648252.850000001,6875122.19,0],[648241.850000001,6875110.16,0],[648240.079999998,6875108.95,0],[648237.520000003,6875108.31,0],[648235.399999999,6875107.95,0],[648224.43,6875120.27,0],[648217.549999997,6875125.05,0],[648217.5,6875125.08,0],[648209.420000002,6875130.74,0],[648207.579999998,6875132.04,0],[648204.57,6875134.12,0],[648191.600000001,6875143.07,0],[648183.159999996,6875148.73,0],[648183.109999999,6875148.77,0],[648176.960000001,6875153.15,0],[648169.149999999,6875158.44,0],[648169.009999998,6875158.52,0],[648166.609999999,6875159.86,0],[648157.710000001,6875164.87,0],[648153.829999998,6875167.06,0],[648154.729999997,6875169.01,0],[648155.109999999,6875169.86,0],[648157.009999998,6875174.08,0],[648147.979999997,6875179.25,0],[648144.829999998,6875180.99,0],[648139.740000002,6875183.79,0],[648124.789999999,6875192.2,0],[648116.920000002,6875196.59,0],[648111.890000001,6875199.4,0],[648109.799999997,6875200.57,0],[648103.18,6875204.23,0],[648127.909999996,6875249.94,0],[648145.950000003,6875256.11,0],[648150.880000003,6875253.66,0],[648169.479999997,6875244.09,0],[648167.380000003,6875238.05,0],[648163.039999999,6875226.08,0],[648159.329999998,6875215.58,0],[648171.810000002,6875206.33,0],[648178.130000003,6875203.65,0],[648178.329999998,6875203.56,0]]],[[[648251.93,6875240.12,0],[648235.57,6875223.12,0],[648228.159999996,6875231.78,0],[648224.090000004,6875233.85,0],[648209.630000003,6875241.28,0],[648199.100000001,6875246.58,0],[648195.079999998,6875248.58,0],[648177.600000001,6875257.31,0],[648171.670000002,6875260.09,0],[648165.140000001,6875263.17,0],[648161.899999999,6875264.99,0],[648159.170000002,6875267.41,0],[648157.090000004,6875270.29,0],[648154.049999997,6875276.68,0],[648152.729999997,6875280.01,0],[648151.340000004,6875284.75,0],[648150.25,6875289.11,0],[648149.969999999,6875291.93,0],[648149.649999999,6875294.56,0],[648149.700000003,6875296.47,0],[648150.409999996,6875302.22,0],[648151.530000001,6875310.76,0],[648152.079999998,6875315.84,0],[648152.640000001,6875322.57,0],[648153.399999999,6875331.38,0],[648154.100000001,6875339.65,0],[648154.57,6875351.08,0],[648154.850000001,6875356.35,0],[648155.140000001,6875360.31,0],[648156.390000001,6875360.33,0],[648159.939999998,6875360.21,0],[648163.049999997,6875360.12,0],[648169.479999997,6875354.3,0],[648172.039999999,6875352.46,0],[648173.340000004,6875351.75,0],[648173.789999999,6875351.59,0],[648185.07,6875347.5,0],[648186.670000002,6875346.93,0],[648200.060000002,6875342.11,0],[648204.18,6875340.63,0],[648206.310000002,6875339.85,0],[648208.490000002,6875339.05,0],[648219.719999999,6875334.96,0],[648225.159999996,6875333.05,0],[648228.950000003,6875331.71,0],[648230.969999999,6875330.99,0],[648232.530000001,6875330.44,0],[648238.950000003,6875328.15,0],[648256.960000001,6875321.72,0],[648264.530000001,6875319.07,0],[648267,6875318.2,0],[648267.140000001,6875318.14,0],[648280.049999997,6875310.32,0],[648281.380000003,6875309.51,0],[648283.530000001,6875308.14,0],[648285.640000001,6875306.79,0],[648289.840000004,6875302.99,0],[648290.920000002,6875302,0],[648299.969999999,6875293.58,0],[648301.93,6875291.69,0],[648290.909999996,6875280.27,0],[648286.490000002,6875275.69,0],[648271.689999998,6875260.4,0],[648271.18,6875259.88,0],[648260.640000001,6875249.17,0],[648257.68,6875246.18,0],[648251.93,6875240.12,0]]]]},"properties":{"OBJECTID_1":107,"CODE_INSEE":"95555","GlobalID":"7bffe533-efd2-4ea3-a4b9-f246c215225e","DATE_DELIB":"Wed, 18 May 2022 18:30:00 GMT"}},{"type":"Feature","id":158,"geometry":{"type":"MultiPolygon","coordinates":[[[[652981.880000003,6875761.21,0],[652984.32,6875759.09,0],[652985.270000003,6875758.39,0],[652986.200000003,6875757.62,0],[652987.899999999,6875756.08,0],[652989.909999996,6875754.34,0],[652990.950000003,6875753.47,0],[652993.25,6875751.51,0],[652995.350000001,6875749.74,0],[652996.079999998,6875749.2,0],[652996.57,6875748.87,0],[652998.170000002,6875747.45,0],[653000.43,6875745.51,0],[653001.869999997,6875744.32,0],[653003.68,6875735.24,0],[653004.280000001,6875732.63,0],[653005.359999999,6875727.3,0],[653010.799999997,6875728.24,0],[653010.829999998,6875731.64,0],[653010.810000002,6875736.03,0],[653013.530000001,6875733.08,0],[653016.109999999,6875730.32,0],[653017.25,6875729.1,0],[653018.299999997,6875727.84,0],[653018.659999996,6875727.56,0],[653020.68,6875725.38,0],[653021.950000003,6875724.04,0],[653023.280000001,6875722.6,0],[653025.049999997,6875720.64,0],[653026.25,6875719.4,0],[653028.079999998,6875717.47,0],[653028.759999998,6875713.79,0],[653030.030000001,6875708.66,0],[653031.450000003,6875702.18,0],[653032.869999997,6875696.17,0],[653040.960000001,6875698.33,0],[653041.280000001,6875696.75,0],[653041.729999997,6875694.56,0],[653042.409999996,6875691.67,0],[653043.780000001,6875685.36,0],[653045.340000004,6875678.49,0],[653046.189999998,6875678.77,0],[653047.390000001,6875673.8,0],[653047.869999997,6875672.23,0],[653049.770000003,6875664.13,0],[653050.460000001,6875661.68,0],[653050.57,6875661.24,0],[653051.270000003,6875658.22,0],[653053.25,6875650.58,0],[653053.310000002,6875650.33,0],[653054.289999999,6875646.14,0],[653055.039999999,6875642.84,0],[653055.240000002,6875642.54,0],[653057.299999997,6875633.68,0],[653057.780000001,6875632.08,0],[653059.469999999,6875625.01,0],[653059.579999998,6875624.62,0],[653060.409999996,6875621.59,0],[653060.810000002,6875619.87,0],[653062.210000001,6875613.89,0],[653063.229999997,6875610.09,0],[653064.700000003,6875603.86,0],[653065.25,6875601.79,0],[653066.390000001,6875596.8,0],[653064.960000001,6875596.37,0],[653061.039999999,6875595.25,0],[653059.840000004,6875599.89,0],[653059.590000004,6875600.39,0],[653058.719999999,6875603.68,0],[653057.079999998,6875609.83,0],[653056.710000001,6875610.67,0],[653055.640000001,6875614.8,0],[653054.689999998,6875618.45,0],[653053.450000003,6875622.91,0],[653052.969999999,6875624.66,0],[653051.630000003,6875629.67,0],[653051.25,6875630.81,0],[653050.490000002,6875633.71,0],[653049.039999999,6875639.09,0],[653047.950000003,6875643,0],[653046.509999998,6875648.42,0],[653046.200000003,6875649.59,0],[653045.579999998,6875651.38,0],[653044.380000003,6875655.82,0],[653043.450000003,6875659.4,0],[653043.43,6875659.47,0],[653042.969999999,6875660.7,0],[653042.25,6875663.42,0],[653040.979999997,6875668.45,0],[653039.780000001,6875672.5,0],[653038.670000002,6875676.68,0],[653037.5,6875676.39,0],[653037.210000001,6875676.33,0],[653034.649999999,6875675.5,0],[653030.119999997,6875674.29,0],[653026.130000003,6875673.14,0],[653026.869999997,6875670.73,0],[653029.049999997,6875663.11,0],[653030.880000003,6875656.33,0],[653031.75,6875653.57,0],[653033.130000003,6875648.51,0],[653034.130000003,6875644.9,0],[653034.399999999,6875643.92,0],[653036.329999998,6875636.88,0],[653036.590000004,6875635.94,0],[653036.909999996,6875635.3,0],[653038.100000001,6875630.81,0],[653040.280000001,6875623.23,0],[653042.219999999,6875615.91,0],[653042.75,6875614.22,0],[653043.950000003,6875609.76,0],[653045.469999999,6875604.44,0],[653046.350000001,6875601.48,0],[653047.350000001,6875597.45,0],[653047.869999997,6875595.65,0],[653048.119999997,6875594.91,0],[653049.090000004,6875591.26,0],[653048.439999998,6875591.03,0],[653047.579999998,6875590.65,0],[653043.630000003,6875589.29,0],[653038.969999999,6875587.74,0],[653037.289999999,6875587.1,0],[653035.630000003,6875586.47,0],[653030.350000001,6875584.48,0],[653025.409999996,6875582.62,0],[653020.009999998,6875580.71,0],[653018.469999999,6875580.07,0],[653017.43,6875579.64,0],[653012.990000002,6875577.98,0],[653009.43,6875576.65,0],[653008.340000004,6875576.17,0],[653007.210000001,6875575.77,0],[653002.270000003,6875574.02,0],[653002.770000003,6875572.84,0],[653003.079999998,6875572.98,0],[653007.409999996,6875574.48,0],[653010.909999996,6875575.92,0],[653015.939999998,6875577.8,0],[653017.100000001,6875578.24,0],[653018.539999999,6875578.79,0],[653019.240000002,6875579.12,0],[653022.850000001,6875580.43,0],[653023.899999999,6875580.81,0],[653028.350000001,6875582.47,0],[653030.950000003,6875583.5,0],[653033.07,6875584.25,0],[653037.659999996,6875585.95,0],[653037.700000003,6875585.96,0],[653040.850000001,6875587.11,0],[653044.219999999,6875588.2,0],[653044.530000001,6875588.32,0],[653047.439999998,6875589.28,0],[653048.350000001,6875589.71,0],[653051.630000003,6875590.85,0],[653051.689999998,6875590.87,0],[653053.700000003,6875591.43,0],[653057.899999999,6875592.86,0],[653059,6875588.89,0],[653059.299999997,6875587.95,0],[653060.719999999,6875582.68,0],[653061.600000001,6875579.26,0],[653061.869999997,6875578.67,0],[653063.759999998,6875571.39,0],[653064.549999997,6875568.74,0],[653065.539999999,6875565.06,0],[653067.039999999,6875559.52,0],[653067.43,6875558.46,0],[653069.25,6875551.63,0],[653069.920000002,6875549.27,0],[653070.299999997,6875548.24,0],[653072.219999999,6875540.63,0],[653072.530000001,6875539.51,0],[653072.93,6875538.55,0],[653072.950000003,6875538.45,0],[653074.149999999,6875533.93,0],[653074.710000001,6875531.88,0],[653075.229999997,6875529.94,0],[653076.060000002,6875527.28,0],[653077.950000003,6875520.09,0],[653076.030000001,6875519.68,0],[653075.579999998,6875519.49,0],[653073.539999999,6875519.06,0],[653071.350000001,6875518.64,0],[653071,6875518.58,0],[653068.710000001,6875518.12,0],[653066.090000004,6875517.55,0],[653062.149999999,6875516.66,0],[653059.75,6875516.2,0],[653058.280000001,6875515.92,0],[653056.119999997,6875515.42,0],[653053.899999999,6875514.87,0],[653050.740000002,6875514.23,0],[653049.369999997,6875513.94,0],[653046.479999997,6875513.34,0],[653044.5,6875512.86,0],[653044.479999997,6875512.85,0],[653040.710000001,6875512.05,0],[653039.039999999,6875511.73,0],[653038.950000003,6875511.71,0],[653036.119999997,6875511.09,0],[653035.460000001,6875510.95,0],[653031.439999998,6875510,0],[653027.640000001,6875509.2,0],[653025.130000003,6875508.65,0],[653024.289999999,6875508.45,0],[653021.140000001,6875507.83,0],[653019.579999998,6875507.52,0],[653015.009999998,6875506.53,0],[653014.530000001,6875506.42,0],[653009.079999998,6875505.22,0],[653006.109999999,6875504.63,0],[653003.780000001,6875504.02,0],[653002.719999999,6875503.81,0],[653000.469999999,6875509.67,0],[653000.149999999,6875510.48,0],[652999.009999998,6875513.34,0],[652996.630000003,6875519.77,0],[652996.299999997,6875520.3,0],[652994.43,6875525.23,0],[652993.200000003,6875528.54,0],[652992.060000002,6875531.13,0],[652990.920000002,6875534.42,0],[652989.560000002,6875537.81,0],[652987.729999997,6875542.37,0],[652985.880000003,6875547.26,0],[652983.899999999,6875552.2,0],[652982.670000002,6875555.57,0],[652981.219999999,6875559.03,0],[652984.340000004,6875560.3,0],[652988.619999997,6875561.78,0],[652991.770000003,6875562.95,0],[652993.799999997,6875563.72,0],[652993.630000003,6875564.14,0],[652992.520000003,6875567.41,0],[652990.990000002,6875571.79,0],[652990.200000003,6875573.78,0],[652988.600000001,6875573.14,0],[652988.060000002,6875572.89,0],[652982.140000001,6875570.5,0],[652981.479999997,6875570.23,0],[652980.18,6875573.71,0],[652977.939999998,6875579.36,0],[652975.140000001,6875586.75,0],[652973.670000002,6875590.37,0],[652970.979999997,6875597.34,0],[652969.119999997,6875602.05,0],[652966.899999999,6875607.8,0],[652965.759999998,6875610.65,0],[652964.009999998,6875615.25,0],[652962.560000002,6875618.91,0],[652960.950000003,6875623.1,0],[652959.200000003,6875627.55,0],[652957.920000002,6875630.91,0],[652957.039999999,6875633.14,0],[652956.240000002,6875635.34,0],[652956.100000001,6875635.71,0],[652955.390000001,6875637.17,0],[652953.770000003,6875641.25,0],[652951.990000002,6875645.8,0],[652951.270000003,6875647.43,0],[652950.18,6875650.34,0],[652948.740000002,6875653.99,0],[652946.909999996,6875658.31,0],[652945.369999997,6875662.29,0],[652943.810000002,6875666.03,0],[652942.450000003,6875669.5,0],[652941.060000002,6875673.21,0],[652939.520000003,6875677.04,0],[652938.159999996,6875680.49,0],[652936.890000001,6875683.78,0],[652936.130000003,6875685.47,0],[652934.729999997,6875689.21,0],[652932.450000003,6875694.75,0],[652930.689999998,6875699.15,0],[652929.850000001,6875701.31,0],[652926.450000003,6875700.12,0],[652926.07,6875700.01,0],[652921,6875698.46,0],[652919,6875697.93,0],[652920.149999999,6875695.09,0],[652921.740000002,6875691.22,0],[652922.609999999,6875689.35,0],[652924.119999997,6875685.79,0],[652924.509999998,6875684.66,0],[652925.859999999,6875681.34,0],[652926.799999997,6875679.12,0],[652928.299999997,6875675.37,0],[652929.380000003,6875672.69,0],[652930.159999996,6875670.78,0],[652932.020000003,6875666.45,0],[652932.93,6875664.21,0],[652934.07,6875661.44,0],[652934.399999999,6875660.8,0],[652936.390000001,6875655.89,0],[652938.049999997,6875651.83,0],[652938.210000001,6875651.62,0],[652940.219999999,6875646.81,0],[652942.590000004,6875641.14,0],[652944.109999999,6875637.54,0],[652945.969999999,6875633.09,0],[652947.100000001,6875630.56,0],[652948.289999999,6875627.54,0],[652950.32,6875622.88,0],[652953.170000002,6875615.91,0],[652954.340000004,6875613.23,0],[652956.289999999,6875608.42,0],[652958.450000003,6875603.29,0],[652960.399999999,6875598.5,0],[652962.920000002,6875592.67,0],[652965.899999999,6875585.41,0],[652967.280000001,6875582.22,0],[652969.549999997,6875576.67,0],[652971.219999999,6875572.77,0],[652973.590000004,6875567.04,0],[652971.579999998,6875566.25,0],[652969.520000003,6875565.47,0],[652968.520000003,6875565.01,0],[652962.770000003,6875563.3,0],[652960.060000002,6875562.55,0],[652959.780000001,6875562.46,0],[652958.590000004,6875561.74,0],[652957.119999997,6875564.74,0],[652955.280000001,6875568.7,0],[652952.020000003,6875575.21,0],[652949.630000003,6875580.28,0],[652945.380000003,6875588.78,0],[652941.700000003,6875596.53,0],[652940.829999998,6875598.13,0],[652937.299999997,6875605.53,0],[652936.399999999,6875607.2,0],[652934.630000003,6875610.93,0],[652932.549999997,6875615.2,0],[652932.060000002,6875616.21,0],[652931.689999998,6875616.84,0],[652929.170000002,6875622.05,0],[652926.75,6875620.97,0],[652925.399999999,6875620.24,0],[652924.200000003,6875619.67,0],[652923.170000002,6875621.87,0],[652922.340000004,6875623.61,0],[652920.780000001,6875626.83,0],[652918.140000001,6875632.78,0],[652916.130000003,6875637.12,0],[652914.030000001,6875641.74,0],[652912.520000003,6875644.93,0],[652911.049999997,6875648.38,0],[652909.5,6875651.74,0],[652908.359999999,6875654.03,0],[652906.719999999,6875657.81,0],[652904.789999999,6875662.01,0],[652902.600000001,6875666.94,0],[652901.060000002,6875670.4,0],[652900.619999997,6875671.14,0],[652898.899999999,6875675.12,0],[652897.490000002,6875678.26,0],[652896.539999999,6875680.17,0],[652894.229999997,6875685.4,0],[652892.710000001,6875688.85,0],[652892.189999998,6875690.02,0],[652890.469999999,6875689.57,0],[652886.950000003,6875688.5,0],[652886.100000001,6875688.21,0],[652884.369999997,6875687.61,0],[652885.579999998,6875684.89,0],[652887.25,6875681.21,0],[652889.039999999,6875676.94,0],[652889.350000001,6875676.41,0],[652892.869999997,6875668.12,0],[652893.950000003,6875665.87,0],[652895.960000001,6875661.05,0],[652897.299999997,6875657.99,0],[652897.689999998,6875657.15,0],[652899.990000002,6875651.75,0],[652901.270000003,6875648.9,0],[652901.520000003,6875648.35,0],[652902.799999997,6875645.3,0],[652904.219999999,6875642.04,0],[652905.700000003,6875638.85,0],[652907.810000002,6875634.06,0],[652910.039999999,6875629.03,0],[652911.140000001,6875626.78,0],[652911.689999998,6875625.3,0],[652914,6875620.22,0],[652914.280000001,6875619.79,0],[652916.009999998,6875615.78,0],[652916.130000003,6875615.84,0],[652920.530000001,6875617.95,0],[652920.700000003,6875618.03,0],[652921.780000001,6875615.77,0],[652923.359999999,6875612.72,0],[652924.979999997,6875609.23,0],[652927.759999998,6875603.49,0],[652928.109999999,6875602.95,0],[652930.409999996,6875598.06,0],[652933.060000002,6875592.8,0],[652935.689999998,6875587.36,0],[652937.299999997,6875584.1,0],[652938.990000002,6875580.68,0],[652940.649999999,6875577.26,0],[652941.960000001,6875574.69,0],[652943.780000001,6875570.95,0],[652945.829999998,6875566.72,0],[652946.369999997,6875565.82,0],[652941.799999997,6875563.28,0],[652938.509999998,6875561.45,0],[652936.600000001,6875560.32,0],[652937.719999999,6875558.12,0],[652940.270000003,6875553.21,0],[652943.329999998,6875547.27,0],[652944.890000001,6875544.24,0],[652947.549999997,6875539.15,0],[652949.780000001,6875534.86,0],[652951.259999998,6875531.94,0],[652952.710000001,6875529.03,0],[652953.700000003,6875527.21,0],[652959.57,6875530.2,0],[652962.950000003,6875531.99,0],[652964.07,6875529.6,0],[652964.409999996,6875529.11,0],[652965.140000001,6875527.61,0],[652966.530000001,6875524.7,0],[652969.100000001,6875519.41,0],[652970.759999998,6875516.02,0],[652974.200000003,6875509.11,0],[652976.609999999,6875504.05,0],[652979.200000003,6875498.81,0],[652974.729999997,6875497.89,0],[652973.640000001,6875497.56,0],[652970.539999999,6875496.93,0],[652967.310000002,6875496.21,0],[652965.75,6875495.96,0],[652964.270000003,6875498.69,0],[652961.329999998,6875504.25,0],[652958.409999996,6875509.35,0],[652956.079999998,6875513.69,0],[652954.810000002,6875515.82,0],[652953.329999998,6875518.61,0],[652950.490000002,6875523.94,0],[652948.909999996,6875526.8,0],[652946.399999999,6875531.45,0],[652945.310000002,6875533.32,0],[652943.960000001,6875535.77,0],[652942.149999999,6875539.21,0],[652940.630000003,6875542,0],[652938.609999999,6875545.62,0],[652936.469999999,6875549.62,0],[652935.289999999,6875551.67,0],[652935.270000003,6875551.71,0],[652929.880000003,6875548.54,0],[652930.229999997,6875547.96,0],[652932.409999996,6875544.17,0],[652934.850000001,6875540.04,0],[652937.009999998,6875536.38,0],[652939.82,6875531.53,0],[652940.390000001,6875530.75,0],[652943.600000001,6875524.98,0],[652945.420000002,6875521.95,0],[652947.520000003,6875518.28,0],[652949.270000003,6875515.37,0],[652951.420000002,6875511.62,0],[652953.57,6875507.81,0],[652956.189999998,6875503.4,0],[652959.579999998,6875497.5,0],[652961.07,6875494.94,0],[652957.759999998,6875494.22,0],[652954.670000002,6875493.39,0],[652953.609999999,6875495.39,0],[652950.700000003,6875500.8,0],[652947.450000003,6875506.71,0],[652945.390000001,6875510.51,0],[652945.049999997,6875510.95,0],[652943.770000003,6875513.44,0],[652940.969999999,6875518.74,0],[652939.549999997,6875521.2,0],[652937.170000002,6875525.61,0],[652933.18,6875523.43,0],[652929.990000002,6875521.56,0],[652926.890000001,6875519.79,0],[652926.149999999,6875521.01,0],[652924.43,6875523.98,0],[652923.630000003,6875525.28,0],[652922.030000001,6875527.9,0],[652919.780000001,6875531.75,0],[652917.829999998,6875534.94,0],[652915.700000003,6875538.54,0],[652914.420000002,6875540.79,0],[652912.770000003,6875543.45,0],[652910.799999997,6875546.89,0],[652908.130000003,6875551.24,0],[652906.869999997,6875553.35,0],[652905.390000001,6875555.84,0],[652901.549999997,6875553.84,0],[652898.93,6875552.52,0],[652896.5,6875551.16,0],[652893.420000002,6875549.55,0],[652891.700000003,6875548.64,0],[652889.619999997,6875547.63,0],[652886.579999998,6875553.64,0],[652886.32,6875553.99,0],[652884.530000001,6875557.55,0],[652882.340000004,6875561.99,0],[652881.350000001,6875563.76,0],[652879.619999997,6875567.21,0],[652877.509999998,6875571.42,0],[652876.740000002,6875572.84,0],[652874.890000001,6875576.62,0],[652874.399999999,6875577.55,0],[652869.829999998,6875575.29,0],[652868.189999998,6875578.61,0],[652867.490000002,6875579.89,0],[652863.200000003,6875588.67,0],[652862.810000002,6875589.19,0],[652860.950000003,6875592.91,0],[652858.700000003,6875597.6,0],[652858.119999997,6875598.53,0],[652856.219999999,6875602.22,0],[652853.700000003,6875607.32,0],[652852.729999997,6875609.14,0],[652849.82,6875615.06,0],[652848.840000004,6875616.8,0],[652847.530000001,6875619.49,0],[652844.990000002,6875624.66,0],[652843.93,6875626.64,0],[652840.030000001,6875634.76,0],[652839.560000002,6875635.48,0],[652837.619999997,6875639.5,0],[652835.530000001,6875643.74,0],[652833.259999998,6875648.23,0],[652829.509999998,6875646.82,0],[652828.399999999,6875646.37,0],[652826.210000001,6875645.46,0],[652827.950000003,6875642.09,0],[652828.539999999,6875641.06,0],[652831.789999999,6875634.54,0],[652833.039999999,6875632.23,0],[652836.619999997,6875625.27,0],[652837.969999999,6875622.67,0],[652835.560000002,6875621.28,0],[652831.82,6875619.34,0],[652830.710000001,6875618.76,0],[652825.140000001,6875615.9,0],[652824.630000003,6875616.85,0],[652823.869999997,6875618.04,0],[652819.829999998,6875625.81,0],[652818.890000001,6875627.43,0],[652816.969999999,6875630.99,0],[652814.740000002,6875635.37,0],[652813.520000003,6875637.46,0],[652812.560000002,6875639.51,0],[652809.700000003,6875638.31,0],[652806.630000003,6875636.9,0],[652804.840000004,6875636.11,0],[652803.93,6875635.67,0],[652801.210000001,6875641.35,0],[652800.829999998,6875641.91,0],[652797.619999997,6875648.41,0],[652796.25,6875651.14,0],[652793.799999997,6875656.31,0],[652791.859999999,6875660.08,0],[652788.950000003,6875665.89,0],[652787.509999998,6875668.92,0],[652787.07,6875669.72,0],[652786.270000003,6875671.32,0],[652783.329999998,6875677.1,0],[652780.420000002,6875682.91,0],[652779.579999998,6875684.61,0],[652774.710000001,6875682.2,0],[652774.219999999,6875683.22,0],[652773.049999997,6875685.66,0],[652771.600000001,6875688.48,0],[652770.390000001,6875691.11,0],[652768.549999997,6875694.92,0],[652767.090000004,6875697.92,0],[652766.100000001,6875699.63,0],[652764.270000003,6875703.34,0],[652763.560000002,6875704.46,0],[652762.340000004,6875706.85,0],[652761.030000001,6875709.26,0],[652760.060000002,6875711.23,0],[652757.770000003,6875715.54,0],[652756.310000002,6875718.12,0],[652754.82,6875721.03,0],[652754.039999999,6875722.45,0],[652753.710000001,6875722.97,0],[652752.420000002,6875725.48,0],[652750.990000002,6875728.27,0],[652749.43,6875731.14,0],[652748.399999999,6875732.86,0],[652747.890000001,6875733.85,0],[652754.289999999,6875734.87,0],[652754.579999998,6875734.92,0],[652759.780000001,6875735.9,0],[652763.32,6875736.53,0],[652764.600000001,6875736.9,0],[652768.25,6875737.95,0],[652769.590000004,6875738.44,0],[652772.93,6875739.32,0],[652776.280000001,6875740.2,0],[652777.310000002,6875740.63,0],[652781.780000001,6875742.34,0],[652782.140000001,6875742.48,0],[652785.689999998,6875743.79,0],[652791.619999997,6875746.27,0],[652796.549999997,6875748.4,0],[652797.090000004,6875748.69,0],[652797.43,6875748.85,0],[652806.140000001,6875752.52,0],[652806.200000003,6875752.56,0],[652807.109999999,6875753.19,0],[652810.399999999,6875754.96,0],[652810.100000001,6875756.52,0],[652811.710000001,6875756.85,0],[652815.899999999,6875757.47,0],[652816.469999999,6875757.67,0],[652818.119999997,6875758.21,0],[652822.75,6875759.7,0],[652825.539999999,6875760.87,0],[652826.030000001,6875761.23,0],[652828.310000002,6875762.11,0],[652834.549999997,6875764.84,0],[652835.789999999,6875765.48,0],[652835.960000001,6875765.57,0],[652839.780000001,6875767.27,0],[652843.780000001,6875769.09,0],[652845.329999998,6875769.87,0],[652850.189999998,6875772.27,0],[652853.469999999,6875773.95,0],[652855.640000001,6875775.12,0],[652855.689999998,6875775.14,0],[652860.149999999,6875776.77,0],[652862.770000003,6875777.65,0],[652863.450000003,6875777.94,0],[652865.43,6875778.66,0],[652866.109999999,6875778.87,0],[652868.399999999,6875779.61,0],[652872.289999999,6875780.9,0],[652873.18,6875781.29,0],[652875.549999997,6875782.13,0],[652877.270000003,6875782.68,0],[652882.539999999,6875784.51,0],[652886.93,6875786.02,0],[652887.350000001,6875786.16,0],[652892.259999998,6875787.77,0],[652892.780000001,6875788.03,0],[652896.829999998,6875789.35,0],[652897.079999998,6875789.42,0],[652901.75,6875790.82,0],[652902.549999997,6875791.14,0],[652907.060000002,6875792.51,0],[652909.57,6875793.2,0],[652912.380000003,6875794.16,0],[652913.600000001,6875794.52,0],[652918.780000001,6875796.04,0],[652921.810000002,6875796.96,0],[652921.909999996,6875796.99,0],[652923.630000003,6875797.55,0],[652926.350000001,6875798.37,0],[652929.270000003,6875799.19,0],[652929.57,6875799.27,0],[652931.090000004,6875799.65,0],[652934.340000004,6875800.33,0],[652936.18,6875800.6,0],[652937.229999997,6875799.39,0],[652938.82,6875797.69,0],[652941,6875795.47,0],[652942.07,6875794.31,0],[652942.850000001,6875793.46,0],[652945.07,6875791.51,0],[652947.25,6875789.63,0],[652947.630000003,6875789.32,0],[652948.350000001,6875788.67,0],[652948.729999997,6875788.48,0],[652950.369999997,6875787.03,0],[652952.07,6875785.41,0],[652954.189999998,6875783.44,0],[652955.43,6875782.35,0],[652958.579999998,6875779.58,0],[652960.770000003,6875777.62,0],[652961.82,6875776.73,0],[652962.359999999,6875776.27,0],[652963.82,6875775.1,0],[652965.219999999,6875774.16,0],[652967.640000001,6875772.31,0],[652969.229999997,6875771.06,0],[652971.060000002,6875769.64,0],[652972.020000003,6875768.91,0],[652973.549999997,6875767.74,0],[652974.939999998,6875766.63,0],[652975.969999999,6875765.86,0],[652977.119999997,6875764.99,0],[652978.359999999,6875764,0],[652979.579999998,6875763.15,0],[652979.75,6875763.03,0],[652980.219999999,6875762.73,0],[652981.880000003,6875761.21,0]]],[[[652973.579999998,6875717.13,0],[652973.859999999,6875715.79,0],[652976.770000003,6875716.88,0],[652978.710000001,6875717.52,0],[652978.109999999,6875721.42,0],[652977.200000003,6875725.96,0],[652975.710000001,6875733.96,0],[652974.960000001,6875738.32,0],[652973.719999999,6875745.26,0],[652972.590000004,6875751.46,0],[652971.149999999,6875759.37,0],[652968.020000003,6875758.76,0],[652965.43,6875758.28,0],[652966.32,6875753.79,0],[652967.93,6875745.57,0],[652969.270000003,6875738.67,0],[652970.710000001,6875731.49,0],[652971.57,6875727.31,0],[652971.890000001,6875725.75,0],[652973.090000004,6875719.53,0],[652973.579999998,6875717.13,0]]],[[[652879.780000001,6875598.87,0],[652879.880000003,6875598.69,0],[652885.520000003,6875601.32,0],[652885.859999999,6875601.49,0],[652884.079999998,6875605.38,0],[652882.310000002,6875608.84,0],[652879.310000002,6875615.54,0],[652878.399999999,6875617.27,0],[652875.68,6875623.15,0],[652874.590000004,6875625.51,0],[652868.340000004,6875622.72,0],[652869.729999997,6875619.72,0],[652872.07,6875614.75,0],[652872.859999999,6875613.2,0],[652874.770000003,6875609.26,0],[652876.509999998,6875605.58,0],[652876.93,6875604.88,0],[652878.539999999,6875601.48,0],[652879.780000001,6875598.87,0]]],[[[653018.329999998,6875635.51,0],[653019.399999999,6875631.96,0],[653022.450000003,6875632.9,0],[653023.509999998,6875633.2,0],[653026.630000003,6875634.07,0],[653028.240000002,6875634.56,0],[653027.770000003,6875636.26,0],[653026.829999998,6875639.71,0],[653025.469999999,6875644.06,0],[653023.689999998,6875650.31,0],[653022.07,6875655.98,0],[653020.57,6875661.38,0],[653020.189999998,6875662.27,0],[653018.520000003,6875668.26,0],[653017.780000001,6875670.83,0],[653017.060000002,6875670.64,0],[653015.700000003,6875670.18,0],[653013.210000001,6875669.49,0],[653008.869999997,6875668.33,0],[653008.689999998,6875668.28,0],[653009.82,6875664.5,0],[653011.259999998,6875659.41,0],[653011.57,6875658.55,0],[653012.619999997,6875655,0],[653014.119999997,6875649.83,0],[653015.460000001,6875645.44,0],[653016.979999997,6875640.01,0],[653018.329999998,6875635.51,0]]],[[[652406.460000001,6875574.69,0],[652404.939999998,6875573.3,0],[652402.659999996,6875575.78,0],[652398.990000002,6875579.69,0],[652398.490000002,6875580.25,0],[652396.789999999,6875582.17,0],[652393.25,6875585.94,0],[652388.57,6875591.06,0],[652385.25,6875594.6,0],[652382.780000001,6875597.29,0],[652381.659999996,6875598.51,0],[652375.689999998,6875604.97,0],[652371.880000003,6875609.11,0],[652368.579999998,6875612.74,0],[652365.329999998,6875616.2,0],[652361.780000001,6875620.03,0],[652360.369999997,6875621.59,0],[652357.710000001,6875624.5,0],[652354.299999997,6875628.19,0],[652349.93,6875632.97,0],[652345.759999998,6875637.43,0],[652340.399999999,6875643.29,0],[652337.770000003,6875646.05,0],[652337.57,6875646.28,0],[652334.479999997,6875649.77,0],[652330.82,6875654.66,0],[652324.710000001,6875662.72,0],[652321.460000001,6875666.95,0],[652317.369999997,6875672.57,0],[652314.520000003,6875676.38,0],[652312.609999999,6875678.98,0],[652307.100000001,6875686.56,0],[652304.969999999,6875689.55,0],[652303.710000001,6875691.61,0],[652300.990000002,6875696.99,0],[652297.960000001,6875702.87,0],[652295.359999999,6875707.9,0],[652293.960000001,6875710.52,0],[652293.280000001,6875711.8,0],[652285.009999998,6875728.15,0],[652280.939999998,6875735.77,0],[652278.359999999,6875740.89,0],[652277.520000003,6875744.4,0],[652279.829999998,6875745.86,0],[652289.060000002,6875751.55,0],[652294.509999998,6875754.74,0],[652301.600000001,6875759.04,0],[652309.409999996,6875763.62,0],[652313.649999999,6875766.2,0],[652317.060000002,6875768.26,0],[652320.850000001,6875770.54,0],[652327.229999997,6875774.36,0],[652331.030000001,6875776.65,0],[652334.18,6875778.55,0],[652341.939999998,6875783.2,0],[652343.5,6875784.15,0],[652346.579999998,6875786.02,0],[652351.649999999,6875789.1,0],[652355.280000001,6875791.3,0],[652358.420000002,6875793.15,0],[652363.729999997,6875796.28,0],[652366.850000001,6875798.12,0],[652371.789999999,6875801,0],[652373.560000002,6875799.83,0],[652384.579999998,6875791.82,0],[652395.700000003,6875783.65,0],[652406.789999999,6875775.49,0],[652417.119999997,6875768,0],[652424.270000003,6875762.86,0],[652430.57,6875758.46,0],[652441.310000002,6875750.91,0],[652446.649999999,6875747.29,0],[652447.640000001,6875746.58,0],[652456.229999997,6875740.49,0],[652461.329999998,6875736.92,0],[652471.789999999,6875729.58,0],[652481.939999998,6875722.34,0],[652494.630000003,6875713.37,0],[652498.649999999,6875710.48,0],[652507.420000002,6875704.35,0],[652515.659999996,6875698.39,0],[652519.630000003,6875695.62,0],[652521.810000002,6875694.08,0],[652520.939999998,6875692.72,0],[652518.990000002,6875689.82,0],[652518.509999998,6875689.11,0],[652517.479999997,6875687.56,0],[652515.130000003,6875683.88,0],[652511.880000003,6875678.92,0],[652510.090000004,6875676.1,0],[652509.170000002,6875674.63,0],[652505.25,6875669.13,0],[652505.189999998,6875669.05,0],[652503.789999999,6875666.76,0],[652502.090000004,6875664.95,0],[652500.280000001,6875662.96,0],[652498.140000001,6875660.46,0],[652496.109999999,6875658.11,0],[652493.609999999,6875655.47,0],[652490.549999997,6875652.4,0],[652484.68,6875646.55,0],[652481.640000001,6875643.5,0],[652479.310000002,6875641.17,0],[652477.109999999,6875638.96,0],[652473.659999996,6875635.41,0],[652470.899999999,6875632.61,0],[652470.020000003,6875631.8,0],[652468.920000002,6875630.77,0],[652465.609999999,6875627.65,0],[652465.289999999,6875627.36,0],[652459.210000001,6875621.96,0],[652457.020000003,6875619.99,0],[652452.810000002,6875616.18,0],[652448.229999997,6875612.12,0],[652446.219999999,6875610.34,0],[652443.579999998,6875607.99,0],[652441.439999998,6875606.09,0],[652440.229999997,6875605.01,0],[652435.590000004,6875600.83,0],[652433.329999998,6875598.8,0],[652430.049999997,6875595.84,0],[652427.729999997,6875593.74,0],[652421.369999997,6875588.02,0],[652420.229999997,6875586.98,0],[652418,6875584.96,0],[652410.799999997,6875578.55,0],[652406.460000001,6875574.69,0]]],[[[652585.890000001,6875751.3,0],[652612.009999998,6875740.11,0],[652620.600000001,6875741.74,0],[652630.859999999,6875743.8,0],[652627.640000001,6875734.55,0],[652620.039999999,6875712.96,0],[652619.840000004,6875711.86,0],[652615.479999997,6875710.46,0],[652611.640000001,6875709.3,0],[652608.850000001,6875708.44,0],[652607.600000001,6875708.05,0],[652603.229999997,6875706.48,0],[652601,6875705.71,0],[652593.240000002,6875701.68,0],[652586.32,6875698.06,0],[652576.5,6875693.03,0],[652569.579999998,6875689.52,0],[652563.060000002,6875686.15,0],[652559.770000003,6875684.47,0],[652559.289999999,6875684.26,0],[652556.890000001,6875683.26,0],[652551.130000003,6875681.02,0],[652544.539999999,6875678.55,0],[652538.329999998,6875676.23,0],[652534.130000003,6875674.51,0],[652529.560000002,6875672.82,0],[652524.799999997,6875671,0],[652522.030000001,6875669.99,0],[652519.579999998,6875669.32,0],[652518.640000001,6875669.33,0],[652521.649999999,6875674.42,0],[652527.57,6875684.68,0],[652532.93,6875694.01,0],[652535.899999999,6875699.12,0],[652539.140000001,6875704.64,0],[652543.43,6875711.95,0],[652545.909999996,6875716.25,0],[652548.850000001,6875721.21,0],[652548.979999997,6875721.46,0],[652553.990000002,6875731.93,0],[652560.350000001,6875745.03,0],[652563.740000002,6875751.89,0],[652566.840000004,6875758.17,0],[652572.25,6875769.39,0],[652576.240000002,6875777.65,0],[652578.159999996,6875781.64,0],[652582.700000003,6875790.76,0],[652585.039999999,6875795.66,0],[652589.170000002,6875804.3,0],[652594.770000003,6875816.57,0],[652595.390000001,6875817.87,0],[652595.609999999,6875817.77,0],[652598.450000003,6875816.39,0],[652603.159999996,6875814.19,0],[652604,6875813.75,0],[652606.82,6875812.33,0],[652610.969999999,6875810.26,0],[652607.710000001,6875802.6,0],[652601.270000003,6875787.45,0],[652593.880000003,6875770.09,0],[652585.890000001,6875751.3,0]]],[[[653127.68,6875755.48,0],[653127.18,6875759.18,0],[653126.8763,6875761.141,0],[653127.68,6875755.48,0],[653116.729999997,6875754.34,0],[653116.539999999,6875755.6,0],[653115.890000001,6875760.84,0],[653115.399999999,6875764.53,0],[653109.729999997,6875763.61,0],[653109.850000001,6875763.05,0],[653110.240000002,6875759.85,0],[653110.969999999,6875755.07,0],[653111.159999996,6875753.75,0],[653106.380000003,6875753.16,0],[653105.460000001,6875753.03,0],[653102.43,6875752.58,0],[653099.009999998,6875752.16,0],[653094.579999998,6875751.62,0],[653093.490000002,6875751.47,0],[653090.659999996,6875751.07,0],[653083.93,6875750.25,0],[653079.93,6875749.69,0],[653080.060000002,6875748.89,0],[653081.259999998,6875741.76,0],[653081.5,6875741.09,0],[653082.100000001,6875737.45,0],[653082.700000003,6875734.31,0],[653082.969999999,6875732.53,0],[653083.43,6875730.14,0],[653083.57,6875729.33,0],[653083.909999996,6875727.45,0],[653084.490000002,6875723.82,0],[653085.43,6875718.97,0],[653086.82,6875710.68,0],[653087.07,6875709.98,0],[653087.859999999,6875705.26,0],[653089.100000001,6875698.46,0],[653089.649999999,6875694.96,0],[653090.130000003,6875692.31,0],[653090.049999997,6875692.28,0],[653081.649999999,6875692.27,0],[653080.530000001,6875692.29,0],[653080.219999999,6875692.29,0],[653077.409999996,6875692.78,0],[653075.079999998,6875693.19,0],[653073.299999997,6875693.39,0],[653072.57,6875693.54,0],[653072.030000001,6875693.64,0],[653070.630000003,6875694.27,0],[653068.030000001,6875695.39,0],[653065.649999999,6875696.34,0],[653065.350000001,6875696.53,0],[653064.789999999,6875696.9,0],[653062.799999997,6875698.31,0],[653060.5,6875699.83,0],[653059.890000001,6875700.17,0],[653058.579999998,6875701.01,0],[653057.600000001,6875701.7,0],[653054.109999999,6875704.07,0],[653050.369999997,6875706.69,0],[653049.950000003,6875706.9,0],[653047.990000002,6875708.19,0],[653046.659999996,6875709.11,0],[653045.689999998,6875709.79,0],[653044.509999998,6875710.5,0],[653042.549999997,6875711.79,0],[653040.310000002,6875713.39,0],[653037.490000002,6875715.23,0],[653034.329999998,6875717.41,0],[653032,6875719.01,0],[653029.969999999,6875720.4,0],[653028.539999999,6875721.65,0],[653027.460000001,6875722.76,0],[653026.82,6875723.41,0],[653023.229999997,6875727.3,0],[653020.210000001,6875730.39,0],[653018.899999999,6875731.83,0],[653014.32,6875736.73,0],[653013.789999999,6875737.22,0],[653011.329999998,6875739.83,0],[653010.729999997,6875740.36,0],[653010.520000003,6875740.54,0],[653010.020000003,6875745.09,0],[653009.799999997,6875746.34,0],[653009.009999998,6875751.98,0],[653008.780000001,6875753.6,0],[653004.490000002,6875752.92,0],[653004.25,6875755.13,0],[653004.090000004,6875755.45,0],[653003.710000001,6875758.8,0],[653002.890000001,6875764.81,0],[653002.609999999,6875766.12,0],[653002.32,6875768.31,0],[653001.670000002,6875772.79,0],[653001.200000003,6875776.11,0],[653001.039999999,6875777.23,0],[652995.18,6875776.32,0],[652995.539999999,6875774.42,0],[652995.859999999,6875773.63,0],[652996.75,6875769.02,0],[652997.640000001,6875764.17,0],[652998,6875763.15,0],[652999.329999998,6875756.26,0],[652999.780000001,6875753.97,0],[653000.009999998,6875753.33,0],[653000.840000004,6875748.93,0],[652998.729999997,6875750.72,0],[652997.25,6875751.94,0],[652994.899999999,6875753.8,0],[652994.390000001,6875754.18,0],[652992.780000001,6875755.5,0],[652990.939999998,6875757.04,0],[652988.079999998,6875759.43,0],[652987.490000002,6875759.82,0],[652985.880000003,6875761.22,0],[652983.789999999,6875762.94,0],[652981.939999998,6875764.5,0],[652980.539999999,6875765.71,0],[652979.200000003,6875766.81,0],[652978.530000001,6875767.26,0],[652977.520000003,6875767.94,0],[652975.289999999,6875769.94,0],[652973.289999999,6875771.55,0],[652972.170000002,6875772.45,0],[652970.340000004,6875773.98,0],[652969.520000003,6875774.62,0],[652967.259999998,6875776.47,0],[652965.200000003,6875778.15,0],[652962.700000003,6875780.33,0],[652960.210000001,6875782.25,0],[652959.700000003,6875782.65,0],[652955.689999998,6875786.53,0],[652954.219999999,6875787.94,0],[652952.939999998,6875789.18,0],[652951.780000001,6875790.14,0],[652949.950000003,6875791.97,0],[652947.579999998,6875794.11,0],[652944.920000002,6875796.54,0],[652943.979999997,6875797.46,0],[652944.450000003,6875800.19,0],[652944.68,6875801.09,0],[652951.810000002,6875800.61,0],[652951.979999997,6875800.59,0],[652956.799999997,6875800.19,0],[652957.350000001,6875800.2,0],[652958.280000001,6875800.19,0],[652964.359999999,6875800.64,0],[652967.539999999,6875800.86,0],[652967.710000001,6875800.88,0],[652971.399999999,6875801.24,0],[652971.850000001,6875801.3,0],[652975.07,6875801.72,0],[652977.399999999,6875802.14,0],[652983.909999996,6875802.96,0],[652989.450000003,6875803.8,0],[652989.560000002,6875803.81,0],[652991.920000002,6875804.01,0],[652996.170000002,6875804.35,0],[652997.210000001,6875804.53,0],[652997.259999998,6875804.53,0],[653001.789999999,6875804.77,0],[653001.869999997,6875804.77,0],[653007.049999997,6875805.21,0],[653013.600000001,6875805.77,0],[653015.210000001,6875805.89,0],[653018.159999996,6875806.12,0],[653023.659999996,6875806.49,0],[653025.810000002,6875806.61,0],[653028.149999999,6875806.75,0],[653033.880000003,6875807.29,0],[653038.890000001,6875807.63,0],[653039.310000002,6875807.75,0],[653039.829999998,6875807.91,0],[653043.789999999,6875808.02,0],[653045.310000002,6875808.1,0],[653048.969999999,6875808.28,0],[653050.450000003,6875808.45,0],[653051.229999997,6875808.49,0],[653053.600000001,6875808.6,0],[653060.189999998,6875808.94,0],[653063.640000001,6875809.19,0],[653069.299999997,6875809.45,0],[653071.509999998,6875809.55,0],[653072.259999998,6875809.67,0],[653077.399999999,6875809.93,0],[653078.93,6875810,0],[653082.18,6875810.19,0],[653085.210000001,6875810.42,0],[653086.159999996,6875810.49,0],[653091.240000002,6875810.65,0],[653091.75,6875810.66,0],[653093.850000001,6875810.86,0],[653096.299999997,6875810.99,0],[653098.020000003,6875811.09,0],[653102.509999998,6875811.25,0],[653102.969999999,6875811.26,0],[653104.140000001,6875811.41,0],[653110.229999997,6875811.8,0],[653111.770000003,6875811.86,0],[653113.729999997,6875811.92,0],[653114.740000002,6875811.95,0],[653115.43,6875812.08,0],[653119.799999997,6875812.36,0],[653122.600000001,6875791.26,0],[653124.100599997,6875780.6901,0],[653124.996299997,6875774.3829,0],[653124.530000001,6875778.21,0],[653124.450000003,6875778.92,0],[653124.32,6875779.91,0],[653124.100599997,6875780.6901,0],[653123.590000004,6875784.63,0],[653122.810000002,6875790.57,0],[653122.600000001,6875791.26,0],[653121.43,6875801.02,0],[653121.25,6875801.59,0],[653120.719999999,6875805.86,0],[653120.100000001,6875810.57,0],[653119.799999997,6875812.36,0],[653121.439999998,6875812.45,0],[653124.560000002,6875812.6,0],[653125.719999999,6875812.66,0],[653125.920000002,6875812.7,0],[653126.32,6875812.81,0],[653131.609999999,6875813.01,0],[653135.219999999,6875813.22,0],[653135.460000001,6875813.23,0],[653136.990000002,6875813.41,0],[653140.200000003,6875813.6,0],[653141.850000001,6875813.69,0],[653145.390000001,6875813.92,0],[653145.619999997,6875813.94,0],[653153.18,6875814.56,0],[653158.159999996,6875814.92,0],[653161.710000001,6875815.21,0],[653161.850000001,6875815.26,0],[653165.420000002,6875816.26,0],[653171.689999998,6875817.96,0],[653176.479999997,6875819.26,0],[653177.109999999,6875819.43,0],[653180.57,6875820.45,0],[653185.710000001,6875821.77,0],[653185.960000001,6875821.84,0],[653189.299999997,6875822.85,0],[653193.310000002,6875823.9,0],[653193.609999999,6875824.04,0],[653196.240000002,6875825.3,0],[653202.649999999,6875828.46,0],[653203.210000001,6875828.66,0],[653206.619999997,6875829.84,0],[653209.82,6875831,0],[653211.200000003,6875831.44,0],[653213.57,6875832.2,0],[653216.899999999,6875833.22,0],[653217.43,6875833.46,0],[653219.439999998,6875834.21,0],[653220.25,6875834.5,0],[653226.899999999,6875836.57,0],[653227.329999998,6875836.77,0],[653232.509999998,6875838.5,0],[653233.210000001,6875832.89,0],[653233.939999998,6875826.44,0],[653234.719999999,6875820.22,0],[653235.259999998,6875815.11,0],[653235.890000001,6875810.85,0],[653236.460000001,6875805.39,0],[653237.100000001,6875800.71,0],[653237.969999999,6875792.39,0],[653238.280000001,6875790.31,0],[653238.719999999,6875785.72,0],[653239.659999996,6875778.82,0],[653240.270000003,6875773.14,0],[653240.810000002,6875769.1,0],[653241.189999998,6875765.59,0],[653241.670000002,6875761.38,0],[653242.270000003,6875756.66,0],[653243.299999997,6875748.08,0],[653244.289999999,6875739.26,0],[653245.119999997,6875731.48,0],[653246,6875724.7,0],[653241.789999999,6875723.9,0],[653241.359999999,6875726.51,0],[653241.159999996,6875727.32,0],[653240.850000001,6875729.21,0],[653240.079999998,6875734.06,0],[653239.68,6875736.59,0],[653239.399999999,6875737.91,0],[653238.409999996,6875743.8,0],[653237.859999999,6875747.53,0],[653237.719999999,6875748.12,0],[653237.130000003,6875752.29,0],[653236.18,6875758.21,0],[653235.850000001,6875759.74,0],[653235.149999999,6875764.4,0],[653234.090000004,6875770.61,0],[653233.159999996,6875776.5,0],[653231.189999998,6875776.13,0],[653227.740000002,6875775.44,0],[653228.5,6875770.22,0],[653228.899999999,6875767.28,0],[653229.920000002,6875760.21,0],[653230.890000001,6875753.71,0],[653231.68,6875747.53,0],[653231.729999997,6875747.26,0],[653232.399999999,6875742.92,0],[653232.969999999,6875738.35,0],[653233.840000004,6875732.52,0],[653234.740000002,6875725.6,0],[653235.310000002,6875722.56,0],[653229.93,6875721.53,0],[653227.450000003,6875720.98,0],[653227.32,6875720.96,0],[653226.859999999,6875724.03,0],[653226.159999996,6875729.36,0],[653225.789999999,6875731.85,0],[653225.57,6875732.92,0],[653225.32,6875734.75,0],[653224.890000001,6875737.66,0],[653224.57,6875740.52,0],[653224.210000001,6875742.49,0],[653223.600000001,6875746.7,0],[653223.189999998,6875749.73,0],[653222.880000003,6875751.82,0],[653222.780000001,6875752.81,0],[653222.619999997,6875753.2,0],[653221.840000004,6875758.71,0],[653221.219999999,6875763.16,0],[653221.07,6875763.66,0],[653220.590000004,6875767.18,0],[653219.890000001,6875772.34,0],[653219.600000001,6875774.2,0],[653218.280000001,6875773.88,0],[653211.869999997,6875772.94,0],[653211.439999998,6875772.88,0],[653209.109999999,6875772.53,0],[653206.630000003,6875772.07,0],[653206.469999999,6875772.04,0],[653201.460000001,6875771.3,0],[653201.68,6875769.78,0],[653202.020000003,6875767.17,0],[653202.32,6875765.66,0],[653203.399999999,6875757.83,0],[653203.979999997,6875754.51,0],[653204,6875754.42,0],[653204.579999998,6875750.32,0],[653204.990000002,6875747.58,0],[653206.100000001,6875740.4,0],[653206.640000001,6875736.57,0],[653206.890000001,6875735.2,0],[653207.270000003,6875732.8,0],[653207.93,6875728.25,0],[653208.509999998,6875724.56,0],[653209.030000001,6875720.83,0],[653209.5,6875717.52,0],[653209.859999999,6875715.02,0],[653210.229999997,6875712.78,0],[653208.979999997,6875712.54,0],[653204.479999997,6875711.76,0],[653199.560000002,6875710.88,0],[653196.140000001,6875710.28,0],[653194.479999997,6875710.01,0],[653191.670000002,6875709.57,0],[653191.469999999,6875709.54,0],[653187.759999998,6875708.79,0],[653181.93,6875707.77,0],[653179.600000001,6875707.39,0],[653178.899999999,6875707.19,0],[653175.990000002,6875706.64,0],[653175.479999997,6875706.59,0],[653172.909999996,6875706.28,0],[653169.82,6875705.94,0],[653164.869999997,6875705.3,0],[653162.990000002,6875705.07,0],[653160.909999996,6875704.8,0],[653160.890000001,6875704.8,0],[653160.609999999,6875706.54,0],[653160.149999999,6875709.3,0],[653159.700000003,6875712.93,0],[653159.259999998,6875716.4,0],[653159.079999998,6875717.27,0],[653158.5,6875721.24,0],[653158.049999997,6875724.37,0],[653157.289999999,6875729.97,0],[653156.590000004,6875735.5,0],[653155.909999996,6875739.66,0],[653155.390000001,6875743.86,0],[653154.57,6875749.45,0],[653153.979999997,6875753.74,0],[653153.549999997,6875757.26,0],[653148.240000002,6875756.55,0],[653148.649999999,6875753.62,0],[653149.18,6875749.46,0],[653149.57,6875746.68,0],[653149.850000001,6875745.71,0],[653150.280000001,6875742.43,0],[653151.009999998,6875736.38,0],[653151.310000002,6875735.16,0],[653151.969999999,6875730.11,0],[653152.520000003,6875725.49,0],[653153.140000001,6875721.8,0],[653153.539999999,6875718.42,0],[653153.659999996,6875717.52,0],[653154.009999998,6875715.03,0],[653154.130000003,6875714.4,0],[653154.469999999,6875711.95,0],[653154.969999999,6875708.06,0],[653155.450000003,6875704.83,0],[653155.619999997,6875703.85,0],[653153.850000001,6875703.56,0],[653150.920000002,6875703.11,0],[653150.479999997,6875703.04,0],[653146.359999999,6875702.31,0],[653142.5,6875701.62,0],[653138.770000003,6875701.04,0],[653135.700000003,6875700.42,0],[653135.329999998,6875700.36,0],[653134.689999998,6875705.51,0],[653134.369999997,6875707.28,0],[653133.780000001,6875711.97,0],[653133.140000001,6875717.11,0],[653132.890000001,6875717.96,0],[653132.479999997,6875721.19,0],[653131.630000003,6875727.36,0],[653131.399999999,6875728.32,0],[653130.520000003,6875734.89,0],[653129.960000001,6875738.56,0],[653129.280000001,6875743.65,0],[653128.590000004,6875748.73,0],[653128.409999996,6875749.35,0],[653127.939999998,6875753.28,0],[653127.68,6875755.48,0]]],[[[653125.729999997,6875769.71,0],[653125.615400001,6875770.0221,0],[653126.315899998,6875765.088,0],[653126.280000001,6875765.36,0],[653126.170000002,6875766.3,0],[653125.729999997,6875769.71,0]]],[[[652848.530000001,6875775.9,0],[652841.439999998,6875772.61,0],[652841.060000002,6875789.44,0],[652840.920000002,6875795.96,0],[652840.600000001,6875806.67,0],[652840.340000004,6875819.85,0],[652840.189999998,6875829.73,0],[652839.899999999,6875838.91,0],[652839.729999997,6875849.64,0],[652839.460000001,6875862.45,0],[652839.420000002,6875865.53,0],[652839.329999998,6875872.46,0],[652840.950000003,6875871.44,0],[652844.18,6875869.15,0],[652847.619999997,6875866.84,0],[652849.420000002,6875865.56,0],[652850.609999999,6875864.72,0],[652852.990000002,6875863.06,0],[652854.200000003,6875862.21,0],[652858.270000003,6875859.45,0],[652861.909999996,6875856.9,0],[652862.25,6875856.66,0],[652866.32,6875853.83,0],[652870.079999998,6875851.1,0],[652873.590000004,6875848.66,0],[652876.759999998,6875846.36,0],[652876.969999999,6875846.2,0],[652880.729999997,6875843.47,0],[652883.789999999,6875841.14,0],[652887.420000002,6875838.59,0],[652887.909999996,6875838.2,0],[652891.780000001,6875835.16,0],[652895.020000003,6875832.66,0],[652898.520000003,6875829.94,0],[652902.009999998,6875827.29,0],[652902.469999999,6875826.94,0],[652908.229999997,6875822.33,0],[652910.5,6875820.46,0],[652910.649999999,6875820.33,0],[652911.369999997,6875819.81,0],[652915.229999997,6875816.36,0],[652917.799999997,6875813.97,0],[652921.82,6875810.46,0],[652925.07,6875807.56,0],[652927.369999997,6875805.4,0],[652926.189999998,6875802.06,0],[652918.82,6875800.27,0],[652912.270000003,6875798.63,0],[652911.560000002,6875798.43,0],[652904.460000001,6875796.38,0],[652903.789999999,6875796.19,0],[652897.289999999,6875794.41,0],[652889.170000002,6875792.18,0],[652889.149999999,6875792.17,0],[652885.659999996,6875790.88,0],[652880.229999997,6875788.92,0],[652880.149999999,6875788.89,0],[652874.310000002,6875786.85,0],[652865.549999997,6875783.6,0],[652864.039999999,6875783.04,0],[652863.469999999,6875782.83,0],[652858.07,6875780.36,0],[652854.649999999,6875778.74,0],[652848.579999998,6875775.92,0],[652848.530000001,6875775.9,0]]],[[[652933.719999999,6875825.87,0],[652933.890000001,6875822.66,0],[652941.899999999,6875823.18,0],[652941.829999998,6875824.38,0],[652941.259999998,6875832.79,0],[652940.32,6875850.47,0],[652939.640000001,6875862.37,0],[652939.109999999,6875871.33,0],[652938.939999998,6875877.82,0],[652946.82,6875878.14,0],[652946.890000001,6875875.85,0],[652946.979999997,6875874.8,0],[652947.520000003,6875867.43,0],[652948.100000001,6875859.21,0],[652949.289999999,6875843.98,0],[652949.579999998,6875839.93,0],[652950,6875834.31,0],[652950.509999998,6875826.84,0],[652964.630000003,6875827.76,0],[652965.07,6875821.37,0],[652965.759999998,6875811.08,0],[652965.950000003,6875808.02,0],[652964.369999997,6875806.92,0],[652958.020000003,6875806.53,0],[652952.060000002,6875806.17,0],[652948.549999997,6875805.95,0],[652945.200000003,6875805.81,0],[652942.899999999,6875805.72,0],[652942.369999997,6875805.71,0],[652936.520000003,6875806.54,0],[652934.560000002,6875806.83,0],[652934.329999998,6875806.86,0],[652928.469999999,6875811.86,0],[652924.219999999,6875815.49,0],[652920.710000001,6875818.45,0],[652917.049999997,6875821.49,0],[652913.659999996,6875824.53,0],[652910.950000003,6875826.84,0],[652910.009999998,6875827.52,0],[652909.840000004,6875833.46,0],[652909.509999998,6875840.7,0],[652908.799999997,6875856.73,0],[652908.609999999,6875860.59,0],[652908.049999997,6875873.34,0],[652907.719999999,6875880.72,0],[652907.68,6875881.49,0],[652907.420000002,6875887.22,0],[652906.469999999,6875910.17,0],[652909.340000004,6875910.25,0],[652924.539999999,6875910.67,0],[652929.439999998,6875910.81,0],[652929.509999998,6875910.81,0],[652930.090000004,6875898.66,0],[652931.259999998,6875876.39,0],[652932.229999997,6875856.09,0],[652932.840000004,6875843.66,0],[652933.719999999,6875825.87,0]]],[[[651504.700000003,6875848.77,0],[651501.950000003,6875846.74,0],[651499.420000002,6875847.44,0],[651491.950000003,6875848.53,0],[651490.960000001,6875848.52,0],[651488.399999999,6875870.44,0],[651487.049999997,6875881.59,0],[651483.729999997,6875909.44,0],[651486.039999999,6875910.38,0],[651489.939999998,6875912.03,0],[651491.549999997,6875912.72,0],[651504.5,6875918.13,0],[651506.560000002,6875918.92,0],[651511.049999997,6875920.62,0],[651511.770000003,6875899.52,0],[651512.020000003,6875894.97,0],[651512.07,6875894,0],[651511.68,6875889.46,0],[651511.090000004,6875882.5,0],[651508.289999999,6875867.27,0],[651504.700000003,6875848.77,0]]],[[[652819.280000001,6875859.89,0],[652819.280000001,6875849.83,0],[652819.259999998,6875845.49,0],[652828.359999999,6875845.55,0],[652838.020000003,6875845.72,0],[652838.210000001,6875837.32,0],[652839.07,6875791.89,0],[652839.420000002,6875773.89,0],[652836.539999999,6875772.45,0],[652825.299999997,6875767.04,0],[652819.780000001,6875764.47,0],[652818.899999999,6875764.27,0],[652818.380000003,6875764.15,0],[652811.799999997,6875763.16,0],[652807.75,6875762.49,0],[652807.409999996,6875761.91,0],[652807.149999999,6875759.92,0],[652801.530000001,6875757.65,0],[652801.450000003,6875757.62,0],[652798.649999999,6875756.43,0],[652794.119999997,6875754.59,0],[652790.619999997,6875753.17,0],[652784.600000001,6875750.61,0],[652783.920000002,6875750.32,0],[652778.600000001,6875747.91,0],[652775.020000003,6875746.32,0],[652771.390000001,6875745.2,0],[652765.380000003,6875743.5,0],[652764.950000003,6875743.39,0],[652760.909999996,6875742.64,0],[652755.280000001,6875741.56,0],[652752.939999998,6875741.11,0],[652745.420000002,6875739.6,0],[652744.159999996,6875739.35,0],[652741.840000004,6875738.77,0],[652737.93,6875737.73,0],[652734.509999998,6875736.82,0],[652729.840000004,6875735.43,0],[652729.630000003,6875735.36,0],[652724.869999997,6875733.54,0],[652722.609999999,6875732.81,0],[652718.649999999,6875732.11,0],[652716.780000001,6875731.77,0],[652715.549999997,6875731.55,0],[652710.880000003,6875730.6,0],[652705.689999998,6875729.66,0],[652701.039999999,6875728.83,0],[652694.32,6875727.73,0],[652693.890000001,6875727.67,0],[652685.979999997,6875726.25,0],[652683.75,6875725.82,0],[652681.219999999,6875725.34,0],[652675.530000001,6875724.09,0],[652673.770000003,6875723.75,0],[652668.43,6875722.73,0],[652663.979999997,6875721.79,0],[652663.880000003,6875721.77,0],[652658.32,6875720.65,0],[652654.630000003,6875719.83,0],[652654.219999999,6875719.74,0],[652655.039999999,6875722.7,0],[652656.25,6875726.53,0],[652659.039999999,6875735.82,0],[652661.280000001,6875743.02,0],[652663.409999996,6875750.1,0],[652663.609999999,6875750.14,0],[652672.350000001,6875751.82,0],[652672.380000003,6875751.93,0],[652682.030000001,6875753.69,0],[652683.759999998,6875759.97,0],[652687.170000002,6875772.4,0],[652690.909999996,6875785.93,0],[652691.460000001,6875788.19,0],[652691.939999998,6875790.17,0],[652681.539999999,6875809.68,0],[652676.039999999,6875819.96,0],[652669.509999998,6875832.21,0],[652668.009999998,6875835.03,0],[652665.280000001,6875840.14,0],[652630.780000001,6875851.86,0],[652629.030000001,6875847.98,0],[652628.18,6875845.93,0],[652624.469999999,6875837.83,0],[652621.590000004,6875831.41,0],[652618.979999997,6875825.59,0],[652616.920000002,6875821.02,0],[652616.100000001,6875821.32,0],[652610.539999999,6875823.3,0],[652603.170000002,6875825.86,0],[652599.590000004,6875827.08,0],[652600.950000003,6875830.16,0],[652601.700000003,6875831.84,0],[652604.229999997,6875837.35,0],[652606.289999999,6875841.84,0],[652607.25,6875843.9,0],[652608.100000001,6875845.72,0],[652610.840000004,6875851.73,0],[652611.68,6875853.78,0],[652612.700000003,6875856.56,0],[652613.579999998,6875858.69,0],[652615.68,6875864.16,0],[652617.979999997,6875870.18,0],[652619.18,6875873.34,0],[652620.68,6875877.24,0],[652623,6875883.3,0],[652626.670000002,6875892.53,0],[652628.979999997,6875898.46,0],[652631.289999999,6875904.1,0],[652632.850000001,6875908.12,0],[652634.170000002,6875911.43,0],[652635.630000003,6875915,0],[652636.939999998,6875918.29,0],[652637.07,6875918.62,0],[652638.369999997,6875921.59,0],[652639.82,6875924.72,0],[652641.450000003,6875928.39,0],[652643.399999999,6875932.63,0],[652645.68,6875937.6,0],[652646.75,6875940.05,0],[652648.490000002,6875943.8,0],[652650.439999998,6875948.15,0],[652651.619999997,6875950.89,0],[652652.869999997,6875953.57,0],[652654.969999999,6875954.52,0],[652660.359999999,6875952.47,0],[652665.060000002,6875950.74,0],[652670.789999999,6875948.58,0],[652679.170000002,6875945.41,0],[652686.090000004,6875942.88,0],[652689.43,6875941.64,0],[652694.619999997,6875939.72,0],[652699.170000002,6875938,0],[652703.18,6875936.44,0],[652707.950000003,6875934.7,0],[652711.659999996,6875933.33,0],[652716.380000003,6875931.53,0],[652720.460000001,6875930.03,0],[652724.109999999,6875928.61,0],[652727.829999998,6875927.2,0],[652728.630000003,6875926.85,0],[652731.159999996,6875925.76,0],[652734.840000004,6875924.11,0],[652739.149999999,6875922.23,0],[652741.82,6875921.02,0],[652742.920000002,6875920.54,0],[652746.020000003,6875919.2,0],[652748.950000003,6875917.82,0],[652749.950000003,6875917.35,0],[652753.840000004,6875915.69,0],[652755.450000003,6875914.96,0],[652757.060000002,6875914.23,0],[652761.780000001,6875912.15,0],[652764.359999999,6875911.01,0],[652766.759999998,6875909.95,0],[652768.359999999,6875909.21,0],[652770.490000002,6875908.23,0],[652773.93,6875906.67,0],[652774.729999997,6875906.31,0],[652778.5,6875904.35,0],[652784,6875901.49,0],[652788.18,6875899.38,0],[652790.200000003,6875898.33,0],[652791.289999999,6875897.76,0],[652795.229999997,6875895.73,0],[652797.840000004,6875894.39,0],[652801.140000001,6875892.66,0],[652806.020000003,6875890.13,0],[652809.479999997,6875888.35,0],[652809.659999996,6875888.27,0],[652811.57,6875887.33,0],[652814.369999997,6875886.03,0],[652814.409999996,6875886.01,0],[652817.439999998,6875884.63,0],[652819.829999998,6875883.48,0],[652819.509999998,6875871.92,0],[652819.380000003,6875865.52,0],[652819.280000001,6875859.89,0]]],[[[651573,6875917.79,0],[651572.509999998,6875908.37,0],[651572.109999999,6875900.46,0],[651571.810000002,6875894.43,0],[651571.359999999,6875885.44,0],[651571.32,6875884.54,0],[651571.100000001,6875878.77,0],[651564.560000002,6875879.54,0],[651565.659999996,6875891.58,0],[651567.810000002,6875912.57,0],[651567.060000002,6875912.68,0],[651565.130000003,6875912.99,0],[651563.32,6875913.28,0],[651556.380000003,6875914.4,0],[651552.390000001,6875886.51,0],[651550.090000004,6875870.41,0],[651543.159999996,6875871.84,0],[651542.359999999,6875869.03,0],[651541.740000002,6875866.33,0],[651541.329999998,6875864.54,0],[651535.280000001,6875866.37,0],[651533.030000001,6875867.06,0],[651527.090000004,6875868.88,0],[651525.329999998,6875863.6,0],[651522.829999998,6875856.55,0],[651521.5,6875852.8,0],[651519.299999997,6875846.65,0],[651517.490000002,6875841.73,0],[651513.509999998,6875843.12,0],[651509.710000001,6875844.47,0],[651507.829999998,6875845.13,0],[651509.460000001,6875854.08,0],[651511.479999997,6875866.23,0],[651513.18,6875876.67,0],[651514.859999999,6875887.11,0],[651516.109999999,6875894.62,0],[651516.259999998,6875896.12,0],[651516.340000004,6875896.85,0],[651516.399999999,6875905.15,0],[651516.390000001,6875909.94,0],[651516.219999999,6875910.92,0],[651514.670000002,6875923.72,0],[651513.560000002,6875932.32,0],[651512.920000002,6875938.32,0],[651512.609999999,6875940.11,0],[651512.090000004,6875943.64,0],[651511.869999997,6875945.41,0],[651511.850000001,6875947.3,0],[651512.280000001,6875949.56,0],[651512.960000001,6875951.25,0],[651513.509999998,6875951.97,0],[651513.810000002,6875952.08,0],[651514.200000003,6875952.24,0],[651525.109999999,6875953.61,0],[651528.57,6875954.1,0],[651537.770000003,6875955.44,0],[651542.57,6875956.05,0],[651549.93,6875957.03,0],[651551.299999997,6875957.24,0],[651561.259999998,6875958.77,0],[651562.950000003,6875959.01,0],[651576.189999998,6875960.88,0],[651582.579999998,6875961.83,0],[651583.409999996,6875961.96,0],[651596.299999997,6875963.9,0],[651608.210000001,6875965.75,0],[651606.509999998,6875960.74,0],[651606.520000003,6875960.47,0],[651606.630000003,6875959.29,0],[651607.700000003,6875947,0],[651607.890000001,6875945.38,0],[651608.969999999,6875936.37,0],[651583.479999997,6875930.54,0],[651583.759999998,6875919.91,0],[651573,6875917.79,0]]],[[[651694.509999998,6875927.73,0],[651692.859999999,6875925.08,0],[651682.18,6875927.03,0],[651664.159999996,6875930.27,0],[651649.170000002,6875933,0],[651624.740000002,6875937.4,0],[651609.93,6875940.16,0],[651609.020000003,6875951.36,0],[651608.380000003,6875961.02,0],[651609.950000003,6875965.91,0],[651618.659999996,6875966.88,0],[651620.549999997,6875967.09,0],[651623.399999999,6875966.8,0],[651628.119999997,6875966.45,0],[651632.619999997,6875966.06,0],[651643.340000004,6875965.12,0],[651666.240000002,6875963.29,0],[651687.259999998,6875961.62,0],[651712,6875959.49,0],[651709.829999998,6875954.82,0],[651706.640000001,6875948.21,0],[651704.960000001,6875944.84,0],[651702.759999998,6875941.31,0],[651701.090000004,6875938.68,0],[651698.909999996,6875934.98,0],[651694.509999998,6875927.73,0]]],[[[653214.079999998,6875836.23,0],[653211.619999997,6875871.77,0],[653210.189999998,6875892.21,0],[653208.969999999,6875908.95,0],[653207.82,6875925.25,0],[653206.899999999,6875938.77,0],[653206.366400003,6875945.7646,0],[653214.079999998,6875836.23,0],[653208.640000001,6875834.31,0],[653203.240000002,6875832.45,0],[653203.090000004,6875832.39,0],[653195.289999999,6875829.57,0],[653193.310000002,6875828.85,0],[653186.770000003,6875826.61,0],[653186.530000001,6875826.53,0],[653179.600000001,6875824.27,0],[653179.560000002,6875824.26,0],[653173.039999999,6875822.4,0],[653173.009999998,6875822.39,0],[653166.170000002,6875820.97,0],[653162.25,6875820.23,0],[653161.689999998,6875820.12,0],[653157.75,6875819.75,0],[653155.399999999,6875819.56,0],[653151.909999996,6875820.08,0],[653151.090000004,6875820.19,0],[653146.25,6875820.96,0],[653146.280000001,6875818.44,0],[653141.25,6875818.15,0],[653130.93,6875817.6,0],[653118.82,6875816.9,0],[653113.229999997,6875816.64,0],[653104.43,6875816.14,0],[653097.409999996,6875815.73,0],[653078.780000001,6875814.71,0],[653065.869999997,6875813.91,0],[653059.210000001,6875813.61,0],[653046.210000001,6875812.82,0],[653039.539999999,6875812.47,0],[653028.859999999,6875811.92,0],[653017.340000004,6875811.2,0],[653010.369999997,6875810.79,0],[652996.25,6875809.98,0],[652989.159999996,6875809.63,0],[652978.479999997,6875808.98,0],[652973.090000004,6875808.65,0],[652969.219999999,6875808.37,0],[652969.020000003,6875809.93,0],[652967.899999999,6875828.11,0],[652966.880000003,6875845.06,0],[652965.659999996,6875864.88,0],[652964.759999998,6875879.45,0],[652964.009999998,6875890.85,0],[652967.719999999,6875890.93,0],[652967.520000003,6875893.38,0],[652967.130000003,6875898.98,0],[652967.109999999,6875899.17,0],[652963.469999999,6875899.19,0],[652962.460000001,6875904.26,0],[652961.57,6875909.1,0],[652960.75,6875913.61,0],[652960.240000002,6875916.36,0],[652960.07,6875917.33,0],[652959,6875924.11,0],[652961.880000003,6875924.1,0],[652965.039999999,6875924.02,0],[652968.899999999,6875923.93,0],[652979.579999998,6875923.73,0],[652991.25,6875923.49,0],[652998.719999999,6875923.32,0],[653011.039999999,6875923.09,0],[653019.119999997,6875922.97,0],[653020.18,6875922.95,0],[653027.049999997,6875922.85,0],[653043.729999997,6875922.7,0],[653060.810000002,6875922.59,0],[653077.700000003,6875922.39,0],[653080.700000003,6875922.37,0],[653080.799999997,6875915.95,0],[653094.460000001,6875916.16,0],[653109.420000002,6875916.39,0],[653133.289999999,6875916.77,0],[653141.520000003,6875916.98,0],[653141.219999999,6875922.47,0],[653144.380000003,6875922.91,0],[653147.009999998,6875923.2,0],[653148.740000002,6875923.39,0],[653154.890000001,6875924.03,0],[653156.18,6875924.18,0],[653162.520000003,6875924.95,0],[653167.100000001,6875925.45,0],[653168.359999999,6875925.59,0],[653169.850000001,6875925.75,0],[653172.140000001,6875926,0],[653175.329999998,6875926.34,0],[653175.770000003,6875917.73,0],[653176.369999997,6875901.23,0],[653176.439999998,6875899.16,0],[653177.159999996,6875882.85,0],[653177.939999998,6875863.32,0],[653178.240000002,6875856.3,0],[653185.43,6875856.62,0],[653185.030000001,6875864.92,0],[653184.619999997,6875874.74,0],[653184.170000002,6875882.44,0],[653183.280000001,6875901.32,0],[653183.270000003,6875901.52,0],[653182.359999999,6875920.16,0],[653182.009999998,6875927.13,0],[653181.609999999,6875935.34,0],[653180.549999997,6875955.98,0],[653180.210000001,6875963.27,0],[653181.649999999,6875963.3,0],[653186.520000003,6875963.73,0],[653187.979999997,6875963.85,0],[653196.109999999,6875964.5,0],[653197.259999998,6875964.6,0],[653204.990000002,6875965.31,0],[653205.824000001,6875953.4663,0],[653205.460000001,6875959.62,0],[653204.990000002,6875965.31,0],[653211.130000003,6875965.88,0],[653223.850000001,6875966.97,0],[653228.369999997,6875967.36,0],[653235.479999997,6875967.99,0],[653241.740000002,6875968.6,0],[653242.32,6875961.01,0],[653243.380000003,6875949.31,0],[653244.359999999,6875937.67,0],[653250.75,6875938.31,0],[653249.950000003,6875947,0],[653248.909999996,6875956.94,0],[653248.130000003,6875964.43,0],[653247.68,6875969.14,0],[653253.119999997,6875969.62,0],[653257.310000002,6875969.98,0],[653258.280000001,6875970.06,0],[653267.619999997,6875970.92,0],[653269.609999999,6875971.11,0],[653275.549999997,6875971.69,0],[653281.780000001,6875972.29,0],[653285.409999996,6875972.59,0],[653292.840000004,6875973.23,0],[653292.950000003,6875973.24,0],[653299.93,6875973.84,0],[653300.310000002,6875973.87,0],[653315.060000002,6875975.8,0],[653316.520000003,6875975.98,0],[653317.859999999,6875969.53,0],[653320.049999997,6875959.57,0],[653322.490000002,6875948.25,0],[653322.899999999,6875946.35,0],[653323.939999998,6875941.49,0],[653325.590000004,6875933.75,0],[653329.140000001,6875917.33,0],[653329.229999997,6875917.06,0],[653329.850000001,6875913.89,0],[653330.68,6875910.32,0],[653331.490000002,6875906.8,0],[653332.5,6875901.91,0],[653332.979999997,6875899.62,0],[653334.700000003,6875891.86,0],[653351.149999999,6875896.18,0],[653360.399999999,6875898.56,0],[653364.939999998,6875899.77,0],[653365.579999998,6875897.35,0],[653368.399999999,6875886.57,0],[653370.119999997,6875880.06,0],[653372.090000004,6875875.93,0],[653374.109999999,6875867.64,0],[653375.600000001,6875861.98,0],[653375.729999997,6875861.53,0],[653377.590000004,6875854.4,0],[653378.32,6875851.45,0],[653378.859999999,6875849.35,0],[653376.340000004,6875848.64,0],[653369.780000001,6875847.13,0],[653363.93,6875845.66,0],[653360.32,6875844.87,0],[653355.549999997,6875843.67,0],[653350.990000002,6875842.59,0],[653346.960000001,6875841.68,0],[653346.200000003,6875841.41,0],[653338.759999998,6875839.68,0],[653332.93,6875838.21,0],[653329.340000004,6875837.43,0],[653326.399999999,6875836.7,0],[653320.159999996,6875835.26,0],[653316.840000004,6875834.45,0],[653316.32,6875834.31,0],[653308.409999996,6875832.44,0],[653303.939999998,6875831.31,0],[653296.920000002,6875829.66,0],[653292.880000003,6875828.65,0],[653292.189999998,6875828.47,0],[653290.82,6875828.18,0],[653287.520000003,6875827.49,0],[653285.140000001,6875826.81,0],[653279.390000001,6875825.47,0],[653273.659999996,6875824.07,0],[653267.159999996,6875822.52,0],[653265,6875821.96,0],[653259.920000002,6875820.71,0],[653253.770000003,6875819.23,0],[653245.670000002,6875817.26,0],[653242.420000002,6875816.5,0],[653236.520000003,6875815.09,0],[653236.5,6875815.32,0],[653235.710000001,6875821.87,0],[653235.310000002,6875824.99,0],[653235,6875827.34,0],[653234.18,6875834.79,0],[653233.670000002,6875838.84,0],[653233.609999999,6875840.54,0],[653233.649999999,6875842.25,0],[653222.939999998,6875838.97,0],[653214.079999998,6875836.23,0]]],[[[652571.579999998,6875970.77,0],[652577.409999996,6875968.44,0],[652582.509999998,6875979.7,0],[652589.460000001,6875977.06,0],[652599.289999999,6875973.37,0],[652604.530000001,6875971.34,0],[652618.149999999,6875966.17,0],[652626.119999997,6875963.14,0],[652634.25,6875959.99,0],[652640.950000003,6875957.55,0],[652642.439999998,6875956.93,0],[652639.340000004,6875949.35,0],[652638.009999998,6875945.91,0],[652637.18,6875943.85,0],[652636.780000001,6875942.86,0],[652634.670000002,6875937.63,0],[652633.770000003,6875935.4,0],[652632.299999997,6875931.75,0],[652629.840000004,6875925.65,0],[652628.530000001,6875922.45,0],[652627.07,6875918.68,0],[652626.560000002,6875917.46,0],[652626.079999998,6875916.32,0],[652624.880000003,6875913.3,0],[652623.119999997,6875908.88,0],[652622.259999998,6875906.64,0],[652621.189999998,6875904.1,0],[652620.119999997,6875901.51,0],[652617.850000001,6875895.95,0],[652616.469999999,6875892.43,0],[652615.289999999,6875889.64,0],[652615.25,6875889.54,0],[652614.289999999,6875886.97,0],[652611.380000003,6875879.8,0],[652610.090000004,6875876.57,0],[652608.450000003,6875872.46,0],[652607.43,6875869.99,0],[652605.630000003,6875865.54,0],[652604.990000002,6875863.99,0],[652602.590000004,6875858.12,0],[652602.170000002,6875857.06,0],[652599.899999999,6875851.29,0],[652599.659999996,6875850.66,0],[652596.380000003,6875842.53,0],[652595.539999999,6875840.4,0],[652593.640000001,6875835.64,0],[652593.219999999,6875834.62,0],[652592.810000002,6875833.66,0],[652591.450000003,6875829.94,0],[652591.390000001,6875829.78,0],[652590.159999996,6875827.16,0],[652588.200000003,6875823.11,0],[652587.039999999,6875820.7,0],[652585.299999997,6875817.14,0],[652583.490000002,6875813.41,0],[652583.090000004,6875812.59,0],[652580.890000001,6875807.9,0],[652579.399999999,6875804.73,0],[652576.82,6875799.53,0],[652575.979999997,6875797.84,0],[652573.68,6875793.44,0],[652573.240000002,6875792.56,0],[652571.329999998,6875788.74,0],[652570.340000004,6875786.82,0],[652570.25,6875786.66,0],[652569.350000001,6875785.02,0],[652568.93,6875783.85,0],[652567.439999998,6875781.08,0],[652567.359999999,6875780.93,0],[652566.259999998,6875778.64,0],[652564.32,6875774.81,0],[652564.049999997,6875774.27,0],[652562.920000002,6875772.02,0],[652560.159999996,6875766.53,0],[652557.509999998,6875761.29,0],[652555.490000002,6875757.3,0],[652553.810000002,6875753.98,0],[652551.020000003,6875748.44,0],[652548.07,6875742.64,0],[652546.229999997,6875739.05,0],[652545.920000002,6875738.45,0],[652542.170000002,6875731.36,0],[652540.539999999,6875727.98,0],[652535.810000002,6875718.79,0],[652535.170000002,6875717.6,0],[652534.409999996,6875716.19,0],[652531.68,6875711.41,0],[652530.670000002,6875709.76,0],[652529.890000001,6875708.49,0],[652526.960000001,6875703.45,0],[652526.740000002,6875703.1,0],[652523.950000003,6875698.26,0],[652522.280000001,6875695.35,0],[652516.159999996,6875699.72,0],[652509.060000002,6875704.79,0],[652505.5,6875707.34,0],[652502.380000003,6875709.51,0],[652499.659999996,6875711.44,0],[652498.93,6875711.97,0],[652503.25,6875718.64,0],[652483.899999999,6875731.47,0],[652477.759999998,6875735.55,0],[652471.329999998,6875739.79,0],[652466.5,6875743.07,0],[652462.219999999,6875745.97,0],[652455.369999997,6875750.63,0],[652454.259999998,6875751.37,0],[652448.130000003,6875755.52,0],[652442.079999998,6875759.72,0],[652433.049999997,6875765.83,0],[652430.130000003,6875767.8,0],[652431,6875770.17,0],[652434.030000001,6875778.14,0],[652436,6875783.48,0],[652437.020000003,6875786.21,0],[652440.140000001,6875794.54,0],[652443.210000001,6875802.6,0],[652445.350000001,6875808.37,0],[652446.18,6875810.53,0],[652448.18,6875815.75,0],[652448.840000004,6875817.48,0],[652450.340000004,6875821.55,0],[652452.549999997,6875827.57,0],[652454.700000003,6875833.21,0],[652455.640000001,6875835.65,0],[652456.909999996,6875839.05,0],[652458.060000002,6875842.09,0],[652458.920000002,6875844.37,0],[652459.93,6875847.03,0],[652462.939999998,6875854.89,0],[652463.280000001,6875855.78,0],[652468.07,6875853.33,0],[652475.479999997,6875849.65,0],[652488.049999997,6875843.44,0],[652489.460000001,6875842.74,0],[652490.039999999,6875842.44,0],[652492.369999997,6875841.34,0],[652495.210000001,6875839.91,0],[652497.189999998,6875838.91,0],[652499.210000001,6875837.88,0],[652503.740000002,6875835.65,0],[652503.969999999,6875835.55,0],[652508.140000001,6875843.65,0],[652506.770000003,6875844.34,0],[652500.759999998,6875847.34,0],[652493.140000001,6875851,0],[652490.25,6875852.42,0],[652484.649999999,6875855.21,0],[652478,6875858.46,0],[652473.460000001,6875860.7,0],[652468.460000001,6875863.13,0],[652466.450000003,6875864.27,0],[652467.659999996,6875867.44,0],[652468.25,6875869.08,0],[652473.119999997,6875866.73,0],[652483.090000004,6875861.84,0],[652490.869999997,6875858.01,0],[652504.810000002,6875851.12,0],[652514.479999997,6875846.4,0],[652522.75,6875842.32,0],[652523.960000001,6875844.94,0],[652525.07,6875847.02,0],[652523.600000001,6875847.73,0],[652519.579999998,6875849.74,0],[652511.780000001,6875853.55,0],[652507.840000004,6875855.57,0],[652496.689999998,6875861.02,0],[652492.229999997,6875863.31,0],[652484.18,6875867.26,0],[652474.649999999,6875872,0],[652470.159999996,6875874.23,0],[652471.219999999,6875877.08,0],[652472.049999997,6875879.22,0],[652472.149999999,6875879.48,0],[652473.979999997,6875884.39,0],[652474.670000002,6875885.98,0],[652478.18,6875884.3,0],[652479.93,6875883.44,0],[652482.630000003,6875882.12,0],[652486.030000001,6875880.48,0],[652489.439999998,6875878.91,0],[652494.729999997,6875876.34,0],[652498.640000001,6875874.47,0],[652500.880000003,6875873.37,0],[652507.009999998,6875870.47,0],[652509.950000003,6875869.14,0],[652513.329999998,6875867.46,0],[652514.439999998,6875866.9,0],[652519.479999997,6875864.44,0],[652522.770000003,6875862.96,0],[652526.049999997,6875861.27,0],[652528.890000001,6875860.02,0],[652532.759999998,6875858.16,0],[652537.299999997,6875856.03,0],[652543.340000004,6875853.11,0],[652545.960000001,6875851.83,0],[652549.049999997,6875850.37,0],[652552.390000001,6875848.7,0],[652554.490000002,6875853.21,0],[652553.579999998,6875853.65,0],[652541.090000004,6875859.69,0],[652534.659999996,6875862.81,0],[652523.789999999,6875868,0],[652515.609999999,6875871.94,0],[652510.420000002,6875874.42,0],[652502.229999997,6875878.36,0],[652486.640000001,6875885.77,0],[652476.689999998,6875890.61,0],[652478.740000002,6875895.22,0],[652479.170000002,6875896.19,0],[652481.43,6875901.26,0],[652483.960000001,6875906.9,0],[652487.600000001,6875905.2,0],[652492.090000004,6875903.06,0],[652497.770000003,6875900.35,0],[652504.380000003,6875897.12,0],[652509.100000001,6875894.86,0],[652514.049999997,6875892.44,0],[652520,6875889.69,0],[652524.840000004,6875887.29,0],[652526.630000003,6875886.43,0],[652530.509999998,6875884.62,0],[652533.399999999,6875883.2,0],[652536.829999998,6875881.51,0],[652541.100000001,6875879.51,0],[652543.759999998,6875885.05,0],[652546.710000001,6875891.2,0],[652544.939999998,6875892.03,0],[652537.039999999,6875895.62,0],[652532.609999999,6875897.75,0],[652528.359999999,6875899.69,0],[652524.609999999,6875901.46,0],[652520.399999999,6875903.33,0],[652515.740000002,6875905.5,0],[652511.719999999,6875907.38,0],[652506,6875910.03,0],[652503.109999999,6875911.33,0],[652499.119999997,6875913.24,0],[652494.710000001,6875915.23,0],[652490.920000002,6875917.01,0],[652488.939999998,6875917.92,0],[652490.969999999,6875922.43,0],[652491.340000004,6875923.22,0],[652493.32,6875927.62,0],[652494.280000001,6875929.71,0],[652495.549999997,6875932.5,0],[652496.990000002,6875935.68,0],[652499.170000002,6875940.44,0],[652499.229999997,6875940.57,0],[652502.009999998,6875946.57,0],[652504.600000001,6875952.46,0],[652501.799999997,6875953.67,0],[652498.619999997,6875954.89,0],[652499.170000002,6875956.16,0],[652503.630000003,6875966.92,0],[652504.18,6875968.28,0],[652508,6875977.57,0],[652512.270000003,6875987.76,0],[652514.890000001,6875994.1,0],[652521.539999999,6875991.33,0],[652530.630000003,6875987.68,0],[652538.329999998,6875984.41,0],[652547.539999999,6875980.7,0],[652555.780000001,6875977.24,0],[652562.670000002,6875974.42,0],[652571.579999998,6875970.77,0]]],[[[653576.159999996,6875976.04,0],[653585.009999998,6875975.6,0],[653593.240000002,6875975.99,0],[653595.700000003,6875976.1,0],[653626.219999999,6875977.55,0],[653626.880000003,6875977.58,0],[653626.020000003,6875975.7,0],[653624.07,6875971.35,0],[653622.899999999,6875968.65,0],[653619.780000001,6875962.86,0],[653617.460000001,6875956.58,0],[653615.859999999,6875952.49,0],[653615.490000002,6875951.25,0],[653613.280000001,6875945.5,0],[653610.43,6875938.24,0],[653609.659999996,6875936.29,0],[653608.420000002,6875933.18,0],[653606.469999999,6875928.79,0],[653604.539999999,6875923.98,0],[653602.810000002,6875919.82,0],[653599.740000002,6875912.63,0],[653597.43,6875906.95,0],[653595.590000004,6875902.63,0],[653595.43,6875902.22,0],[653592.710000001,6875901.57,0],[653587.520000003,6875900.19,0],[653581.640000001,6875898.74,0],[653578.490000002,6875897.92,0],[653573.619999997,6875896.65,0],[653571.469999999,6875896.12,0],[653570.240000002,6875901.44,0],[653569.600000001,6875904.63,0],[653568.659999996,6875909.29,0],[653567.329999998,6875915.37,0],[653560.280000001,6875913.36,0],[653550.439999998,6875910.54,0],[653538.93,6875907.27,0],[653528.469999999,6875904.33,0],[653519.880000003,6875901.86,0],[653513.969999999,6875900.28,0],[653510.259999998,6875899.19,0],[653503.859999999,6875897.45,0],[653499.909999996,6875896.26,0],[653492.450000003,6875894.23,0],[653491.020000003,6875893.71,0],[653483.049999997,6875891.58,0],[653475.469999999,6875889.45,0],[653470.909999996,6875888.08,0],[653464.82,6875886.4,0],[653459.140000001,6875884.83,0],[653458.43,6875884.64,0],[653452.200000003,6875882.97,0],[653445.890000001,6875881.17,0],[653442.630000003,6875880.26,0],[653440.880000003,6875879.68,0],[653432.649999999,6875877.42,0],[653431.530000001,6875877.03,0],[653427.32,6875875.85,0],[653422.390000001,6875874.54,0],[653421.859999999,6875874.31,0],[653415.140000001,6875872.49,0],[653410.310000002,6875871.09,0],[653405.090000004,6875869.62,0],[653404.990000002,6875869.94,0],[653403.07,6875877.1,0],[653401.799999997,6875881.71,0],[653401.200000003,6875883.74,0],[653400.759999998,6875888.01,0],[653400.729999997,6875888.36,0],[653399.710000001,6875891.37,0],[653398.689999998,6875894.4,0],[653398.399999999,6875895.26,0],[653397.310000002,6875898.86,0],[653396.939999998,6875900.27,0],[653396.460000001,6875902.15,0],[653394.920000002,6875908.13,0],[653394.090000004,6875911.46,0],[653393.909999996,6875912.09,0],[653393.43,6875913.88,0],[653392.439999998,6875918.14,0],[653391.859999999,6875920.39,0],[653395.969999999,6875921.39,0],[653406.630000003,6875924.2,0],[653410.170000002,6875925.13,0],[653417.420000002,6875927.03,0],[653425.420000002,6875929.12,0],[653431.25,6875930.65,0],[653436.909999996,6875932.12,0],[653445.479999997,6875934.33,0],[653451.030000001,6875935.8,0],[653456.210000001,6875937.17,0],[653450.950000003,6875945.45,0],[653446.619999997,6875952.23,0],[653444.009999998,6875956.37,0],[653442.189999998,6875959.24,0],[653438.640000001,6875964.92,0],[653436.619999997,6875968.01,0],[653439.380000003,6875968.9,0],[653442.649999999,6875970.02,0],[653445.710000001,6875971.07,0],[653447.899999999,6875971.8,0],[653450.369999997,6875972.62,0],[653452.950000003,6875973.49,0],[653451.520000003,6875977.61,0],[653452,6875977.77,0],[653460.82,6875980.79,0],[653472.840000004,6875984.82,0],[653481.350000001,6875987.68,0],[653484.93,6875988.88,0],[653491.700000003,6875991.17,0],[653492.259999998,6875991.43,0],[653488.68,6875996.92,0],[653492.109999999,6875998.01,0],[653492.899999999,6875998.25,0],[653494.130000003,6875996.53,0],[653496.710000001,6875992.82,0],[653500.460000001,6875987.43,0],[653502.729999997,6875984.05,0],[653504.740000002,6875981.26,0],[653507.549999997,6875977.23,0],[653513.170000002,6875969.21,0],[653514.549999997,6875967.33,0],[653515.579999998,6875965.8,0],[653520.369999997,6875969.15,0],[653519.009999998,6875971.12,0],[653512.990000002,6875979.78,0],[653510.829999998,6875983.1,0],[653507.359999999,6875988.15,0],[653504.149999999,6875992.85,0],[653499.32,6876000.23,0],[653503.07,6876001.53,0],[653504.579999998,6876002.06,0],[653504.770000003,6876002.13,0],[653505.670000002,6876002.45,0],[653511.890000001,6875995.64,0],[653518.420000002,6875992.24,0],[653531.270000003,6875985.55,0],[653537.350000001,6875983.08,0],[653551.710000001,6875977.27,0],[653576.159999996,6875976.04,0]]],[[[651503.770000003,6875966.2,0],[651505.119999997,6875960.2,0],[651506.270000003,6875953.74,0],[651507.490000002,6875945.74,0],[651510.090000004,6875929.15,0],[651510.979999997,6875922.37,0],[651505.740000002,6875920.34,0],[651501.200000003,6875918.55,0],[651486.509999998,6875912.88,0],[651485.649999999,6875912.52,0],[651481.649999999,6875936.65,0],[651480.890000001,6875941.19,0],[651475.780000001,6875972.88,0],[651471.210000001,6876001.69,0],[651477.159999996,6876003.17,0],[651483.299999997,6875962.08,0],[651490.32,6875963.5,0],[651497.859999999,6875964.98,0],[651495.359999999,6875980.23,0],[651494.539999999,6875985.09,0],[651493.57,6875990.71,0],[651490.869999997,6876006.55,0],[651494.310000002,6876007.42,0],[651496.899999999,6876008.06,0],[651498.5,6875995.43,0],[651499.43,6875987.97,0],[651499.649999999,6875985.92,0],[651499.689999998,6875985.56,0],[651500.289999999,6875982.97,0],[651501.979999997,6875975.12,0],[651503.770000003,6875966.2,0]]],[[[651671.200000003,6875986.45,0],[651678.380000003,6875986.03,0],[651679.57,6875997.14,0],[651678.659999996,6875997.31,0],[651679.079999998,6876001.95,0],[651680.200000003,6876001.68,0],[651684.939999998,6876000.75,0],[651694.32,6875999.02,0],[651702.850000001,6875997.41,0],[651705.780000001,6875996.81,0],[651710.859999999,6875995.83,0],[651717.450000003,6875994.61,0],[651719.5,6875994.23,0],[651727.049999997,6875992.82,0],[651726.619999997,6875991.85,0],[651725.18,6875988.64,0],[651722.890000001,6875983.52,0],[651718,6875972.74,0],[651677.5,6875978.01,0],[651677.18,6875974.95,0],[651677.07,6875973.82,0],[651676.909999996,6875972.03,0],[651680.710000001,6875971.47,0],[651689.810000002,6875970.2,0],[651699.810000002,6875968.93,0],[651711.890000001,6875967.36,0],[651715.340000004,6875966.95,0],[651712.460000001,6875960.81,0],[651704.75,6875961.51,0],[651694.93,6875962.33,0],[651678.799999997,6875963.72,0],[651665.920000002,6875964.78,0],[651664.530000001,6875964.87,0],[651654.079999998,6875965.65,0],[651642,6875966.62,0],[651626.729999997,6875967.94,0],[651624.380000003,6875968.14,0],[651621.020000003,6875968.4,0],[651619.289999999,6875968.53,0],[651612.670000002,6875967.75,0],[651612.68,6875978.05,0],[651612.93,6876001.85,0],[651613.100000001,6876021.28,0],[651613.200000003,6876023.73,0],[651620.350000001,6876022.11,0],[651621.07,6876021.89,0],[651628.600000001,6876019.51,0],[651628.469999999,6876016.22,0],[651628.079999998,6876006.19,0],[651627.939999998,6876002.61,0],[651627.890000001,6876001.13,0],[651627.490000002,6875990.89,0],[651627.439999998,6875989.18,0],[651633.240000002,6875988.8,0],[651642.93,6875988.21,0],[651649.460000001,6875987.79,0],[651657.189999998,6875987.34,0],[651664.75,6875986.88,0],[651671.200000003,6875986.45,0]]],[[[652354.240000002,6876007.34,0],[652353.359999999,6876001.08,0],[652352,6876001.23,0],[652348.979999997,6876001.58,0],[652347.960000001,6875994.47,0],[652351.659999996,6875994.14,0],[652362.149999999,6875993,0],[652364.130000003,6875992.84,0],[652365.609999999,6875992.58,0],[652359.130000003,6875987.32,0],[652355.009999998,6875984.01,0],[652352.5,6875982,0],[652347.710000001,6875978.08,0],[652345.280000001,6875976.1,0],[652341.5,6875973,0],[652337.75,6875969.95,0],[652335.100000001,6875967.78,0],[652330.049999997,6875963.63,0],[652327.130000003,6875961.27,0],[652323.82,6875958.59,0],[652314.479999997,6875950.89,0],[652310.490000002,6875947.62,0],[652303.780000001,6875942.1,0],[652296.920000002,6875936.68,0],[652287.539999999,6875929.04,0],[652286.289999999,6875928.02,0],[652274.390000001,6875918.33,0],[652261.130000003,6875907.6,0],[652261.039999999,6875907.88,0],[652257.82,6875920.42,0],[652254.170000002,6875934.14,0],[652253.990000002,6875934.83,0],[652250.990000002,6875946.13,0],[652247.719999999,6875958.63,0],[652247.450000003,6875959.65,0],[652243.979999997,6875973.28,0],[652243.759999998,6875974.08,0],[652240.509999998,6875986.4,0],[652239.840000004,6875989.03,0],[652238.490000002,6875994.4,0],[652238.280000001,6875995.24,0],[652236.859999999,6876000.46,0],[652236.82,6876000.63,0],[652236.369999997,6876003.31,0],[652235.020000003,6876014.72,0],[652234.890000001,6876015.8,0],[652233.939999998,6876024.11,0],[652233.609999999,6876026.37,0],[652233.659999996,6876026.43,0],[652235.729999997,6876026.22,0],[652243.439999998,6876025.47,0],[652251.090000004,6876024.67,0],[652262.390000001,6876023.73,0],[652267.479999997,6876023.15,0],[652276.630000003,6876022.28,0],[652286,6876021.35,0],[652293.530000001,6876020.63,0],[652306.899999999,6876019.34,0],[652319.600000001,6876018.16,0],[652329.950000003,6876017.13,0],[652341.899999999,6876015.97,0],[652346.170000002,6876015.54,0],[652351.659999996,6876014.99,0],[652355.18,6876014.64,0],[652354.240000002,6876007.34,0]]],[[[651591.079999998,6876027.68,0],[651591.359999999,6876013.96,0],[651591.780000001,6875997.63,0],[651598.939999998,6875997.52,0],[651598.689999998,6876005.6,0],[651598.030000001,6876026.98,0],[651605.240000002,6876026.22,0],[651612.079999998,6876025.49,0],[651611.969999999,6876025.34,0],[651611.850000001,6876014.41,0],[651611.539999999,6875995.53,0],[651611.25,6875973.85,0],[651611.159999996,6875967.36,0],[651608.659999996,6875967.06,0],[651606.219999999,6875966.67,0],[651605.149999999,6875966.5,0],[651599.859999999,6875965.7,0],[651599.359999999,6875965.63,0],[651591.990000002,6875964.47,0],[651587.049999997,6875963.72,0],[651586.240000002,6875963.6,0],[651581.659999996,6875962.97,0],[651577.240000002,6875962.37,0],[651573.670000002,6875961.9,0],[651573.079999998,6875961.83,0],[651567.670000002,6875961.09,0],[651560.850000001,6875960.06,0],[651560.469999999,6875960.01,0],[651552.140000001,6875958.71,0],[651547.759999998,6875958.19,0],[651537.700000003,6875956.98,0],[651535.539999999,6875956.68,0],[651528.710000001,6875955.75,0],[651523.969999999,6875955.01,0],[651521.369999997,6875954.89,0],[651521.07,6875954.87,0],[651511.479999997,6875954.16,0],[651509.25,6875962.04,0],[651506.479999997,6875971.89,0],[651504.950000003,6875977.31,0],[651503.5,6875982.57,0],[651503.030000001,6875984.28,0],[651503,6875984.48,0],[651502.829999998,6875985.8,0],[651501.490000002,6875995.95,0],[651500.619999997,6876001.77,0],[651500.560000002,6876002.61,0],[651500.409999996,6876004.79,0],[651500.210000001,6876010.03,0],[651500.130000003,6876012.68,0],[651500.07,6876016.67,0],[651505.82,6876016.18,0],[651506.960000001,6876016.09,0],[651515.770000003,6876015.44,0],[651518.619999997,6876015.23,0],[651527.640000001,6876014.58,0],[651527.590000004,6876015.94,0],[651527.560000002,6876016.47,0],[651527.170000002,6876023.42,0],[651527.869999997,6876023.35,0],[651545.299999997,6876021.41,0],[651565.770000003,6876019.25,0],[651569.920000002,6876018.84,0],[651569.460000001,6876023.93,0],[651568.93,6876029.88,0],[651569.990000002,6876029.82,0],[651574.659999996,6876029.41,0],[651577.369999997,6876029.12,0],[651583.270000003,6876028.48,0],[651585.939999998,6876028.19,0],[651591.079999998,6876027.68,0]]],[[[652227.200000003,6876037.44,0],[652229.009999998,6876019.11,0],[652229.5,6876015.88,0],[652229.82,6876013.82,0],[652230.32,6876010.49,0],[652231.57,6876003.42,0],[652233.039999999,6875994.26,0],[652233.100000001,6875994.04,0],[652233.700000003,6875991.71,0],[652235.719999999,6875983.51,0],[652236.609999999,6875980.1,0],[652238.840000004,6875971.46,0],[652239.240000002,6875970,0],[652240.299999997,6875966.14,0],[652241.759999998,6875960.9,0],[652242.469999999,6875958.27,0],[652244.259999998,6875951.81,0],[652245.960000001,6875944.98,0],[652248.659999996,6875934.15,0],[652250.579999998,6875926.38,0],[652251.799999997,6875921.39,0],[652255.43,6875907.25,0],[652256.030000001,6875904.94,0],[652256.5,6875903.05,0],[652256.030000001,6875902.61,0],[652250.799999997,6875898.27,0],[652241.369999997,6875890.5,0],[652237.950000003,6875887.57,0],[652234.090000004,6875884.43,0],[652225.509999998,6875885.43,0],[652206.289999999,6875887.71,0],[652204.409999996,6875887.87,0],[652204.770000003,6875891.77,0],[652206.049999997,6875903.95,0],[652204.979999997,6875904.05,0],[652204.149999999,6875904.13,0],[652204.259999998,6875905.27,0],[652204.880000003,6875911.57,0],[652205.219999999,6875915.11,0],[652206.549999997,6875930.2,0],[652207.57,6875930.15,0],[652207.649999999,6875931,0],[652208.700000003,6875930.94,0],[652208.789999999,6875931.53,0],[652208.82,6875931.77,0],[652209.560000002,6875936.75,0],[652209.700000003,6875937.78,0],[652210.509999998,6875942.76,0],[652178.020000003,6875947.53,0],[652179.009999998,6875954.12,0],[652179.630000003,6875959.38,0],[652179.75,6875960.37,0],[652180.530000001,6875966.92,0],[652181.350000001,6875973.5,0],[652180.170000002,6875973.67,0],[652180.259999998,6875976.26,0],[652180.859999999,6876002,0],[652181.079999998,6876006.24,0],[652167.159999996,6876007.29,0],[652167.549999997,6876017.76,0],[652168.210000001,6876029.48,0],[652168.399999999,6876033.17,0],[652182.490000002,6876032.3,0],[652181.950000003,6876023.41,0],[652197.170000002,6876023.28,0],[652197.25,6876025.44,0],[652197.439999998,6876029.55,0],[652207.850000001,6876029.32,0],[652208.100000001,6876041.75,0],[652208.130000003,6876043.68,0],[652208.25,6876053.55,0],[652208.490000002,6876066.33,0],[652208.490000002,6876066.92,0],[652208.649999999,6876076.74,0],[652208.770000003,6876085,0],[652208.789999999,6876086.46,0],[652208.850000001,6876091.31,0],[652216.469999999,6876090.94,0],[652217.130000003,6876090.9,0],[652220.289999999,6876087.61,0],[652222.289999999,6876068.83,0],[652222.469999999,6876067.02,0],[652224.979999997,6876043.06,0],[652226.600000001,6876043,0],[652227.200000003,6876037.44,0]]],[[[652792.719999999,6876040.21,0],[652794.759999998,6876037.86,0],[652787.280000001,6876031.44,0],[652784.369999997,6876034.4,0],[652780.210000001,6876038.55,0],[652778.640000001,6876040.16,0],[652774.450000003,6876034.95,0],[652774.329999998,6876034.81,0],[652771.549999997,6876031.25,0],[652771.420000002,6876031.08,0],[652769.479999997,6876028.23,0],[652769.100000001,6876028.49,0],[652764.670000002,6876022.13,0],[652767.909999996,6876019.96,0],[652768.289999999,6876019.71,0],[652764.18,6876013.71,0],[652763.399999999,6876014.22,0],[652756.950000003,6876006.32,0],[652760.460000001,6876004.29,0],[652766.390000001,6876001.03,0],[652770.840000004,6875998.54,0],[652774.950000003,6875996.21,0],[652778.939999998,6875994.02,0],[652783.729999997,6875991.29,0],[652788.619999997,6875988.52,0],[652794.890000001,6875984.96,0],[652798.630000003,6875982.84,0],[652800.859999999,6875981.56,0],[652800.270000003,6875979.13,0],[652798.780000001,6875972.37,0],[652798.329999998,6875970.34,0],[652797.140000001,6875964.98,0],[652796.140000001,6875960.54,0],[652795,6875955.58,0],[652787.539999999,6875959.19,0],[652781.899999999,6875961.83,0],[652776.189999998,6875964.56,0],[652770.729999997,6875967.15,0],[652768.07,6875968.46,0],[652765.170000002,6875969.82,0],[652762.119999997,6875963.19,0],[652760.689999998,6875959.95,0],[652762.380000003,6875959.2,0],[652774.380000003,6875953.67,0],[652783.920000002,6875949.29,0],[652792.619999997,6875945.26,0],[652791.82,6875941.76,0],[652791.240000002,6875939.07,0],[652790.899999999,6875937.49,0],[652789.560000002,6875931.7,0],[652789.509999998,6875931.45,0],[652787.619999997,6875923.33,0],[652785.75,6875914.88,0],[652780.689999998,6875917.07,0],[652775.159999996,6875919.55,0],[652769.969999999,6875921.82,0],[652765.229999997,6875923.87,0],[652760.229999997,6875926.11,0],[652753.399999999,6875929.05,0],[652747.82,6875931.5,0],[652741.659999996,6875934.2,0],[652735.939999998,6875936.69,0],[652731,6875938.8,0],[652726.170000002,6875940.94,0],[652722.640000001,6875942.48,0],[652724.420000002,6875946.75,0],[652717.649999999,6875949.7,0],[652711.07,6875952.44,0],[652705.93,6875954.58,0],[652702.509999998,6875955.97,0],[652702.149999999,6875956.11,0],[652690.479999997,6875961.1,0],[652686.18,6875962.85,0],[652683.659999996,6875963.9,0],[652681.390000001,6875957.97,0],[652678.329999998,6875950.41,0],[652677.890000001,6875950.57,0],[652674.770000003,6875951.76,0],[652667.560000002,6875954.4,0],[652664.07,6875955.75,0],[652658.619999997,6875957.72,0],[652655.280000001,6875959.05,0],[652658.340000004,6875964.97,0],[652660.899999999,6875969.78,0],[652662.359999999,6875972.75,0],[652662.450000003,6875972.92,0],[652666.600000001,6875979.82,0],[652670.700000003,6875986.53,0],[652673.100000001,6875990.49,0],[652673.140000001,6875990.56,0],[652677.920000002,6875997.52,0],[652678.049999997,6875997.71,0],[652682.219999999,6876003.83,0],[652684.890000001,6876007.64,0],[652685.32,6876008.25,0],[652686.119999997,6876009.28,0],[652688.409999996,6876012.17,0],[652689.520000003,6876013.58,0],[652691.640000001,6876016.26,0],[652693.170000002,6876018.22,0],[652697.200000003,6876023.39,0],[652698.479999997,6876025.01,0],[652700.579999998,6876027.66,0],[652702.509999998,6876030.16,0],[652702.700000003,6876030.41,0],[652705.710000001,6876034.29,0],[652709.710000001,6876039.92,0],[652711.689999998,6876042.57,0],[652712.560000002,6876043.76,0],[652714.350000001,6876046.32,0],[652715.579999998,6876048.1,0],[652719.350000001,6876053.18,0],[652720,6876054.07,0],[652722.880000003,6876058.75,0],[652723.719999999,6876060.06,0],[652724.07,6876060.61,0],[652726.57,6876064.28,0],[652727.270000003,6876065.36,0],[652730.380000003,6876070.14,0],[652730.5,6876070.33,0],[652733.060000002,6876074.37,0],[652737.630000003,6876081.43,0],[652737.75,6876081.63,0],[652745.039999999,6876093.74,0],[652745.729999997,6876094.93,0],[652750.049999997,6876102.44,0],[652754.18,6876109.68,0],[652758.240000002,6876116.67,0],[652759.039999999,6876118.05,0],[652762.810000002,6876124.55,0],[652763.520000003,6876125.76,0],[652764.229999997,6876127.01,0],[652766.909999996,6876131.67,0],[652767.850000001,6876133.25,0],[652769.670000002,6876136.28,0],[652772.850000001,6876135.99,0],[652774.899999999,6876133.3,0],[652777.82,6876129.45,0],[652781.5,6876124.7,0],[652783.740000002,6876121.82,0],[652780.68,6876119.78,0],[652781.140000001,6876119.11,0],[652782.619999997,6876115.77,0],[652788.520000003,6876101.15,0],[652781.369999997,6876098.13,0],[652779.840000004,6876097.48,0],[652781.75,6876093.56,0],[652779.780000001,6876092.29,0],[652777.850000001,6876091.04,0],[652771.329999998,6876086.85,0],[652770.619999997,6876086.37,0],[652774.600000001,6876080.85,0],[652775.130000003,6876080.13,0],[652778.729999997,6876075.17,0],[652780.799999997,6876072.37,0],[652782.649999999,6876069.76,0],[652784.93,6876066.54,0],[652789.009999998,6876060.78,0],[652780.170000002,6876054.83,0],[652781.060000002,6876053.81,0],[652783.240000002,6876051.19,0],[652785.969999999,6876048.08,0],[652789.329999998,6876044.18,0],[652792.719999999,6876040.21,0]]],[[[652820.880000003,6876185.25,0],[652828.450000003,6876185,0],[652828.920000002,6876185,0],[652828.890000001,6876178.81,0],[652828.880000003,6876175.21,0],[652828.890000001,6876171.22,0],[652828.93,6876161.23,0],[652830.75,6876161.23,0],[652830.729999997,6876159.52,0],[652830.799999997,6876157.07,0],[652830.890000001,6876154.74,0],[652830.909999996,6876153.82,0],[652830.939999998,6876152.88,0],[652830.979999997,6876151.61,0],[652825.609999999,6876150.02,0],[652819.719999999,6876144.04,0],[652814.32,6876138.64,0],[652814.18,6876138.64,0],[652810.310000002,6876138.66,0],[652807.649999999,6876138.67,0],[652795.359999999,6876138.91,0],[652793.109999999,6876138.96,0],[652784.649999999,6876139.15,0],[652779.43,6876139.19,0],[652777.039999999,6876142.03,0],[652774.780000001,6876144.7,0],[652774.689999998,6876144.78,0],[652778.039999999,6876150.72,0],[652779.299999997,6876153.09,0],[652783.170000002,6876160.37,0],[652783.539999999,6876161.06,0],[652788.560000002,6876170.07,0],[652789.020000003,6876171.06,0],[652790.969999999,6876175.24,0],[652793.710000001,6876181.08,0],[652794.219999999,6876182.15,0],[652795.310000002,6876182.16,0],[652798.200000003,6876184.11,0],[652804.229999997,6876184.51,0],[652811.469999999,6876184.92,0],[652814.82,6876185.2,0],[652820.780000001,6876185.25,0],[652820.880000003,6876185.25,0]]],[[[652729.159999996,6876086.78,0],[652728.960000001,6876086.43,0],[652724.340000004,6876079.17,0],[652723.810000002,6876078.35,0],[652719.149999999,6876071.48,0],[652719.119999997,6876071.44,0],[652712.399999999,6876061.69,0],[652710.450000003,6876058.87,0],[652710.210000001,6876058.56,0],[652707.509999998,6876055.11,0],[652706.090000004,6876053.14,0],[652705.539999999,6876052.38,0],[652701.740000002,6876047.31,0],[652698.549999997,6876042.97,0],[652696.689999998,6876040.43,0],[652690.93,6876033.06,0],[652690,6876031.87,0],[652684.909999996,6876025.35,0],[652684.850000001,6876025.27,0],[652680.469999999,6876019.15,0],[652680.369999997,6876018.98,0],[652679.539999999,6876017.62,0],[652675.460000001,6876011.63,0],[652672.75,6876007.66,0],[652671.270000003,6876005.53,0],[652670.259999998,6876004.08,0],[652667.25,6875999.63,0],[652667.189999998,6875999.55,0],[652662.549999997,6875992.46,0],[652658.740000002,6875985.94,0],[652658.289999999,6875985.16,0],[652654.600000001,6875978.72,0],[652654.189999998,6875978,0],[652651.600000001,6875973.52,0],[652649.43,6875969.76,0],[652644.920000002,6875962.11,0],[652638.600000001,6875964.35,0],[652633.740000002,6875966.22,0],[652625.310000002,6875969.09,0],[652618.090000004,6875971.68,0],[652620.479999997,6875977.68,0],[652593.130000003,6875987.77,0],[652594.619999997,6875991.21,0],[652595.899999999,6875994.24,0],[652593.210000001,6875995.24,0],[652590.729999997,6875996.14,0],[652585.859999999,6875997.91,0],[652575.689999998,6876001.73,0],[652570.049999997,6876003.84,0],[652564.950000003,6876005.75,0],[652562.960000001,6876001.27,0],[652559.950000003,6875994.05,0],[652550.990000002,6875997.71,0],[652546.149999999,6875999.78,0],[652537.659999996,6876004.22,0],[652532.200000003,6876007.17,0],[652531.740000002,6876007.54,0],[652529.640000001,6876009.29,0],[652522.789999999,6876015.61,0],[652520.539999999,6876017.7,0],[652510.68,6876026.75,0],[652499,6876037.5,0],[652494.399999999,6876041.94,0],[652492.479999997,6876043.8,0],[652487.829999998,6876047.94,0],[652482.979999997,6876052.6,0],[652479.920000002,6876055.35,0],[652482.600000001,6876056.15,0],[652484.75,6876061.57,0],[652489.399999999,6876073.41,0],[652491.07,6876074.85,0],[652497.579999998,6876080.07,0],[652511.799999997,6876090.82,0],[652513.439999998,6876092.06,0],[652526.210000001,6876101.84,0],[652535.969999999,6876109.2,0],[652540.07,6876111.52,0],[652547.149999999,6876115.41,0],[652554.299999997,6876119.34,0],[652570.640000001,6876128.42,0],[652582.969999999,6876135.41,0],[652595.950000003,6876142.5,0],[652597.090000004,6876143.29,0],[652595.700000003,6876138.59,0],[652595.490000002,6876137.9,0],[652594.009999998,6876132.91,0],[652592.640000001,6876128.41,0],[652590.829999998,6876122.19,0],[652587.990000002,6876112.79,0],[652584.979999997,6876102.6,0],[652589.340000004,6876101.07,0],[652601.520000003,6876096.75,0],[652603.630000003,6876096.01,0],[652605.380000003,6876095.38,0],[652610.219999999,6876093.67,0],[652615.609999999,6876091.78,0],[652624.560000002,6876088.65,0],[652630.789999999,6876086.47,0],[652632.350000001,6876092.15,0],[652634.229999997,6876099.38,0],[652634.390000001,6876100.01,0],[652635.859999999,6876106.1,0],[652635.890000001,6876106.24,0],[652637.390000001,6876111.95,0],[652637.640000001,6876112.89,0],[652639.25,6876119.04,0],[652639.539999999,6876120.15,0],[652641.140000001,6876126.84,0],[652641.200000003,6876127.03,0],[652641.659999996,6876128.44,0],[652642.909999996,6876133.34,0],[652643,6876133.68,0],[652644.219999999,6876138.22,0],[652644.630000003,6876140.12,0],[652644.75,6876140.69,0],[652646.82,6876149.89,0],[652648.600000001,6876158.26,0],[652648.909999996,6876159.73,0],[652648.969999999,6876160.04,0],[652649.140000001,6876160.82,0],[652650.359999999,6876166.46,0],[652650.469999999,6876166.96,0],[652650.799999997,6876168.52,0],[652649.189999998,6876169.05,0],[652640.369999997,6876172.29,0],[652638.710000001,6876172.95,0],[652644.25,6876177.49,0],[652652.259999998,6876184.11,0],[652654.729999997,6876186.11,0],[652656.939999998,6876187.91,0],[652662.689999998,6876192.44,0],[652664.670000002,6876194.11,0],[652664.770000003,6876194.19,0],[652669.200000003,6876196.62,0],[652671.859999999,6876197.86,0],[652673.299999997,6876198.35,0],[652674.649999999,6876198.81,0],[652677.640000001,6876199.46,0],[652681.130000003,6876199.97,0],[652684.329999998,6876200.08,0],[652685.369999997,6876200.07,0],[652686.840000004,6876200.03,0],[652693.57,6876199.62,0],[652699.43,6876199.36,0],[652712.880000003,6876198.76,0],[652719.289999999,6876198.49,0],[652721.280000001,6876195.49,0],[652724.600000001,6876190.59,0],[652725.210000001,6876189.7,0],[652726.93,6876187.16,0],[652728.289999999,6876185.28,0],[652730.829999998,6876181.49,0],[652733.82,6876177.16,0],[652734.060000002,6876176.82,0],[652736.990000002,6876172.55,0],[652742.689999998,6876164.16,0],[652743.159999996,6876163.51,0],[652745.049999997,6876160.87,0],[652749.740000002,6876153.8,0],[652753.590000004,6876148.4,0],[652757.170000002,6876143.28,0],[652759.5,6876139.95,0],[652757.359999999,6876136.05,0],[652756.969999999,6876135.34,0],[652756.810000002,6876135.06,0],[652753.289999999,6876128.9,0],[652752.700000003,6876127.87,0],[652751.289999999,6876125.4,0],[652747.700000003,6876119.21,0],[652744.729999997,6876113.91,0],[652744.009999998,6876112.63,0],[652741.100000001,6876107.65,0],[652738.270000003,6876102.73,0],[652738.109999999,6876102.45,0],[652737.68,6876101.68,0],[652735.060000002,6876096.98,0],[652733.200000003,6876093.81,0],[652731.710000001,6876091.26,0],[652729.159999996,6876086.78,0]]],[[[652567.740000002,6876051.32,0],[652566.240000002,6876047.55,0],[652564.979999997,6876044.36,0],[652559.829999998,6876046.2,0],[652552.43,6876048.81,0],[652548.07,6876050.41,0],[652545.689999998,6876043.71,0],[652545.140000001,6876042.25,0],[652543.759999998,6876038.56,0],[652542.659999996,6876035.52,0],[652542.25,6876034.4,0],[652540.130000003,6876029.07,0],[652548.240000002,6876026.06,0],[652552.57,6876024.43,0],[652557.140000001,6876022.72,0],[652561.240000002,6876021.16,0],[652565.200000003,6876019.7,0],[652571.079999998,6876017.51,0],[652576.539999999,6876015.54,0],[652583.479999997,6876012.91,0],[652592.509999998,6876009.61,0],[652595.329999998,6876008.5,0],[652600.149999999,6876014.89,0],[652605.140000001,6876021.59,0],[652608.670000002,6876028.61,0],[652605.420000002,6876029.81,0],[652602.630000003,6876030.83,0],[652596.479999997,6876033,0],[652589.009999998,6876035.74,0],[652583.170000002,6876037.85,0],[652582.920000002,6876037.95,0],[652584.590000004,6876042.28,0],[652585.710000001,6876044.79,0],[652584.810000002,6876045.11,0],[652579.299999997,6876047.17,0],[652574.060000002,6876048.94,0],[652568.549999997,6876051,0],[652567.740000002,6876051.32,0]]],[[[652763.979999997,6876148.57,0],[652762.68,6876146.19,0],[652758.380000003,6876152.37,0],[652755.289999999,6876156.99,0],[652749.469999999,6876165.67,0],[652746.920000002,6876169.31,0],[652743.07,6876174.93,0],[652736.789999999,6876184.11,0],[652732.329999998,6876190.59,0],[652729.700000003,6876194.65,0],[652738.219999999,6876196.52,0],[652744.780000001,6876197.79,0],[652758.409999996,6876200.68,0],[652767.270000003,6876202.53,0],[652773.649999999,6876203.88,0],[652783.399999999,6876205.93,0],[652792.780000001,6876207.81,0],[652792.799999997,6876207.15,0],[652792.25,6876205.35,0],[652790.409999996,6876199.66,0],[652789.340000004,6876195.9,0],[652787.310000002,6876191.14,0],[652786.329999998,6876188.93,0],[652785.390000001,6876186.89,0],[652784.710000001,6876185.59,0],[652784.200000003,6876184.21,0],[652782.909999996,6876181.76,0],[652779.020000003,6876175.12,0],[652775.759999998,6876169.42,0],[652771.549999997,6876161.95,0],[652768.32,6876156.11,0],[652765.979999997,6876152,0],[652763.979999997,6876148.57,0]]],[[[652809.270000003,6876190.87,0],[652797.740000002,6876190.15,0],[652798.020000003,6876190.93,0],[652800.270000003,6876196.85,0],[652801.43,6876201.2,0],[652803.130000003,6876207.24,0],[652803.32,6876207.9,0],[652804.200000003,6876211.37,0],[652804.329999998,6876211.54,0],[652808.399999999,6876211.1,0],[652809.869999997,6876210.94,0],[652819.920000002,6876209.9,0],[652825.950000003,6876209.18,0],[652825.590000004,6876205.52,0],[652825.130000003,6876200.82,0],[652824.450000003,6876193.31,0],[652824.340000004,6876191.86,0],[652817.539999999,6876191.36,0],[652809.270000003,6876190.87,0]]],[[[652270.969999999,6876211.77,0],[652267.340000004,6876207.48,0],[652263.829999998,6876207.62,0],[652263.600000001,6876202.92,0],[652262.939999998,6876194.58,0],[652262.729999997,6876192,0],[652264.219999999,6876191.93,0],[652264,6876185.54,0],[652263.950000003,6876184.65,0],[652269.960000001,6876184.52,0],[652270.729999997,6876184.52,0],[652270.520000003,6876175.59,0],[652278.460000001,6876175.52,0],[652288.25,6876175.31,0],[652288.039999999,6876168.64,0],[652280.340000004,6876168.86,0],[652280.170000002,6876160.88,0],[652283.670000002,6876160.83,0],[652287.329999998,6876160.72,0],[652287.130000003,6876152.04,0],[652267.700000003,6876152.41,0],[652261.090000004,6876152.49,0],[652261.020000003,6876140.63,0],[652264.119999997,6876140.59,0],[652271.890000001,6876140.45,0],[652280.100000001,6876140.29,0],[652280.469999999,6876140.29,0],[652295.100000001,6876140.15,0],[652298.240000002,6876140.12,0],[652306.090000004,6876140.05,0],[652307.890000001,6876140.03,0],[652313.799999997,6876139.98,0],[652314.18,6876139.98,0],[652318.710000001,6876139.96,0],[652321.25,6876139.94,0],[652321.100000001,6876133.49,0],[652321.130000003,6876131.19,0],[652320.280000001,6876128.99,0],[652320.149999999,6876128.75,0],[652314.049999997,6876128.75,0],[652313.560000002,6876128.75,0],[652305.950000003,6876128.85,0],[652303.729999997,6876128.88,0],[652292.020000003,6876129.03,0],[652276.259999998,6876129.27,0],[652275.450000003,6876129.27,0],[652275.579999998,6876119.25,0],[652266.899999999,6876119.35,0],[652266.689999998,6876105.25,0],[652261.729999997,6876100.53,0],[652264.810000002,6876100.39,0],[652277.630000003,6876099.96,0],[652288.719999999,6876099.52,0],[652296.140000001,6876099.32,0],[652295.479999997,6876098.57,0],[652272.810000002,6876098.74,0],[652261.960000001,6876093.95,0],[652254.670000002,6876094.38,0],[652254.640000001,6876093.18,0],[652254.479999997,6876085.83,0],[652257.210000001,6876085.73,0],[652257.649999999,6876085.72,0],[652269,6876085.31,0],[652273.899999999,6876085.13,0],[652283.5,6876084.75,0],[652282.960000001,6876084.11,0],[652277.399999999,6876078.33,0],[652275.340000004,6876076.13,0],[652275.18,6876075.98,0],[652274.490000002,6876075.23,0],[652273.509999998,6876074.18,0],[652272.810000002,6876073.44,0],[652271.670000002,6876072.3,0],[652270.770000003,6876071.1,0],[652269.990000002,6876070.21,0],[652267.219999999,6876067.04,0],[652267.200000003,6876067.02,0],[652267.079999998,6876066.88,0],[652263.390000001,6876062.61,0],[652257.640000001,6876056.02,0],[652257.520000003,6876055.88,0],[652253.259999998,6876050.97,0],[652252.57,6876050.17,0],[652247.159999996,6876044.02,0],[652246.57,6876043.33,0],[652242.890000001,6876039.19,0],[652239.560000002,6876035.3,0],[652236.450000003,6876031.66,0],[652235.829999998,6876030.93,0],[652233.399999999,6876028.02,0],[652232.969999999,6876030.99,0],[652232.890000001,6876031.62,0],[652232.549999997,6876036.05,0],[652232.049999997,6876042.55,0],[652231.890000001,6876044.94,0],[652231.729999997,6876047.31,0],[652231.270000003,6876053,0],[652231.240000002,6876053.2,0],[652231.159999996,6876054.01,0],[652230.770000003,6876055.59,0],[652230.170000002,6876058.65,0],[652229.759999998,6876060.71,0],[652228.310000002,6876067.85,0],[652228.280000001,6876068,0],[652227.219999999,6876073.07,0],[652227.090000004,6876074.53,0],[652226.890000001,6876076.87,0],[652226.640000001,6876079.4,0],[652227.409999996,6876079.39,0],[652227.039999999,6876084.39,0],[652226.810000002,6876086.86,0],[652226.520000003,6876089.96,0],[652226.32,6876093.98,0],[652226.289999999,6876094.55,0],[652226.159999996,6876097.24,0],[652225.950000003,6876101.59,0],[652225.93,6876101.9,0],[652226.649999999,6876101.87,0],[652226.409999996,6876107.53,0],[652226.32,6876109.68,0],[652225.729999997,6876119.98,0],[652225.469999999,6876124.67,0],[652224.869999997,6876135.55,0],[652224.859999999,6876135.71,0],[652224.479999997,6876141.02,0],[652224.450000003,6876141.38,0],[652224.359999999,6876147.01,0],[652224.359999999,6876153.13,0],[652224.359999999,6876158.9,0],[652224.420000002,6876165.94,0],[652224.759999998,6876173.63,0],[652224.939999998,6876176.09,0],[652225.43,6876182.95,0],[652225.539999999,6876184.11,0],[652226.399999999,6876193.23,0],[652226.439999998,6876193.68,0],[652227.310000002,6876202.21,0],[652228.140000001,6876209.84,0],[652230.219999999,6876209.69,0],[652230.329999998,6876210.99,0],[652231.670000002,6876220.75,0],[652231.68,6876220.8,0],[652232.759999998,6876228.92,0],[652232.93,6876230.54,0],[652233.170000002,6876232.79,0],[652234.590000004,6876243.4,0],[652235.609999999,6876251.63,0],[652235.740000002,6876252.4,0],[652240.509999998,6876253.54,0],[652244.189999998,6876248.72,0],[652250.909999996,6876240.15,0],[652256.490000002,6876232.9,0],[652259.170000002,6876229.47,0],[652260.340000004,6876228.06,0],[652261.469999999,6876227.21,0],[652261.520000003,6876227.18,0],[652264.509999998,6876224.69,0],[652268.149999999,6876221.66,0],[652271.789999999,6876218.71,0],[652274.740000002,6876216.27,0],[652272.460000001,6876213.52,0],[652270.969999999,6876211.77,0]]],[[[652218.43,6876172.69,0],[652218.020000003,6876169.88,0],[652218.07,6876164.11,0],[652218.270000003,6876158.56,0],[652218.390000001,6876155.36,0],[652218.549999997,6876150.93,0],[652218.840000004,6876142.94,0],[652218.939999998,6876139.36,0],[652219.020000003,6876136.09,0],[652219.609999999,6876113.3,0],[652219.719999999,6876112.14,0],[652218.469999999,6876112.13,0],[652217.969999999,6876112.14,0],[652219.130000003,6876099.96,0],[652216.469999999,6876095.72,0],[652208.149999999,6876096.17,0],[652191.869999997,6876096.93,0],[652188.539999999,6876097.14,0],[652188.899999999,6876112.13,0],[652188.299999997,6876112.13,0],[652169.43,6876112.24,0],[652168.509999998,6876131.18,0],[652168.380000003,6876135.36,0],[652170.100000001,6876135.51,0],[652169.140000001,6876146.64,0],[652172.859999999,6876147.04,0],[652178.049999997,6876147.44,0],[652177.560000002,6876152.31,0],[652177.329999998,6876154.5,0],[652177.100000001,6876156.8,0],[652175.399999999,6876171.91,0],[652167.920000002,6876171.12,0],[652159.390000001,6876170.25,0],[652158.609999999,6876178.35,0],[652160.479999997,6876178.63,0],[652167.82,6876179.78,0],[652172.770000003,6876180.43,0],[652179.350000001,6876181.48,0],[652180.310000002,6876181.56,0],[652179.829999998,6876185.82,0],[652179.609999999,6876187.82,0],[652179.200000003,6876191.42,0],[652183.149999999,6876191.91,0],[652192.399999999,6876193.09,0],[652192.07,6876195.71,0],[652191.460000001,6876201.58,0],[652191.329999998,6876202.83,0],[652190.289999999,6876211.68,0],[652189.899999999,6876214.94,0],[652196.299999997,6876215.43,0],[652200.770000003,6876215.88,0],[652202.689999998,6876216.07,0],[652202.119999997,6876223.35,0],[652201.450000003,6876231.77,0],[652201.32,6876233.42,0],[652201.18,6876234.85,0],[652201.090000004,6876235.88,0],[652200.479999997,6876242.11,0],[652200.280000001,6876244.27,0],[652199.729999997,6876250.28,0],[652199.079999998,6876257.26,0],[652202.630000003,6876258.7,0],[652204.539999999,6876259.48,0],[652218.079999998,6876265.02,0],[652223.439999998,6876267.07,0],[652227.380000003,6876268.58,0],[652228.880000003,6876263.84,0],[652229,6876262.84,0],[652228.560000002,6876258.91,0],[652228.530000001,6876258.65,0],[652228.149999999,6876255.27,0],[652227.780000001,6876252.02,0],[652227.450000003,6876249.57,0],[652226.549999997,6876242.91,0],[652224.829999998,6876230.08,0],[652223.640000001,6876219.65,0],[652223.530000001,6876218.15,0],[652223.189999998,6876212.98,0],[652222.5,6876204.87,0],[652222.210000001,6876201.37,0],[652222.119999997,6876200.38,0],[652221.710000001,6876195.7,0],[652221.530000001,6876194.53,0],[652220.859999999,6876190.14,0],[652220.210000001,6876184.87,0],[652220.039999999,6876183.46,0],[652219.079999998,6876177.81,0],[652218.899999999,6876176.36,0],[652218.43,6876172.69,0]]],[[[652396.549999997,6876258.71,0],[652406.200000003,6876255.86,0],[652406.670000002,6876257.74,0],[652410.689999998,6876256.77,0],[652418.079999998,6876254.95,0],[652421.649999999,6876254.07,0],[652423.590000004,6876253.6,0],[652426.030000001,6876253.02,0],[652426.439999998,6876252.92,0],[652427.670000002,6876250.6,0],[652427.490000002,6876249.95,0],[652427.289999999,6876249.21,0],[652428.490000002,6876248.9,0],[652432.350000001,6876247.9,0],[652440.979999997,6876245.71,0],[652445.899999999,6876244.52,0],[652446.079999998,6876244.48,0],[652447.159999996,6876244.23,0],[652450.369999997,6876243.49,0],[652450.82,6876244.96,0],[652454,6876243.88,0],[652455.450000003,6876243.45,0],[652458.799999997,6876242.47,0],[652459.439999998,6876242.27,0],[652470.289999999,6876239.01,0],[652474.130000003,6876237.85,0],[652484.82,6876234.67,0],[652485.780000001,6876234.37,0],[652490.210000001,6876233.01,0],[652498.619999997,6876230.49,0],[652501.079999998,6876229.75,0],[652507.759999998,6876227.63,0],[652510.390000001,6876226.83,0],[652513.969999999,6876225.72,0],[652521.159999996,6876223.51,0],[652521.909999996,6876223.29,0],[652529.25,6876220.23,0],[652541.640000001,6876215.11,0],[652544.229999997,6876213.36,0],[652545.799999997,6876210.46,0],[652545.869999997,6876206.3,0],[652544.020000003,6876200.62,0],[652540.880000003,6876189.93,0],[652539.640000001,6876188.96,0],[652536.950000003,6876180.86,0],[652534.420000002,6876173.32,0],[652533.979999997,6876172,0],[652529.509999998,6876158.33,0],[652526.579999998,6876149.14,0],[652524.899999999,6876143.9,0],[652522.229999997,6876135.86,0],[652521.420000002,6876134.85,0],[652520.5,6876133.35,0],[652516.530000001,6876128.19,0],[652512.549999997,6876124.27,0],[652477.25,6876095.06,0],[652474.75,6876098.21,0],[652471.950000003,6876101.58,0],[652471.329999998,6876102.08,0],[652471.950000003,6876104.5,0],[652472.189999998,6876105.21,0],[652475.619999997,6876115.84,0],[652476.530000001,6876118.68,0],[652479.450000003,6876128.13,0],[652482.189999998,6876137.08,0],[652483.68,6876141.76,0],[652486.719999999,6876151.25,0],[652486.869999997,6876151.74,0],[652489.659999996,6876160.71,0],[652492.149999999,6876168.75,0],[652496.189999998,6876182.1,0],[652496.340000004,6876182.56,0],[652486.289999999,6876186.12,0],[652491.549999997,6876200.97,0],[652489.100000001,6876204.19,0],[652488.490000002,6876202.46,0],[652487.740000002,6876200.33,0],[652485.439999998,6876193.85,0],[652480.840000004,6876181.02,0],[652480.799999997,6876180.91,0],[652476.93,6876170.34,0],[652473.609999999,6876160.91,0],[652466.380000003,6876163.49,0],[652465.539999999,6876163.79,0],[652459.600000001,6876165.87,0],[652454.950000003,6876167.51,0],[652447.840000004,6876170.01,0],[652443.869999997,6876171.34,0],[652444.670000002,6876173.41,0],[652445.799999997,6876176.27,0],[652447.859999999,6876181.69,0],[652451.159999996,6876190.24,0],[652442.210000001,6876190.69,0],[652438.130000003,6876190.91,0],[652435.630000003,6876191.03,0],[652430.780000001,6876191.2,0],[652428.030000001,6876191.29,0],[652424.009999998,6876191.47,0],[652423.75,6876191.47,0],[652413.549999997,6876191.89,0],[652410.039999999,6876192.06,0],[652406.649999999,6876192.22,0],[652402.310000002,6876192.38,0],[652395.189999998,6876192.63,0],[652382.229999997,6876193.23,0],[652377.719999999,6876193.4,0],[652378.030000001,6876204.04,0],[652393.060000002,6876203.03,0],[652397.880000003,6876202.85,0],[652398.75,6876208.36,0],[652398.979999997,6876209.77,0],[652392.210000001,6876210.63,0],[652378.369999997,6876212.41,0],[652370.520000003,6876213.37,0],[652369.119999997,6876213.54,0],[652360,6876214.64,0],[652355.229999997,6876215.25,0],[652354.700000003,6876215.32,0],[652350.960000001,6876215.77,0],[652352.390000001,6876225.82,0],[652351.060000002,6876226.01,0],[652351.469999999,6876230.14,0],[652351.939999998,6876234.48,0],[652352.409999996,6876238.79,0],[652352.700000003,6876242.04,0],[652353,6876245.45,0],[652353.960000001,6876253.8,0],[652355,6876264.76,0],[652355.520000003,6876269.8,0],[652358.390000001,6876272.07,0],[652361.619999997,6876271.13,0],[652368.710000001,6876269.02,0],[652377.270000003,6876266.45,0],[652378.310000002,6876266.14,0],[652383.280000001,6876264.73,0],[652391.960000001,6876262.19,0],[652391.439999998,6876260.2,0],[652396.549999997,6876258.71,0]]],[[[652276.950000003,6876285.57,0],[652277.020000003,6876280.55,0],[652277.310000002,6876265.28,0],[652276.950000003,6876285.57,0],[652277.75,6876285.43,0],[652281.579999998,6876284.83,0],[652288.200000003,6876283.81,0],[652292.219999999,6876283.16,0],[652295.020000003,6876282.72,0],[652296.43,6876282.48,0],[652304.189999998,6876281.16,0],[652306.960000001,6876280.68,0],[652319.640000001,6876278.73,0],[652322.100000001,6876278.31,0],[652328.700000003,6876277.18,0],[652333.579999998,6876276.44,0],[652333.700000003,6876276.42,0],[652344.840000004,6876274.63,0],[652344.479999997,6876272.15,0],[652347.189999998,6876271.86,0],[652348.490000002,6876270.06,0],[652349.630000003,6876268.45,0],[652349.270000003,6876264.69,0],[652349.100000001,6876262.93,0],[652343.219999999,6876263.72,0],[652342.25,6876263.86,0],[652339.170000002,6876264.29,0],[652333.780000001,6876265.08,0],[652333.140000001,6876260.9,0],[652332.82,6876258.86,0],[652332.619999997,6876257.53,0],[652332,6876253.65,0],[652330.479999997,6876253.84,0],[652327.990000002,6876254.14,0],[652324.859999999,6876254.52,0],[652322.719999999,6876254.85,0],[652318.549999997,6876255.46,0],[652319.130000003,6876259.51,0],[652319.259999998,6876260.46,0],[652310.5,6876261.75,0],[652309.609999999,6876256.72,0],[652309.380000003,6876256.75,0],[652301.159999996,6876257.82,0],[652300.340000004,6876257.93,0],[652294.100000001,6876258.75,0],[652293.109999999,6876258.85,0],[652289.960000001,6876259.19,0],[652286.100000001,6876259.63,0],[652281.899999999,6876260.15,0],[652281.009999998,6876260.26,0],[652277.310000002,6876260.71,0],[652277.280000001,6876256.57,0],[652272.579999998,6876254.46,0],[652268.130000003,6876252.65,0],[652265.909999996,6876251.75,0],[652263.960000001,6876250.92,0],[652263.840000004,6876250.87,0],[652257.43,6876248.1,0],[652257.100000001,6876247.95,0],[652256.039999999,6876247.43,0],[652255.640000001,6876247.87,0],[652250.590000004,6876254.61,0],[652244.82,6876262.04,0],[652242.969999999,6876264.44,0],[652241.659999996,6876268.89,0],[652242.859999999,6876273.84,0],[652244.399999999,6876275.76,0],[652256.600000001,6876280.6,0],[652258.229999997,6876281.25,0],[652261.950000003,6876282.75,0],[652263.460000001,6876283.35,0],[652269.090000004,6876285.66,0],[652272.310000002,6876286.36,0],[652276.950000003,6876285.57,0]]],[[[652351.039999999,6876282.5,0],[652348.710000001,6876279.92,0],[652346.689999998,6876280.25,0],[652338.32,6876281.6,0],[652334.82,6876282.16,0],[652331.659999996,6876282.68,0],[652322.829999998,6876284.08,0],[652322.25,6876284.16,0],[652312.850000001,6876285.66,0],[652312.409999996,6876285.73,0],[652306.539999999,6876286.73,0],[652304.969999999,6876286.99,0],[652301.710000001,6876287.54,0],[652295.979999997,6876288.51,0],[652295.119999997,6876288.64,0],[652290.079999998,6876289.42,0],[652287.07,6876289.89,0],[652285.020000003,6876290.22,0],[652284.770000003,6876293.13,0],[652287.090000004,6876293.85,0],[652287.420000002,6876293.95,0],[652291.420000002,6876295.03,0],[652294.810000002,6876295.91,0],[652296.460000001,6876296.35,0],[652301.659999996,6876297.81,0],[652301.740000002,6876297.83,0],[652307.659999996,6876299.45,0],[652310.030000001,6876300.09,0],[652313.009999998,6876300.89,0],[652313.270000003,6876300.97,0],[652317.289999999,6876302.06,0],[652322.729999997,6876303.55,0],[652324.990000002,6876304.17,0],[652332.149999999,6876306.09,0],[652335.850000001,6876307.12,0],[652336.450000003,6876307.29,0],[652344.140000001,6876309.46,0],[652346.859999999,6876310.26,0],[652349.270000003,6876310.95,0],[652351.200000003,6876309.27,0],[652351.329999998,6876303.92,0],[652351.200000003,6876293.8,0],[652351.039999999,6876282.5,0]]],[[[652987.030000001,6876219.42,0],[652986.850000001,6876209.08,0],[652983.700000003,6876209.84,0],[652979.619999997,6876210.78,0],[652977.109999999,6876211.39,0],[652973.259999998,6876211.36,0],[652973.310000002,6876214.29,0],[652973.329999998,6876218.34,0],[652973.359999999,6876224.86,0],[652973.409999996,6876229.41,0],[652973.460000001,6876234.18,0],[652973.479999997,6876239.16,0],[652973.5,6876244.77,0],[652973.490000002,6876247.5,0],[652973.469999999,6876254.03,0],[652973.479999997,6876254.49,0],[652973.539999999,6876264.27,0],[652973.630000003,6876276.76,0],[652973.68,6876284.6,0],[652973.670000002,6876287.88,0],[652973.640000001,6876298.07,0],[652973.640000001,6876298.26,0],[652969.729999997,6876298.33,0],[652968.009999998,6876298.37,0],[652963.640000001,6876298.45,0],[652963.649999999,6876300.52,0],[652963.609999999,6876313.92,0],[652963.810000002,6876322.7,0],[652966.390000001,6876325.16,0],[652968.939999998,6876324.95,0],[652973.799999997,6876324.48,0],[652973.789999999,6876324.22,0],[652976.57,6876323,0],[652981.869999997,6876320.64,0],[652985.659999996,6876318.91,0],[652988.420000002,6876318.04,0],[652988.369999997,6876315.46,0],[652988.210000001,6876304.09,0],[652987.899999999,6876281.73,0],[652987.640000001,6876256.05,0],[652987.369999997,6876236.68,0],[652987.140000001,6876225.26,0],[652987.030000001,6876219.42,0]]],[[[652902.18,6876330.14,0],[652909.079999998,6876329.58,0],[652909.119999997,6876329.58,0],[652915.969999999,6876329.1,0],[652916.75,6876329.05,0],[652922.609999999,6876328.57,0],[652923.439999998,6876328.5,0],[652927.899999999,6876328.16,0],[652928.619999997,6876328.1,0],[652933.369999997,6876327.74,0],[652933.93,6876327.7,0],[652940.759999998,6876327.1,0],[652942.469999999,6876326.97,0],[652950.600000001,6876326.37,0],[652955.899999999,6876326,0],[652958.82,6876323.29,0],[652958.780000001,6876311.85,0],[652958.75,6876302.65,0],[652957.859999999,6876302.63,0],[652950.229999997,6876302.46,0],[652946.859999999,6876302.37,0],[652941.539999999,6876302.35,0],[652941.270000003,6876295.1,0],[652941.030000001,6876286.83,0],[652934.350000001,6876287.08,0],[652926.460000001,6876287.39,0],[652926.390000001,6876285.71,0],[652926.049999997,6876280.22,0],[652920.130000003,6876280.69,0],[652912.439999998,6876281.29,0],[652911.939999998,6876281.33,0],[652904.960000001,6876281.97,0],[652904.030000001,6876272.31,0],[652902.840000004,6876261.42,0],[652902.560000002,6876258.58,0],[652901.219999999,6876245.07,0],[652899.409999996,6876227.51,0],[652898,6876213.09,0],[652897.840000004,6876210.51,0],[652897.789999999,6876210.51,0],[652892.009999998,6876210.52,0],[652891.979999997,6876210.52,0],[652892.219999999,6876214.01,0],[652893.560000002,6876227.24,0],[652894.270000003,6876235.11,0],[652886.259999998,6876235.8,0],[652886.700000003,6876239.94,0],[652888.030000001,6876251.17,0],[652888.93,6876258.73,0],[652890.109999999,6876269.71,0],[652890.759999998,6876275.92,0],[652890.869999997,6876276.95,0],[652891.420000002,6876281.47,0],[652892.490000002,6876290.92,0],[652893.689999998,6876301.97,0],[652893.689999998,6876302.06,0],[652894.609999999,6876310.28,0],[652895.149999999,6876314.73,0],[652895.259999998,6876315.73,0],[652896.229999997,6876324.62,0],[652896.880000003,6876330.53,0],[652896.909999996,6876330.53,0],[652902.18,6876330.14,0]]],[[[652802.399999999,6876249.99,0],[652801.490000002,6876245.68,0],[652800.979999997,6876243.37,0],[652800.560000002,6876241.43,0],[652799.280000001,6876235.85,0],[652798.859999999,6876234.07,0],[652797.57,6876228.29,0],[652797.5,6876227.96,0],[652796.469999999,6876223.41,0],[652795.390000001,6876218.58,0],[652794.740000002,6876215.71,0],[652793.380000003,6876209.44,0],[652789.93,6876208.7,0],[652779.560000002,6876206.59,0],[652768.460000001,6876204.31,0],[652761.200000003,6876202.83,0],[652756.509999998,6876201.88,0],[652748.549999997,6876200.23,0],[652741.420000002,6876198.83,0],[652732.710000001,6876197.06,0],[652728.659999996,6876196.21,0],[652725.649999999,6876201.36,0],[652723.149999999,6876205.61,0],[652719.880000003,6876211.25,0],[652718.990000002,6876212.96,0],[652718.920000002,6876213.11,0],[652714.770000003,6876218.76,0],[652711.950000003,6876222.72,0],[652709.710000001,6876225.9,0],[652709.509999998,6876226.18,0],[652707.920000002,6876228.34,0],[652705.93,6876231.17,0],[652707.75,6876232.67,0],[652726.799999997,6876248.96,0],[652729.009999998,6876250.88,0],[652729.530000001,6876249.81,0],[652735.700000003,6876255.26,0],[652739.560000002,6876258.65,0],[652743.32,6876261.79,0],[652743.399999999,6876261.87,0],[652749.340000004,6876267.04,0],[652756.310000002,6876273.11,0],[652757.219999999,6876273.9,0],[652764.159999996,6876279.89,0],[652765.630000003,6876281.15,0],[652768.229999997,6876283.37,0],[652769.700000003,6876284.61,0],[652772.979999997,6876288.38,0],[652778.619999997,6876294.84,0],[652781.549999997,6876298.29,0],[652787.119999997,6876304.81,0],[652787.409999996,6876305.15,0],[652790.770000003,6876308.99,0],[652795.399999999,6876314.29,0],[652797.020000003,6876316.14,0],[652801.43,6876321.29,0],[652803.469999999,6876323.68,0],[652806.689999998,6876327.44,0],[652807.829999998,6876328.79,0],[652810.380000003,6876331.8,0],[652816.159999996,6876331.17,0],[652819.130000003,6876330.84,0],[652818.579999998,6876328.27,0],[652818.350000001,6876326.97,0],[652817.159999996,6876320.38,0],[652816.399999999,6876316.25,0],[652815.549999997,6876311.39,0],[652814.810000002,6876307.21,0],[652814.07,6876303.24,0],[652813.740000002,6876301.49,0],[652812.719999999,6876296.86,0],[652812.469999999,6876295.73,0],[652811.25,6876290.29,0],[652810.060000002,6876284.89,0],[652809.799999997,6876283.63,0],[652808.810000002,6876278.75,0],[652806.57,6876268.98,0],[652806.560000002,6876268.92,0],[652804.740000002,6876260.54,0],[652803.939999998,6876256.88,0],[652803.329999998,6876254.06,0],[652802.5,6876250.46,0],[652802.399999999,6876249.99,0]]],[[[652855.390000001,6876333.67,0],[652860.060000002,6876333.33,0],[652860.130000003,6876333.33,0],[652864.789999999,6876333.02,0],[652868.710000001,6876332.74,0],[652868.780000001,6876332.73,0],[652873.840000004,6876332.32,0],[652876.710000001,6876332.09,0],[652877.020000003,6876332.06,0],[652882.960000001,6876331.65,0],[652886.630000003,6876331.3,0],[652885.859999999,6876324.85,0],[652885.509999998,6876321.98,0],[652889.5,6876321.35,0],[652890.509999998,6876321.19,0],[652891.149999999,6876321.08,0],[652890.460000001,6876314,0],[652888.5,6876297.59,0],[652886.979999997,6876284.36,0],[652886.100000001,6876276.44,0],[652885.600000001,6876276.5,0],[652885.490000002,6876276.51,0],[652885,6876276.56,0],[652880.280000001,6876277.03,0],[652877.219999999,6876277.34,0],[652876.759999998,6876277.39,0],[652870.149999999,6876277.97,0],[652869.75,6876278.01,0],[652868.030000001,6876278.18,0],[652865.299999997,6876278.46,0],[652865.840000004,6876282.38,0],[652866.240000002,6876284.99,0],[652866.340000004,6876285.66,0],[652857.850000001,6876287.52,0],[652856.850000001,6876287.75,0],[652855.950000003,6876282.76,0],[652855.5,6876280.34,0],[652855.060000002,6876277.91,0],[652854.390000001,6876274.34,0],[652854.25,6876273.4,0],[652849.329999998,6876273.66,0],[652842.630000003,6876275.2,0],[652843.079999998,6876276.78,0],[652840.939999998,6876277.22,0],[652836.369999997,6876278.19,0],[652834.950000003,6876271.92,0],[652834.359999999,6876272.05,0],[652833.719999999,6876269.19,0],[652838.530000001,6876268.03,0],[652841.270000003,6876267.36,0],[652847.729999997,6876265.71,0],[652847.25,6876263.19,0],[652845.909999996,6876256.74,0],[652845.619999997,6876255.38,0],[652845.049999997,6876252.34,0],[652844.25,6876248.31,0],[652844.25,6876248.32,0],[652837.149999999,6876248.47,0],[652835.25,6876239.04,0],[652834.990000002,6876237.8,0],[652833.270000003,6876229.15,0],[652832.740000002,6876226.47,0],[652831.240000002,6876219.35,0],[652829.729999997,6876211.96,0],[652825.060000002,6876212.52,0],[652824.93,6876211.88,0],[652818.530000001,6876212.44,0],[652812.719999999,6876213.12,0],[652805.590000004,6876213.85,0],[652804.159999996,6876213.97,0],[652804.969999999,6876217.17,0],[652806.950000003,6876225.94,0],[652808.57,6876232.91,0],[652808.689999998,6876233.39,0],[652809.57,6876237.08,0],[652811.460000001,6876245.08,0],[652812.539999999,6876249.95,0],[652813.32,6876253.47,0],[652813.710000001,6876255.18,0],[652814.009999998,6876256.46,0],[652815.630000003,6876263.37,0],[652815.909999996,6876264.53,0],[652816.490000002,6876267.17,0],[652817.799999997,6876273.09,0],[652819.149999999,6876278.8,0],[652819.799999997,6876281.7,0],[652820.299999997,6876283.99,0],[652820.469999999,6876284.78,0],[652821.359999999,6876288.7,0],[652821.770000003,6876290.48,0],[652822.399999999,6876293.17,0],[652822.899999999,6876295.35,0],[652824.329999998,6876301.63,0],[652824.810000002,6876303.75,0],[652825.590000004,6876306.73,0],[652826.32,6876309.61,0],[652828.009999998,6876315.96,0],[652829.869999997,6876322.51,0],[652831.979999997,6876329.75,0],[652834.689999998,6876333.65,0],[652838.880000003,6876334.9,0],[652844.130000003,6876334.55,0],[652846.770000003,6876334.35,0],[652847.789999999,6876334.27,0],[652855.390000001,6876333.67,0]]],[[[652775.130000003,6876335.37,0],[652774.799999997,6876330.2,0],[652773.950000003,6876330.28,0],[652772.350000001,6876329.1,0],[652772.299999997,6876329.06,0],[652765.210000001,6876323.46,0],[652765.780000001,6876322.58,0],[652762.960000001,6876320.46,0],[652753.380000003,6876313.33,0],[652750.539999999,6876311.19,0],[652748.079999998,6876309.33,0],[652749.009999998,6876308.09,0],[652746.07,6876305.67,0],[652737.759999998,6876299.01,0],[652725.409999996,6876288.91,0],[652715.460000001,6876280.79,0],[652708.75,6876288.61,0],[652702.670000002,6876283.51,0],[652699.369999997,6876280.74,0],[652695.25,6876285.77,0],[652692.5,6876289.31,0],[652690.68,6876291.77,0],[652689.200000003,6876294.65,0],[652688.079999998,6876297.34,0],[652687.880000003,6876299.29,0],[652687.789999999,6876300.08,0],[652687.670000002,6876301.28,0],[652688.159999996,6876310.43,0],[652688.75,6876318.36,0],[652688.829999998,6876319.56,0],[652689.609999999,6876330.94,0],[652689.969999999,6876338.09,0],[652689.780000001,6876338.55,0],[652693.170000002,6876343.84,0],[652693.409999996,6876344.23,0],[652704.219999999,6876344.08,0],[652706.100000001,6876344.07,0],[652707.460000001,6876343.98,0],[652711.149999999,6876343.73,0],[652715.43,6876343.46,0],[652719.840000004,6876343.16,0],[652725.549999997,6876342.77,0],[652731.32,6876342.39,0],[652744.289999999,6876341.48,0],[652748.619999997,6876341.19,0],[652752.420000002,6876340.91,0],[652757.140000001,6876340.58,0],[652760.68,6876340.34,0],[652763.689999998,6876340.16,0],[652767.200000003,6876339.93,0],[652772.789999999,6876339.59,0],[652775.380000003,6876339.39,0],[652775.229999997,6876336.99,0],[652775.130000003,6876335.37,0]]],[[[653226.140000001,6876350.94,0],[653225.609999999,6876345.16,0],[653224.689999998,6876335.07,0],[653220.390000001,6876335.37,0],[653218.859999999,6876317.58,0],[653218.75,6876316.25,0],[653214.670000002,6876316.57,0],[653205.280000001,6876317.33,0],[653187.979999997,6876318.55,0],[653167.670000002,6876320.03,0],[653162.969999999,6876320.38,0],[653161.369999997,6876320.49,0],[653156.439999998,6876320.83,0],[653144.020000003,6876321.72,0],[653140.920000002,6876321.94,0],[653135.729999997,6876322.31,0],[653125.960000001,6876323.03,0],[653123.969999999,6876323.18,0],[653117.390000001,6876323.67,0],[653110,6876324.21,0],[653102.630000003,6876324.74,0],[653095.009999998,6876325.33,0],[653085.869999997,6876326.05,0],[653083.119999997,6876329.02,0],[653083.460000001,6876333.92,0],[653084.060000002,6876347.19,0],[653084.219999999,6876350.37,0],[653084.219999999,6876350.45,0],[653089.020000003,6876349.85,0],[653097.119999997,6876348.99,0],[653100.630000003,6876348.62,0],[653103.899999999,6876348.27,0],[653104.950000003,6876348.15,0],[653111.909999996,6876347.37,0],[653121.520000003,6876346.3,0],[653123.909999996,6876360.57,0],[653123.969999999,6876361.69,0],[653124.25,6876366.99,0],[653131.810000002,6876366.15,0],[653148.490000002,6876364.32,0],[653150.799999997,6876364.1,0],[653153.090000004,6876363.88,0],[653157.350000001,6876363.47,0],[653164.329999998,6876362.77,0],[653164.009999998,6876357.13,0],[653166.960000001,6876356.84,0],[653178.700000003,6876355.66,0],[653189.200000003,6876354.66,0],[653202.75,6876353.35,0],[653202.729999997,6876353.24,0],[653224.640000001,6876351.1,0],[653226.140000001,6876350.94,0]]],[[[653066.890000001,6876372.65,0],[653070.039999999,6876372.64,0],[653077.259999998,6876372.65,0],[653078.030000001,6876372.57,0],[653077.630000003,6876363.74,0],[653077.130000003,6876353,0],[653076.859999999,6876345.62,0],[653076.689999998,6876341.11,0],[653076.420000002,6876336.04,0],[653076.219999999,6876332.21,0],[653076.170000002,6876331.61,0],[653075.789999999,6876326.78,0],[653065.439999998,6876327.52,0],[653051.359999999,6876328.53,0],[653042.539999999,6876329.24,0],[653036.840000004,6876329.7,0],[653024.579999998,6876330.56,0],[653021.479999997,6876330.76,0],[653004.219999999,6876332.16,0],[653004.189999998,6876332.16,0],[652987.200000003,6876333.33,0],[652987.719999999,6876348.92,0],[652991.869999997,6876348.83,0],[652999.770000003,6876348.68,0],[653004.850000001,6876348.59,0],[653016.530000001,6876348.37,0],[653024.130000003,6876348.38,0],[653024.659999996,6876348.37,0],[653030.090000004,6876348.39,0],[653030.210000001,6876350.99,0],[653030.82,6876363.89,0],[653025.280000001,6876363.87,0],[653024.380000003,6876363.87,0],[653022.329999998,6876363.87,0],[653008.289999999,6876363.89,0],[652988.369999997,6876363.94,0],[652988.789999999,6876372.89,0],[652988.799999997,6876372.98,0],[652998.640000001,6876373.04,0],[653004.060000002,6876373.03,0],[653019.990000002,6876372.96,0],[653020.170000002,6876372.95,0],[653035.100000001,6876372.87,0],[653051.609999999,6876372.76,0],[653060.5,6876372.69,0],[653066.890000001,6876372.65,0]]],[[[652885.060000002,6876382.84,0],[652905.159999996,6876380.22,0],[652905.189999998,6876380.22,0],[652910.07,6876379.61,0],[652914.210000001,6876379.07,0],[652912.200000003,6876368.89,0],[652920.229999997,6876367.77,0],[652960.240000002,6876362.19,0],[652960.200000003,6876361.12,0],[652962.490000002,6876360.83,0],[652971.719999999,6876359.69,0],[652979.299999997,6876358.74,0],[652979.710000001,6876358.69,0],[652979.619999997,6876356.21,0],[652979.100000001,6876337.23,0],[652978.979999997,6876334.94,0],[652978.240000002,6876333.9,0],[652973.340000004,6876334.39,0],[652960.469999999,6876335.25,0],[652959.409999996,6876335.31,0],[652941.719999999,6876336.78,0],[652939.5,6876336.93,0],[652919.479999997,6876338.36,0],[652919.280000001,6876338.38,0],[652916.490000002,6876338.59,0],[652911.560000002,6876338.95,0],[652907.130000003,6876339.28,0],[652906.719999999,6876339.31,0],[652901.630000003,6876339.63,0],[652893.5,6876340.27,0],[652889.460000001,6876340.55,0],[652889.409999996,6876340.55,0],[652883.539999999,6876341.03,0],[652873.840000004,6876341.74,0],[652869.350000001,6876342.08,0],[652862.640000001,6876342.65,0],[652857.869999997,6876342.99,0],[652845.789999999,6876343.86,0],[652844.990000002,6876343.92,0],[652828.969999999,6876345.18,0],[652826.380000003,6876345.24,0],[652821.520000003,6876346.36,0],[652826.25,6876350.44,0],[652838.359999999,6876360.14,0],[652847.57,6876367.81,0],[652856.619999997,6876375.34,0],[652858.039999999,6876376.49,0],[652866.280000001,6876383.18,0],[652868.560000002,6876385.03,0],[652870.840000004,6876384.71,0],[652885.060000002,6876382.84,0]]],[[[652099.490000002,6876368.74,0],[652099.609999999,6876358.69,0],[652097.450000003,6876358.17,0],[652097.670000002,6876350.52,0],[652100.140000001,6876350.67,0],[652100.75,6876349.73,0],[652106.109999999,6876341.44,0],[652103.729999997,6876339.67,0],[652110.630000003,6876328.93,0],[652109.219999999,6876328.05,0],[652112.630000003,6876322.63,0],[652109.829999998,6876320.57,0],[652111.079999998,6876318.47,0],[652109.219999999,6876317.26,0],[652116.490000002,6876305.95,0],[652119.079999998,6876301.83,0],[652102.130000003,6876290.79,0],[652100.990000002,6876290.05,0],[652097.039999999,6876296.57,0],[652093.090000004,6876302.68,0],[652089.310000002,6876308.52,0],[652088.939999998,6876308.29,0],[652086.299999997,6876306.66,0],[652080.590000004,6876303.12,0],[652079.990000002,6876302.75,0],[652076.280000001,6876308.31,0],[652073.57,6876312.29,0],[652071.5,6876312.34,0],[652070.75,6876297.35,0],[652069.75,6876274.43,0],[652068.289999999,6876242.44,0],[652066.939999998,6876213.35,0],[652066.670000002,6876207.93,0],[652066.579999998,6876206.15,0],[652065.649999999,6876205.61,0],[652052.119999997,6876198.45,0],[652046.359999999,6876195.48,0],[652033.439999998,6876188.61,0],[652026.850000001,6876185.05,0],[652016.590000004,6876179.67,0],[651996.009999998,6876168.69,0],[651980.539999999,6876160.49,0],[651968.82,6876154.29,0],[651954.75,6876146.73,0],[651949.75,6876144.02,0],[651946.57,6876142.4,0],[651944.689999998,6876141.44,0],[651940.609999999,6876140.19,0],[651934.909999996,6876138.48,0],[651924.649999999,6876135.31,0],[651912.049999997,6876131.4,0],[651909.57,6876130.7,0],[651905.07,6876132.11,0],[651900.539999999,6876134.88,0],[651899.57,6876137.46,0],[651899.299999997,6876139.94,0],[651899.119999997,6876142.27,0],[651901.119999997,6876140.3,0],[651900.810000002,6876164.34,0],[651891.060000002,6876313.75,0],[651893.07,6876349.64,0],[651893.100000001,6876365.36,0],[651903.509999998,6876370.99,0],[651918.189999998,6876366.64,0],[651918.229999997,6876367.45,0],[651923.289999999,6876365.71,0],[651930.369999997,6876363.44,0],[651934.340000004,6876362.15,0],[651936.189999998,6876361.84,0],[651938.520000003,6876361.32,0],[651941.520000003,6876360.61,0],[651947.149999999,6876359.3,0],[651947.840000004,6876359.25,0],[651949,6876359.16,0],[651952.909999996,6876359.13,0],[651955.369999997,6876359.29,0],[651963.789999999,6876360.1,0],[651983.109999999,6876362.63,0],[651997.609999999,6876364.63,0],[651999.219999999,6876364.86,0],[652008.359999999,6876366.24,0],[652019.020000003,6876367.99,0],[652023.759999998,6876368.79,0],[652024.240000002,6876368.88,0],[652026.990000002,6876368.53,0],[652031.420000002,6876370.4,0],[652036.579999998,6876372.36,0],[652044.950000003,6876375.69,0],[652047.75,6876376.88,0],[652050.670000002,6876378.11,0],[652054.350000001,6876380.09,0],[652063.799999997,6876385.19,0],[652065.210000001,6876385.94,0],[652065.719999999,6876386.21,0],[652073.490000002,6876388.2,0],[652083.840000004,6876390.92,0],[652086.859999999,6876390.94,0],[652088.880000003,6876390.96,0],[652090.68,6876390.98,0],[652092.799999997,6876391,0],[652096.119999997,6876391.03,0],[652098.950000003,6876391.05,0],[652099.009999998,6876389.05,0],[652099.130000003,6876385.38,0],[652099.18,6876383.62,0],[652099.210000001,6876382.52,0],[652099.280000001,6876380.06,0],[652099.909999996,6876379.98,0],[652100.200000003,6876373.07,0],[652099.409999996,6876373.06,0],[652099.490000002,6876368.74,0]]],[[[652274.869999997,6876392.87,0],[652272.329999998,6876382.9,0],[652269.270000003,6876372.88,0],[652267.880000003,6876368.31,0],[652266.32,6876363.19,0],[652265.829999998,6876361.58,0],[652261.109999999,6876346.53,0],[652259.950000003,6876342.79,0],[652257.030000001,6876333.36,0],[652254.090000004,6876323.34,0],[652253.859999999,6876322.76,0],[652253.18,6876321.11,0],[652251.950000003,6876318.34,0],[652248.270000003,6876310.06,0],[652240.380000003,6876292.28,0],[652236.420000002,6876283.29,0],[652236.399999999,6876283.27,0],[652235.340000004,6876280.89,0],[652233.259999998,6876278.46,0],[652232.350000001,6876277.72,0],[652226.840000004,6876275.43,0],[652223.549999997,6876274.06,0],[652223.979999997,6876275.77,0],[652226.219999999,6876284.71,0],[652226.469999999,6876285.74,0],[652227.869999997,6876291.3,0],[652230.689999998,6876302.3,0],[652232.520000003,6876309.42,0],[652233.049999997,6876311.49,0],[652233.729999997,6876314.11,0],[652234.159999996,6876315.76,0],[652236.340000004,6876323.97,0],[652236.560000002,6876324.8,0],[652237.259999998,6876327.51,0],[652240.710000001,6876340.69,0],[652241.109999999,6876342.25,0],[652227.329999998,6876345.38,0],[652226.789999999,6876343.71,0],[652225.030000001,6876338.15,0],[652209.700000003,6876342.69,0],[652208.009999998,6876334.08,0],[652204.020000003,6876314.13,0],[652200.210000001,6876294.98,0],[652198.890000001,6876288.21,0],[652195.670000002,6876272.46,0],[652194.170000002,6876264.82,0],[652194,6876263.87,0],[652193.189999998,6876263.53,0],[652189.409999996,6876262.07,0],[652189.420000002,6876264.42,0],[652190.520000003,6876274.45,0],[652192.030000001,6876287.49,0],[652193.119999997,6876296.69,0],[652193.799999997,6876302.33,0],[652194.060000002,6876304.49,0],[652195.539999999,6876317.05,0],[652190.780000001,6876317.45,0],[652168.920000002,6876319.31,0],[652168.689999998,6876316.65,0],[652155.939999998,6876318.1,0],[652157.009999998,6876333.41,0],[652158.219999999,6876348.92,0],[652145.829999998,6876349.53,0],[652138.950000003,6876343.44,0],[652138.32,6876339.01,0],[652127.859999999,6876332.05,0],[652114.770000003,6876351.76,0],[652109.950000003,6876359.11,0],[652109.710000001,6876369.94,0],[652109.619999997,6876373.61,0],[652109.539999999,6876377.03,0],[652109.329999998,6876383.35,0],[652109.229999997,6876386.65,0],[652109.039999999,6876392.17,0],[652122.719999999,6876391.44,0],[652134.829999998,6876390.76,0],[652152.689999998,6876389.96,0],[652161.93,6876389.6,0],[652161.990000002,6876390.56,0],[652172.299999997,6876390.06,0],[652174.490000002,6876389.96,0],[652187.170000002,6876389.38,0],[652187.259999998,6876389.38,0],[652187.520000003,6876389.37,0],[652190.060000002,6876389.34,0],[652199.670000002,6876389.2,0],[652209.579999998,6876388.92,0],[652217.93,6876388.82,0],[652218.859999999,6876388.83,0],[652220.25,6876388.85,0],[652229.100000001,6876389.74,0],[652236.469999999,6876390.29,0],[652236.530000001,6876390.92,0],[652243.219999999,6876391.58,0],[652243.270000003,6876390.98,0],[652245.729999997,6876391.29,0],[652254.57,6876392.35,0],[652259.439999998,6876392.93,0],[652267.689999998,6876393.91,0],[652270.229999997,6876394.28,0],[652274.869999997,6876392.87,0]]],[[[652446.340000004,6876373.81,0],[652446.350000001,6876372.79,0],[652454.719999999,6876373.29,0],[652454.950000003,6876373.29,0],[652460.079999998,6876372.03,0],[652461.710000001,6876371.64,0],[652463.350000001,6876371.26,0],[652463.590000004,6876371.21,0],[652468.670000002,6876370.19,0],[652469.229999997,6876370.09,0],[652471.75,6876369.63,0],[652473.240000002,6876376.76,0],[652483.310000002,6876376.74,0],[652483.329999998,6876376.84,0],[652491.630000003,6876374.68,0],[652491.799999997,6876375.33,0],[652496.899999999,6876374.15,0],[652501.780000001,6876371.91,0],[652508.100000001,6876369.15,0],[652511.960000001,6876367.46,0],[652522.439999998,6876362.35,0],[652522.350000001,6876362.15,0],[652525.530000001,6876360.51,0],[652525.490000002,6876359.6,0],[652535.109999999,6876355.51,0],[652541.149999999,6876353.11,0],[652543.780000001,6876352.08,0],[652546.219999999,6876351.11,0],[652551.600000001,6876349.01,0],[652552.18,6876348.77,0],[652558.740000002,6876346.01,0],[652562.539999999,6876344.48,0],[652562.859999999,6876344.39,0],[652564.979999997,6876343.78,0],[652572.240000002,6876342.01,0],[652572.649999999,6876341.9,0],[652573.090000004,6876341.8,0],[652576.829999998,6876340.89,0],[652577.329999998,6876340.76,0],[652581.579999998,6876339.73,0],[652583.07,6876339.37,0],[652585.359999999,6876338.83,0],[652585.469999999,6876338.81,0],[652592.630000003,6876338.95,0],[652594.350000001,6876339.19,0],[652601.350000001,6876339.77,0],[652601.770000003,6876339.82,0],[652605.299999997,6876340.2,0],[652606.670000002,6876340.36,0],[652607.770000003,6876340.47,0],[652608.890000001,6876340.58,0],[652613.090000004,6876340.97,0],[652617.009999998,6876341.44,0],[652621.549999997,6876341.97,0],[652627.859999999,6876342.7,0],[652630.990000002,6876343.06,0],[652635.420000002,6876343.46,0],[652641.109999999,6876343.72,0],[652646.899999999,6876343.91,0],[652650.759999998,6876344.13,0],[652655.600000001,6876344.29,0],[652655.630000003,6876344.29,0],[652664.25,6876344.18,0],[652665.689999998,6876344.17,0],[652671.909999996,6876344.07,0],[652676.009999998,6876341.13,0],[652678.299999997,6876338.85,0],[652679.810000002,6876336.58,0],[652679.369999997,6876330.26,0],[652678.399999999,6876316.57,0],[652677.049999997,6876313.57,0],[652673.82,6876310.85,0],[652670.259999998,6876307.85,0],[652663.299999997,6876301.98,0],[652661.100000001,6876300.13,0],[652656.979999997,6876296.66,0],[652650.409999996,6876291.12,0],[652637.82,6876280.43,0],[652624.869999997,6876269.52,0],[652619.390000001,6876264.88,0],[652618.560000002,6876264.18,0],[652614.460000001,6876260.72,0],[652612.409999996,6876258.98,0],[652604.329999998,6876252.23,0],[652593.969999999,6876243.36,0],[652589.329999998,6876239.4,0],[652577.140000001,6876229.06,0],[652572.969999999,6876225.55,0],[652567.890000001,6876224.31,0],[652561.979999997,6876222.89,0],[652555.759999998,6876221.5,0],[652551.829999998,6876222.63,0],[652543.310000002,6876225.02,0],[652536.359999999,6876227.11,0],[652532.869999997,6876228.14,0],[652528.5,6876229.43,0],[652524.289999999,6876230.62,0],[652521.68,6876231.36,0],[652516.93,6876232.7,0],[652510.57,6876234.56,0],[652507.689999998,6876235.41,0],[652504.82,6876236.23,0],[652495.399999999,6876238.97,0],[652484.729999997,6876241.99,0],[652482,6876242.76,0],[652480.770000003,6876243.11,0],[652475.799999997,6876244.54,0],[652471.189999998,6876245.85,0],[652466.840000004,6876247.1,0],[652462.479999997,6876248.33,0],[652458.549999997,6876249.45,0],[652454.899999999,6876250.48,0],[652445.43,6876253.27,0],[652439.770000003,6876254.81,0],[652435.020000003,6876256.24,0],[652431.07,6876257.44,0],[652430.770000003,6876257.52,0],[652420.640000001,6876260.43,0],[652418.049999997,6876261.17,0],[652410.380000003,6876263.38,0],[652406.590000004,6876264.42,0],[652404.109999999,6876265.1,0],[652399.530000001,6876266.45,0],[652394.590000004,6876267.93,0],[652387.32,6876270,0],[652386.5,6876270.24,0],[652382.119999997,6876271.48,0],[652380.030000001,6876272.1,0],[652372.18,6876274.44,0],[652368.159999996,6876275.55,0],[652367.799999997,6876275.67,0],[652360.710000001,6876277.98,0],[652360.439999998,6876278.03,0],[652359.600000001,6876279.01,0],[652357.340000004,6876281.61,0],[652356.670000002,6876282.48,0],[652357.219999999,6876288.45,0],[652357.270000003,6876288.93,0],[652357.700000003,6876294.14,0],[652357.689999998,6876294.6,0],[652363.710000001,6876294.64,0],[652368.240000002,6876294.75,0],[652368.259999998,6876295.86,0],[652368.359999999,6876301.49,0],[652368.509999998,6876309.67,0],[652368.509999998,6876309.72,0],[652368.700000003,6876316.46,0],[652371.469999999,6876319.32,0],[652372.039999999,6876319.91,0],[652377.710000001,6876319.71,0],[652381.18,6876317.11,0],[652382.009999998,6876316.47,0],[652388.310000002,6876313.43,0],[652390.82,6876320.39,0],[652393.369999997,6876327.65,0],[652393.799999997,6876328.92,0],[652394.399999999,6876330.7,0],[652390.350000001,6876332.24,0],[652385.100000001,6876334.41,0],[652385.060000002,6876334.43,0],[652385.57,6876335.96,0],[652383.380000003,6876336.78,0],[652379.07,6876338.45,0],[652377.189999998,6876339.19,0],[652378.270000003,6876341.93,0],[652380.229999997,6876348.09,0],[652383.130000003,6876357.04,0],[652383.390000001,6876357.87,0],[652380.810000002,6876358.33,0],[652377.369999997,6876359.11,0],[652376.049999997,6876359.46,0],[652376.899999999,6876361.62,0],[652380.310000002,6876370.28,0],[652380.590000004,6876370.98,0],[652381.469999999,6876373.76,0],[652381.600000001,6876374.16,0],[652382.310000002,6876375.79,0],[652382.630000003,6876376.55,0],[652384.289999999,6876381.05,0],[652381.840000004,6876382.09,0],[652379.840000004,6876383.12,0],[652379.469999999,6876383.3,0],[652380.57,6876385.79,0],[652377.159999996,6876387.35,0],[652378.18,6876390.25,0],[652378.649999999,6876391.58,0],[652379.630000003,6876394.38,0],[652380.329999998,6876396.46,0],[652383.520000003,6876397.73,0],[652385.039999999,6876398.07,0],[652386.289999999,6876397.74,0],[652390.810000002,6876395.18,0],[652393.159999996,6876393.87,0],[652395.68,6876392.47,0],[652397.439999998,6876391.5,0],[652397.539999999,6876391.43,0],[652401.560000002,6876388.74,0],[652407.729999997,6876385.66,0],[652408.200000003,6876385.42,0],[652415.359999999,6876381.95,0],[652415.700000003,6876381.78,0],[652425.57,6876376.93,0],[652425.75,6876376.84,0],[652432.350000001,6876374.93,0],[652432.490000002,6876374.9,0],[652436.380000003,6876374.24,0],[652439.57,6876374.06,0],[652446.340000004,6876373.81,0]]],[[[652092.810000002,6876400.11,0],[652084.729999997,6876400.04,0],[652085.469999999,6876403.75,0],[652086.189999998,6876407.65,0],[652087.979999997,6876417.29,0],[652088.57,6876420.35,0],[652089.229999997,6876423.81,0],[652095.670000002,6876422.31,0],[652095.57,6876421.11,0],[652096.880000003,6876420.79,0],[652096.450000003,6876418.66,0],[652094.439999998,6876408.51,0],[652093.939999998,6876405.94,0],[652092.810000002,6876400.11,0]]],[[[652376.140000001,6876402.03,0],[652374.119999997,6876396.87,0],[652372.219999999,6876397.55,0],[652371.590000004,6876395.81,0],[652370.009999998,6876391.44,0],[652369.359999999,6876389.82,0],[652367.810000002,6876386.03,0],[652364.700000003,6876386.82,0],[652363.670000002,6876387.09,0],[652358.990000002,6876388.45,0],[652358.18,6876386,0],[652357.57,6876383.64,0],[652353.799999997,6876384.44,0],[652353.549999997,6876384.49,0],[652353.259999998,6876384.55,0],[652348.590000004,6876385.6,0],[652347.810000002,6876385.81,0],[652345.439999998,6876386.44,0],[652342.450000003,6876387.12,0],[652341.869999997,6876387.24,0],[652340.640000001,6876387.51,0],[652336.109999999,6876388.76,0],[652336.079999998,6876388.77,0],[652334.329999998,6876389.3,0],[652331.659999996,6876390.1,0],[652330.829999998,6876386.78,0],[652330.810000002,6876386.7,0],[652328.039999999,6876375.94,0],[652327.579999998,6876374.23,0],[652325.390000001,6876365.87,0],[652324.520000003,6876362.56,0],[652322.810000002,6876356.21,0],[652321.030000001,6876349.57,0],[652320.810000002,6876348.74,0],[652318.579999998,6876340.37,0],[652315.68,6876339.52,0],[652315.590000004,6876339.5,0],[652305.579999998,6876336.83,0],[652306.049999997,6876331.89,0],[652307.359999999,6876319.57,0],[652307.390000001,6876319.32,0],[652308.07,6876312.08,0],[652308.390000001,6876308.27,0],[652307.539999999,6876308.02,0],[652307.020000003,6876307.87,0],[652305.82,6876319.76,0],[652304.82,6876329.53,0],[652304.049999997,6876336.69,0],[652302.439999998,6876336.7,0],[652300.32,6876336.71,0],[652297.039999999,6876336.67,0],[652296.869999997,6876336.72,0],[652294.020000003,6876337.73,0],[652285.399999999,6876340.76,0],[652281.759999998,6876342.05,0],[652281.399999999,6876341.03,0],[652280.539999999,6876338.56,0],[652280.030000001,6876337.1,0],[652278.590000004,6876332.94,0],[652276.170000002,6876326.11,0],[652276.07,6876325.83,0],[652272.299999997,6876314.8,0],[652272.149999999,6876314.37,0],[652269.960000001,6876307.98,0],[652268.93,6876304.98,0],[652268.240000002,6876302.9,0],[652267.18,6876300.01,0],[652265.789999999,6876296.25,0],[652264.710000001,6876293.32,0],[652264.740000002,6876292.96,0],[652263.880000003,6876290.87,0],[652258.630000003,6876288.82,0],[652256.520000003,6876287.99,0],[652246.039999999,6876284.04,0],[652244.149999999,6876285.99,0],[652245.460000001,6876288.96,0],[652245.899999999,6876289.96,0],[652247.32,6876293.08,0],[652251.340000004,6876302.1,0],[652252.380000003,6876304.38,0],[652254.530000001,6876309.14,0],[652254.869999997,6876309.91,0],[652257.75,6876316.48,0],[652259.270000003,6876319.88,0],[652259.289999999,6876319.94,0],[652260.920000002,6876323.65,0],[652261.600000001,6876326.06,0],[652262.530000001,6876329.23,0],[652263.979999997,6876333.77,0],[652266.280000001,6876341.07,0],[652266.659999996,6876342.29,0],[652267.640000001,6876345.43,0],[652269.609999999,6876351.78,0],[652272.490000002,6876361.01,0],[652273.609999999,6876364.75,0],[652274.689999998,6876368.42,0],[652274.729999997,6876368.53,0],[652277.549999997,6876377.43,0],[652280.630000003,6876387.45,0],[652283.460000001,6876396.77,0],[652284.289999999,6876399.4,0],[652286.210000001,6876405.39,0],[652287.560000002,6876409.84,0],[652285.829999998,6876410.76,0],[652288.57,6876416.5,0],[652289.329999998,6876417.6,0],[652289.969999999,6876418.52,0],[652292.299999997,6876421.94,0],[652295.82,6876427.09,0],[652298.829999998,6876431.43,0],[652306.100000001,6876428.77,0],[652311.219999999,6876426.95,0],[652311.759999998,6876426.76,0],[652322.280000001,6876423.13,0],[652325.079999998,6876421.99,0],[652325.530000001,6876421.82,0],[652325.960000001,6876421.64,0],[652329.259999998,6876420.37,0],[652332.530000001,6876419.12,0],[652332.670000002,6876419.07,0],[652342.18,6876415.44,0],[652343.32,6876414.98,0],[652347.630000003,6876413.24,0],[652351.939999998,6876411.48,0],[652356.490000002,6876409.72,0],[652359.009999998,6876408.74,0],[652367.689999998,6876405.38,0],[652367.799999997,6876405.34,0],[652373.490000002,6876403.27,0],[652376.140000001,6876402.03,0]]],[[[652064.600000001,6876395.26,0],[652064.310000002,6876393.96,0],[652057.009999998,6876389.63,0],[652051.009999998,6876386.21,0],[652051.229999997,6876388.68,0],[652051.850000001,6876395.52,0],[652052.049999997,6876395.86,0],[652053.840000004,6876395.6,0],[652057.350000001,6876395.07,0],[652058.539999999,6876407.31,0],[652060.079999998,6876423.69,0],[652061.369999997,6876435.87,0],[652071.950000003,6876434.46,0],[652071.560000002,6876431.31,0],[652076.740000002,6876430.73,0],[652076.32,6876426.81,0],[652075.490000002,6876421.43,0],[652081.130000003,6876420.71,0],[652087.43,6876419.91,0],[652086.18,6876413.23,0],[652084.869999997,6876406.34,0],[652083.670000002,6876399.95,0],[652078.509999998,6876399.42,0],[652077.810000002,6876399.25,0],[652077.170000002,6876399.09,0],[652072.030000001,6876397.52,0],[652067.380000003,6876396.1,0],[652064.600000001,6876395.26,0]]],[[[652718.140000001,6876439.5,0],[652722.439999998,6876425.89,0],[652728.350000001,6876428,0],[652728.509999998,6876428.06,0],[652740.82,6876432.4,0],[652742.200000003,6876432.89,0],[652758.369999997,6876389.88,0],[652760.229999997,6876384.9,0],[652764.850000001,6876386.41,0],[652791.829999998,6876395.32,0],[652801.490000002,6876398.64,0],[652798.280000001,6876407.63,0],[652803.740000002,6876409.49,0],[652801.789999999,6876414.8,0],[652803.950000003,6876415.59,0],[652823.899999999,6876422.86,0],[652828.840000004,6876424.67,0],[652832.259999998,6876425.92,0],[652837.990000002,6876428.01,0],[652836.649999999,6876420.44,0],[652836.329999998,6876418.6,0],[652833.060000002,6876401.41,0],[652831.770000003,6876394.56,0],[652829.560000002,6876387.79,0],[652826.240000002,6876383.59,0],[652815.780000001,6876373.14,0],[652813.18,6876370.55,0],[652801.479999997,6876359.51,0],[652792.509999998,6876351.07,0],[652792.479999997,6876351.04,0],[652782.520000003,6876347.63,0],[652765.469999999,6876348.79,0],[652753.990000002,6876349.57,0],[652749.719999999,6876349.86,0],[652748.619999997,6876349.94,0],[652722.920000002,6876351.78,0],[652705.200000003,6876353.06,0],[652700.950000003,6876353.36,0],[652700.409999996,6876367.26,0],[652700.810000002,6876367.36,0],[652700.770000003,6876377,0],[652700.659999996,6876399.19,0],[652700.630000003,6876405.85,0],[652700.57,6876418.31,0],[652700.520000003,6876428.25,0],[652705.18,6876434.89,0],[652712.340000004,6876437.44,0],[652718.140000001,6876439.5,0]]],[[[651826.299999997,6876440.26,0],[651827.369999997,6876439.94,0],[651827.57,6876440.61,0],[651827.890000001,6876440.49,0],[651829.630000003,6876439.98,0],[651828.899999999,6876437.79,0],[651832.979999997,6876436.57,0],[651833.700000003,6876438.73,0],[651838.299999997,6876437.33,0],[651839.729999997,6876436.88,0],[651842.140000001,6876436.13,0],[651852.380000003,6876432.99,0],[651854.439999998,6876432.38,0],[651858.869999997,6876430.99,0],[651859.420000002,6876430.79,0],[651860.100000001,6876430.44,0],[651860.740000002,6876430.06,0],[651861.369999997,6876429.61,0],[651862.520000003,6876428.58,0],[651864.659999996,6876426.3,0],[651867.909999996,6876423.07,0],[651869.460000001,6876420.79,0],[651872.030000001,6876416.89,0],[651874.079999998,6876413.66,0],[651874.469999999,6876413.18,0],[651870.25,6876412.48,0],[651867.18,6876412.66,0],[651863.979999997,6876412.86,0],[651860.780000001,6876413,0],[651858.979999997,6876412.95,0],[651857.200000003,6876412.69,0],[651854.850000001,6876412.23,0],[651853.880000003,6876411.96,0],[651852.950000003,6876411.58,0],[651852.060000002,6876411.1,0],[651851.240000002,6876410.52,0],[651848.170000002,6876407.98,0],[651845.329999998,6876405.19,0],[651843.490000002,6876403.44,0],[651841.420000002,6876401.97,0],[651837.75,6876399.94,0],[651834.409999996,6876398.22,0],[651831.030000001,6876396.57,0],[651818.850000001,6876402.03,0],[651804.859999999,6876404.51,0],[651774.289999999,6876410.43,0],[651779.25,6876413.98,0],[651787.899999999,6876420.17,0],[651791.520000003,6876422.71,0],[651796.140000001,6876425.96,0],[651812.880000003,6876437.9,0],[651813.770000003,6876438.43,0],[651814.659999996,6876438.93,0],[651815.649999999,6876439.4,0],[651817.100000001,6876439.99,0],[651817.780000001,6876440.25,0],[651822.090000004,6876441.77,0],[651822.399999999,6876441.83,0],[651822.590000004,6876441.85,0],[651824,6876441.6,0],[651824.770000003,6876441.43,0],[651825.079999998,6876441.37,0],[651826.530000001,6876440.92,0],[651826.299999997,6876440.26,0]]],[[[652577.82,6876438.31,0],[652575.770000003,6876433.08,0],[652573.780000001,6876427.99,0],[652570.729999997,6876420.43,0],[652566.43,6876409.32,0],[652564.049999997,6876403.32,0],[652565.770000003,6876402.52,0],[652570.729999997,6876400.18,0],[652576.960000001,6876397.25,0],[652583.409999996,6876394.14,0],[652584.539999999,6876393.59,0],[652591.57,6876390.34,0],[652602.590000004,6876385.24,0],[652607.549999997,6876382.88,0],[652607.899999999,6876383.61,0],[652617.210000001,6876381.23,0],[652623.25,6876379.61,0],[652628.07,6876378.33,0],[652630.590000004,6876377.52,0],[652631.280000001,6876377.29,0],[652633.810000002,6876376.86,0],[652634.68,6876376.72,0],[652634.57,6876370.16,0],[652638.670000002,6876369.85,0],[652638.439999998,6876368.31,0],[652638.140000001,6876366.39,0],[652642.649999999,6876366.51,0],[652641.979999997,6876362.62,0],[652646.5,6876362.49,0],[652646.579999998,6876364.5,0],[652647.659999996,6876365.7,0],[652649.490000002,6876365.71,0],[652649.299999997,6876368.04,0],[652649.520000003,6876367.99,0],[652649.590000004,6876368,0],[652649.689999998,6876374.07,0],[652649.719999999,6876374.07,0],[652652.100000001,6876374.36,0],[652655.630000003,6876374.7,0],[652657.950000003,6876374.98,0],[652656.43,6876377.4,0],[652652.990000002,6876382.17,0],[652650.090000004,6876386.46,0],[652646.549999997,6876391.52,0],[652645.619999997,6876392.72,0],[652645.469999999,6876392.92,0],[652645.340000004,6876398.64,0],[652655.060000002,6876398.55,0],[652656.539999999,6876398.53,0],[652664.990000002,6876398.55,0],[652664.960000001,6876404.94,0],[652665.109999999,6876411.88,0],[652665.159999996,6876412.15,0],[652666.189999998,6876417.09,0],[652666.909999996,6876420.69,0],[652667.82,6876425.24,0],[652668.549999997,6876428.6,0],[652671,6876428.69,0],[652672.020000003,6876428.72,0],[652676.75,6876429.5,0],[652678.700000003,6876429.96,0],[652686.25,6876431.08,0],[652691.649999999,6876432.02,0],[652693.32,6876430.51,0],[652693.43,6876428.79,0],[652693.450000003,6876428.12,0],[652693.630000003,6876423.68,0],[652693.859999999,6876417.55,0],[652693.920000002,6876415.96,0],[652694.030000001,6876412.06,0],[652693.490000002,6876412.08,0],[652693.479999997,6876399.35,0],[652693.460000001,6876394.21,0],[652693.409999996,6876388.16,0],[652693.399999999,6876385.92,0],[652693.380000003,6876379.42,0],[652693.380000003,6876378.77,0],[652693.310000002,6876367.44,0],[652693.210000001,6876363.12,0],[652694.280000001,6876363.06,0],[652694.590000004,6876360.34,0],[652695.170000002,6876356.42,0],[652691.810000002,6876353.7,0],[652687.579999998,6876353.85,0],[652685.439999998,6876353.97,0],[652682.340000004,6876354.14,0],[652677.579999998,6876354.17,0],[652676.270000003,6876354.17,0],[652671.289999999,6876354.15,0],[652667.979999997,6876354.18,0],[652667.590000004,6876354.17,0],[652666.350000001,6876354.11,0],[652661.43,6876353.88,0],[652657.310000002,6876353.74,0],[652656.369999997,6876353.69,0],[652650.390000001,6876353.43,0],[652648.740000002,6876353.27,0],[652648.159999996,6876353.21,0],[652644.270000003,6876352.67,0],[652640.049999997,6876352.39,0],[652639.990000002,6876352.38,0],[652636.68,6876351.97,0],[652632.590000004,6876351.55,0],[652630.490000002,6876351.35,0],[652628.18,6876351.11,0],[652624.890000001,6876350.72,0],[652623.780000001,6876350.58,0],[652619.619999997,6876350.11,0],[652618.890000001,6876350.01,0],[652615.369999997,6876349.52,0],[652612.890000001,6876349.05,0],[652609.759999998,6876348.64,0],[652606.229999997,6876348.3,0],[652603.93,6876348.08,0],[652600.579999998,6876347.77,0],[652599.560000002,6876347.65,0],[652597.399999999,6876347.39,0],[652595.780000001,6876347.23,0],[652592.869999997,6876346.94,0],[652591.57,6876346.86,0],[652587.68,6876346.59,0],[652585.659999996,6876346.46,0],[652584.020000003,6876346.67,0],[652583.049999997,6876346.96,0],[652579.899999999,6876347.93,0],[652578.119999997,6876348.46,0],[652576.710000001,6876348.88,0],[652575.310000002,6876349.28,0],[652568.829999998,6876351.13,0],[652567.619999997,6876351.52,0],[652563.759999998,6876352.77,0],[652559.880000003,6876354.36,0],[652554.299999997,6876356.82,0],[652550.810000002,6876358.27,0],[652546.200000003,6876360.24,0],[652545.689999998,6876360.44,0],[652542.600000001,6876361.69,0],[652537.539999999,6876363.85,0],[652533.950000003,6876365.34,0],[652530.659999996,6876366.72,0],[652529.979999997,6876367,0],[652524.609999999,6876369.25,0],[652522.810000002,6876370.03,0],[652519.289999999,6876371.59,0],[652516.539999999,6876372.73,0],[652515.969999999,6876373.23,0],[652513.979999997,6876373.03,0],[652509.539999999,6876375.2,0],[652504.68,6876377.42,0],[652503.25,6876378.55,0],[652498.259999998,6876381.77,0],[652493.420000002,6876385.14,0],[652493.170000002,6876386.06,0],[652494.799999997,6876387.78,0],[652497.329999998,6876390.5,0],[652499.770000003,6876393.13,0],[652502.25,6876395.93,0],[652504.619999997,6876398.65,0],[652508.380000003,6876402.92,0],[652511.009999998,6876405.82,0],[652514.109999999,6876409.24,0],[652516.810000002,6876412.48,0],[652521.759999998,6876418.04,0],[652524.789999999,6876421.72,0],[652524.07,6876422.06,0],[652530.020000003,6876428.06,0],[652534.520000003,6876432.78,0],[652539.049999997,6876437.5,0],[652540.75,6876436.42,0],[652543.109999999,6876438.89,0],[652549.119999997,6876445.27,0],[652552.200000003,6876448.53,0],[652556.719999999,6876449.54,0],[652561.409999996,6876448.01,0],[652563.649999999,6876447.31,0],[652574.310000002,6876444.13,0],[652579.420000002,6876442.55,0],[652577.82,6876438.31,0]]],[[[652195.789999999,6876467.19,0],[652206.700000003,6876463.34,0],[652206.57,6876461.64,0],[652216.299999997,6876458.83,0],[652221.369999997,6876457.41,0],[652221.390000001,6876457.41,0],[652222.170000002,6876459.3,0],[652227.399999999,6876457.61,0],[652230.740000002,6876456.42,0],[652235.270000003,6876454.79,0],[652237.560000002,6876453.84,0],[652241.649999999,6876452.15,0],[652247.240000002,6876449.64,0],[652247.280000001,6876449.63,0],[652255.340000004,6876446.66,0],[652256.420000002,6876446.31,0],[652269.829999998,6876441.98,0],[652270.939999998,6876441.57,0],[652278.890000001,6876438.63,0],[652283.5,6876436.94,0],[652292.520000003,6876433.54,0],[652291.450000003,6876431.08,0],[652290.039999999,6876427.93,0],[652286.670000002,6876422.1,0],[652284.020000003,6876417.92,0],[652281.090000004,6876413.31,0],[652280.310000002,6876412.08,0],[652277.659999996,6876408.08,0],[652276.909999996,6876406.95,0],[652274.880000003,6876403.84,0],[652270.899999999,6876401.35,0],[652266.68,6876400.92,0],[652263.079999998,6876400.55,0],[652260.240000002,6876400.26,0],[652256.090000004,6876399.78,0],[652251.020000003,6876399.21,0],[652249.219999999,6876399.02,0],[652245.43,6876398.64,0],[652240.130000003,6876398.02,0],[652236.310000002,6876397.69,0],[652236.159999996,6876396.97,0],[652230.43,6876396.31,0],[652230.299999997,6876395.63,0],[652224.380000003,6876394.93,0],[652224.619999997,6876396.2,0],[652215.789999999,6876395.89,0],[652211.25,6876395.75,0],[652209.759999998,6876395.7,0],[652207.159999996,6876395.61,0],[652202.619999997,6876395.56,0],[652202.57,6876394.4,0],[652191.219999999,6876394.82,0],[652190.049999997,6876394.87,0],[652182.899999999,6876395.16,0],[652175.390000001,6876395.44,0],[652169.140000001,6876395.68,0],[652168.399999999,6876395.72,0],[652166.109999999,6876395.82,0],[652165.030000001,6876395.87,0],[652160.219999999,6876396.34,0],[652157.329999998,6876396.62,0],[652154.93,6876396.89,0],[652152.100000001,6876397.21,0],[652152,6876397.22,0],[652142.140000001,6876398.26,0],[652141.890000001,6876398.3,0],[652142.57,6876402.51,0],[652141.450000003,6876402.78,0],[652141.479999997,6876408.79,0],[652141.490000002,6876410.49,0],[652145.57,6876409.63,0],[652150.32,6876408.64,0],[652151.450000003,6876412.58,0],[652152,6876414.28,0],[652158.479999997,6876414.09,0],[652163.509999998,6876413.93,0],[652166.770000003,6876413.86,0],[652168.880000003,6876413.81,0],[652175.909999996,6876413.65,0],[652177.189999998,6876413.62,0],[652180.600000001,6876413.53,0],[652186.32,6876413.39,0],[652193.049999997,6876413.22,0],[652194.060000002,6876419.24,0],[652182.270000003,6876421.14,0],[652171.109999999,6876423.07,0],[652174.549999997,6876437.81,0],[652175.68,6876442.79,0],[652175.359999999,6876443.09,0],[652176.859999999,6876448.71,0],[652171.310000002,6876450.16,0],[652172.020000003,6876453.68,0],[652167,6876455.21,0],[652167.359999999,6876455.86,0],[652167.350000001,6876456.3,0],[652162.859999999,6876457.32,0],[652163.359999999,6876459.46,0],[652163.810000002,6876461.5,0],[652164.840000004,6876466.52,0],[652170.390000001,6876465.24,0],[652170.460000001,6876465.52,0],[652171.729999997,6876469.27,0],[652175.350000001,6876469.19,0],[652175.990000002,6876469.17,0],[652179.920000002,6876468.87,0],[652184.640000001,6876468.17,0],[652184.859999999,6876468.13,0],[652187.859999999,6876467.61,0],[652193.009999998,6876467.34,0],[652195.789999999,6876467.19,0]]],[[[652496.630000003,6876437.68,0],[652502.380000003,6876431.67,0],[652502.490000002,6876431.79,0],[652508.469999999,6876437.59,0],[652510.5,6876439.56,0],[652514.869999997,6876443.86,0],[652515.390000001,6876444.37,0],[652518.539999999,6876447.46,0],[652524.07,6876452.86,0],[652528.450000003,6876457.11,0],[652529.549999997,6876458.18,0],[652534.100000001,6876462.6,0],[652535.600000001,6876461.72,0],[652542.859999999,6876457.47,0],[652543.259999998,6876451.25,0],[652537.520000003,6876445.3,0],[652526.229999997,6876433.84,0],[652526.640000001,6876433.37,0],[652522.149999999,6876428.92,0],[652519.649999999,6876426.38,0],[652519.43,6876426.58,0],[652515.520000003,6876422.63,0],[652513.299999997,6876420.39,0],[652513.090000004,6876420.17,0],[652507.210000001,6876413.4,0],[652503.960000001,6876409.62,0],[652500.950000003,6876406.11,0],[652500.079999998,6876406.9,0],[652496.689999998,6876403.14,0],[652494.090000004,6876400.2,0],[652492.460000001,6876398.46,0],[652490.670000002,6876396.46,0],[652491.490000002,6876395.69,0],[652484.340000004,6876387.69,0],[652484.289999999,6876387.68,0],[652478.770000003,6876386.52,0],[652475.060000002,6876385.9,0],[652474.5,6876385.8,0],[652472.350000001,6876385.37,0],[652470.270000003,6876384.67,0],[652463.810000002,6876382.89,0],[652463.859999999,6876382.8,0],[652460.609999999,6876382.25,0],[652457.5,6876381.9,0],[652453.479999997,6876381.31,0],[652448.729999997,6876380.78,0],[652444.880000003,6876380.55,0],[652440.990000002,6876381.26,0],[652440.409999996,6876381.39,0],[652436.270000003,6876382.37,0],[652431.039999999,6876383.48,0],[652427.990000002,6876384.3,0],[652427.880000003,6876384.34,0],[652424.710000001,6876385.6,0],[652421.18,6876387.27,0],[652418.630000003,6876388.76,0],[652414.950000003,6876391.13,0],[652410.869999997,6876393.77,0],[652419.399999999,6876408.02,0],[652420.600000001,6876407.42,0],[652423.340000004,6876405.86,0],[652423.869999997,6876405.57,0],[652428.390000001,6876403.1,0],[652430.350000001,6876402.02,0],[652431.43,6876401.42,0],[652432.359999999,6876400.88,0],[652436.409999996,6876407.81,0],[652437.439999998,6876409.55,0],[652441.509999998,6876416.45,0],[652450.350000001,6876410.92,0],[652457.859999999,6876420.05,0],[652457.780000001,6876420.14,0],[652447.170000002,6876426.4,0],[652437.43,6876432.1,0],[652434.109999999,6876434,0],[652436.950000003,6876439.06,0],[652440.729999997,6876445.9,0],[652442.600000001,6876449.28,0],[652448,6876458.74,0],[652450.380000003,6876462.89,0],[652455.75,6876472.55,0],[652458.020000003,6876476.6,0],[652464.189999998,6876487.57,0],[652464.509999998,6876488.13,0],[652468.560000002,6876495.31,0],[652475,6876497.44,0],[652478.009999998,6876495.59,0],[652488.829999998,6876489.23,0],[652489.780000001,6876488.67,0],[652485.170000002,6876480.3,0],[652482.189999998,6876474.93,0],[652478.280000001,6876467.89,0],[652474.890000001,6876461.81,0],[652477.689999998,6876460.23,0],[652480.710000001,6876458.54,0],[652486.200000003,6876455.47,0],[652486.5,6876455.3,0],[652491.189999998,6876452.68,0],[652497.630000003,6876449.02,0],[652496.689999998,6876447.35,0],[652494.649999999,6876444.35,0],[652492.340000004,6876442.01,0],[652496.630000003,6876437.68,0]]],[[[651814.049999997,6876455.32,0],[651811.609999999,6876450.33,0],[651809.119999997,6876444.81,0],[651790.039999999,6876430.85,0],[651788.350000001,6876429.6,0],[651773.740000002,6876444.23,0],[651770.640000001,6876447.26,0],[651766.210000001,6876451.56,0],[651750.509999998,6876450.84,0],[651750,6876450.83,0],[651744.640000001,6876450.64,0],[651732.439999998,6876450.21,0],[651726.329999998,6876449.99,0],[651723.960000001,6876449.9,0],[651705.359999999,6876449.22,0],[651702.780000001,6876449.12,0],[651685.979999997,6876448.62,0],[651686.960000001,6876452.08,0],[651690.240000002,6876452.06,0],[651702.490000002,6876452.64,0],[651704.240000002,6876458.08,0],[651706.189999998,6876464.13,0],[651707.340000004,6876467.9,0],[651710.909999996,6876479.65,0],[651711.170000002,6876480.47,0],[651696.289999999,6876485.43,0],[651699.609999999,6876497.37,0],[651703.990000002,6876513.45,0],[651704.060000002,6876513.48,0],[651706.990000002,6876514.39,0],[651713.689999998,6876511.04,0],[651719.880000003,6876508.66,0],[651739.719999999,6876501,0],[651762.630000003,6876492.36,0],[651764.890000001,6876491.37,0],[651778.950000003,6876485.19,0],[651786.210000001,6876482.06,0],[651786.920000002,6876481.62,0],[651791.479999997,6876478.86,0],[651804.469999999,6876470.42,0],[651806.439999998,6876467.23,0],[651809.799999997,6876461.96,0],[651811.719999999,6876458.96,0],[651814.049999997,6876455.32,0]]],[[[652450.289999999,6876477.7,0],[652448.579999998,6876474.56,0],[652448.460000001,6876474.33,0],[652445.520000003,6876469.05,0],[652442.899999999,6876464.55,0],[652442.829999998,6876464.42,0],[652438.439999998,6876456.6,0],[652432.710000001,6876446.26,0],[652426.829999998,6876435.85,0],[652423.799999997,6876430.52,0],[652422.909999996,6876428.95,0],[652421.109999999,6876425.78,0],[652418.009999998,6876420.28,0],[652417.090000004,6876418.64,0],[652417.020000003,6876418.51,0],[652410.780000001,6876407.41,0],[652407.140000001,6876400.96,0],[652405.670000002,6876398.31,0],[652403.359999999,6876397.62,0],[652397.07,6876401.1,0],[652393.119999997,6876403.18,0],[652392.130000003,6876403.87,0],[652391.909999996,6876403.98,0],[652387.789999999,6876405.85,0],[652383.890000001,6876407.66,0],[652383.600000001,6876407.78,0],[652379.479999997,6876409.52,0],[652378.840000004,6876409.79,0],[652370.469999999,6876413.21,0],[652364.579999998,6876415.65,0],[652364.100000001,6876415.85,0],[652359.399999999,6876417.73,0],[652359.18,6876417.82,0],[652356.130000003,6876419.09,0],[652354.630000003,6876419.71,0],[652348.5,6876422.14,0],[652342.619999997,6876424.13,0],[652340.420000002,6876424.94,0],[652337.75,6876425.92,0],[652336.259999998,6876426.46,0],[652332.780000001,6876427.74,0],[652331.060000002,6876428.37,0],[652322.420000002,6876431.38,0],[652319.130000003,6876432.52,0],[652318.939999998,6876432.07,0],[652308.719999999,6876435.63,0],[652310.25,6876439.77,0],[652306.210000001,6876441.53,0],[652304.469999999,6876445.89,0],[652307.409999996,6876450.84,0],[652314.450000003,6876463.45,0],[652314.530000001,6876463.61,0],[652318.380000003,6876461.62,0],[652319.549999997,6876461.02,0],[652324.100000001,6876458.6,0],[652328.109999999,6876456.47,0],[652334.409999996,6876453.12,0],[652332.299999997,6876449.5,0],[652331.109999999,6876447.46,0],[652330.960000001,6876447.12,0],[652329.969999999,6876444.91,0],[652333.43,6876442.88,0],[652335.25,6876446.93,0],[652337.270000003,6876445.94,0],[652338.539999999,6876448.82,0],[652339.920000002,6876448.06,0],[652341.68,6876451.22,0],[652340.609999999,6876453.83,0],[652339.590000004,6876454.4,0],[652339.969999999,6876455.02,0],[652340.060000002,6876454.97,0],[652342.840000004,6876459.58,0],[652350.079999998,6876455.47,0],[652352.93,6876453.86,0],[652360.359999999,6876449.67,0],[652360.740000002,6876449.46,0],[652364.649999999,6876447.28,0],[652366.509999998,6876446.24,0],[652367.460000001,6876445.71,0],[652367.840000004,6876445.5,0],[652369.289999999,6876444.67,0],[652372.719999999,6876442.75,0],[652374.82,6876441.57,0],[652378.390000001,6876439.55,0],[652383.200000003,6876436.83,0],[652386.409999996,6876442.58,0],[652387.579999998,6876444.67,0],[652389.939999998,6876448.75,0],[652390.219999999,6876449.23,0],[652391.609999999,6876448.47,0],[652393.659999996,6876447.35,0],[652396.600000001,6876445.68,0],[652400.18,6876443.63,0],[652400.850000001,6876443.28,0],[652409.759999998,6876459.3,0],[652409.899999999,6876459.61,0],[652410.579999998,6876461.09,0],[652411.009999998,6876461.86,0],[652417.25,6876473.01,0],[652418.649999999,6876475.43,0],[652418.659999996,6876475.45,0],[652419.840000004,6876477.5,0],[652421.710000001,6876476.46,0],[652423.93,6876475.21,0],[652429.450000003,6876484.99,0],[652429.649999999,6876485.34,0],[652437.149999999,6876498.23,0],[652437.659999996,6876499.13,0],[652443.390000001,6876509.01,0],[652446.659999996,6876514.68,0],[652458.020000003,6876507.98,0],[652460.75,6876506.27,0],[652462.600000001,6876499.37,0],[652459.859999999,6876494.51,0],[652456.57,6876488.84,0],[652456.369999997,6876488.5,0],[652453.369999997,6876483.16,0],[652450.289999999,6876477.7,0]]],[[[652218.609999999,6876503.1,0],[652219.469999999,6876502.77,0],[652220.07,6876503.68,0],[652223.460000001,6876510.95,0],[652226.880000003,6876509.13,0],[652221.740000002,6876499.31,0],[652239.310000002,6876491.25,0],[652239.329999998,6876491.23,0],[652246.729999997,6876485.78,0],[652247.509999998,6876487.25,0],[652249.789999999,6876491.6,0],[652256.899999999,6876505.12,0],[652273.43,6876496.47,0],[652286.090000004,6876489.72,0],[652285.770000003,6876488.86,0],[652281.579999998,6876478.26,0],[652303.670000002,6876465.15,0],[652305.579999998,6876464.03,0],[652303.840000004,6876460.96,0],[652295.109999999,6876445.48,0],[652289.670000002,6876447.63,0],[652289.289999999,6876447.78,0],[652289,6876447.43,0],[652287.359999999,6876445.46,0],[652283.950000003,6876444.97,0],[652283.390000001,6876445.18,0],[652270.420000002,6876449.94,0],[652266.689999998,6876451.31,0],[652266.149999999,6876450.41,0],[652259.619999997,6876452.91,0],[652256.340000004,6876454.17,0],[652251.710000001,6876455.95,0],[652245.939999998,6876458.21,0],[652244.829999998,6876458.57,0],[652238.18,6876460.82,0],[652231.82,6876463.02,0],[652231.130000003,6876463.25,0],[652220.710000001,6876466.35,0],[652221.109999999,6876466.96,0],[652215.710000001,6876468.35,0],[652214.740000002,6876468.6,0],[652203.759999998,6876471.35,0],[652202.149999999,6876471.77,0],[652194.380000003,6876473.61,0],[652189.07,6876474.89,0],[652188.850000001,6876474.09,0],[652182.689999998,6876475.31,0],[652172.850000001,6876477.35,0],[652172.950000003,6876477.88,0],[652168.75,6876478.82,0],[652169.68,6876481.64,0],[652172.280000001,6876488.63,0],[652178.359999999,6876486.1,0],[652178.850000001,6876487.38,0],[652181.469999999,6876494.12,0],[652183.909999996,6876500.38,0],[652185.530000001,6876504.56,0],[652186.450000003,6876504.14,0],[652189.039999999,6876503.02,0],[652189.280000001,6876503.33,0],[652193.57,6876508.82,0],[652197.899999999,6876514.33,0],[652198.969999999,6876515.69,0],[652199.270000003,6876516.32,0],[652199.700000003,6876517.24,0],[652204.960000001,6876514.73,0],[652207.909999996,6876513.32,0],[652214.759999998,6876510.04,0],[652220.579999998,6876507.26,0],[652218.609999999,6876503.1,0]]],[[[652076.090000004,6876513.18,0],[652082.32,6876509.71,0],[652096.479999997,6876501.41,0],[652103.350000001,6876497.49,0],[652107.560000002,6876495.08,0],[652107.229999997,6876494.33,0],[652107.240000002,6876494.32,0],[652112.990000002,6876491.25,0],[652113.350000001,6876491.8,0],[652116.960000001,6876489.81,0],[652117.340000004,6876489.63,0],[652127.270000003,6876484.76,0],[652129.380000003,6876483.72,0],[652133.32,6876481.85,0],[652132.689999998,6876480.58,0],[652130.039999999,6876475.27,0],[652128.090000004,6876471.38,0],[652126.939999998,6876469.07,0],[652126.280000001,6876467.74,0],[652121.25,6876469.15,0],[652120.890000001,6876469.27,0],[652109.609999999,6876472.73,0],[652107.909999996,6876473.26,0],[652108.100000001,6876475.48,0],[652108.159999996,6876476.29,0],[652104.43,6876477.37,0],[652103.899999999,6876474.74,0],[652098.950000003,6876476.17,0],[652098.090000004,6876470.75,0],[652097.579999998,6876470.2,0],[652097.060000002,6876470.06,0],[652096.950000003,6876470.09,0],[652096.880000003,6876469.45,0],[652095.479999997,6876469.48,0],[652094.880000003,6876469.49,0],[652091.710000001,6876469.78,0],[652085.780000001,6876470.32,0],[652084.200000003,6876470.43,0],[652077.350000001,6876470.86,0],[652077.979999997,6876476.56,0],[652077.140000001,6876476.6,0],[652076.409999996,6876470.17,0],[652074.990000002,6876459.35,0],[652063.979999997,6876461.87,0],[652064.25,6876464.65,0],[652064.840000004,6876470.63,0],[652064.899999999,6876471.46,0],[652053.939999998,6876474.39,0],[652054.329999998,6876479.58,0],[652054.57,6876483.06,0],[652054.649999999,6876484.19,0],[652054.780000001,6876485.93,0],[652055,6876488.2,0],[652049.549999997,6876489.75,0],[652048.630000003,6876489.89,0],[652050.280000001,6876497.18,0],[652051.740000002,6876502.94,0],[652051.920000002,6876503.37,0],[652052.329999998,6876504.3,0],[652053.799999997,6876509.67,0],[652048.68,6876511.67,0],[652048.390000001,6876511.31,0],[652047.060000002,6876511.5,0],[652046.859999999,6876511.91,0],[652047.549999997,6876513.24,0],[652046.969999999,6876513.61,0],[652046.350000001,6876513.8,0],[652046.82,6876515.04,0],[652041.280000001,6876517.38,0],[652042.229999997,6876519.34,0],[652038.780000001,6876520.58,0],[652039.359999999,6876521.8,0],[652041.450000003,6876526.26,0],[652044.340000004,6876532.46,0],[652044.460000001,6876532.4,0],[652054.460000001,6876526.86,0],[652054.060000002,6876526.04,0],[652058.75,6876522.98,0],[652059.579999998,6876522.51,0],[652063.859999999,6876520.09,0],[652066.399999999,6876518.63,0],[652073.469999999,6876514.63,0],[652076.090000004,6876513.18,0]]],[[[652000.119999997,6876552.07,0],[652003.579999998,6876550.71,0],[652004.060000002,6876551.71,0],[652009.020000003,6876549.47,0],[652012.590000004,6876547.84,0],[652013.710000001,6876547.34,0],[652018.090000004,6876545.26,0],[652022.049999997,6876543.37,0],[652022.549999997,6876543.13,0],[652024.280000001,6876539.47,0],[652023.93,6876538.85,0],[652019.469999999,6876529.82,0],[652019.32,6876529.43,0],[652018.649999999,6876527.78,0],[652018.100000001,6876526.41,0],[652014.079999998,6876516.12,0],[652012.399999999,6876516.66,0],[652009.270000003,6876510,0],[652010.380000003,6876507,0],[652009.049999997,6876502.49,0],[652007.07,6876503.13,0],[652005.950000003,6876500.08,0],[652005.310000002,6876500.29,0],[652003.490000002,6876500.84,0],[652002.270000003,6876496.93,0],[652001.960000001,6876495.96,0],[652001.200000003,6876493.49,0],[651999.020000003,6876486.45,0],[651995.049999997,6876473.55,0],[651992.149999999,6876463.89,0],[651977.549999997,6876468.31,0],[651969.979999997,6876470.65,0],[651967.590000004,6876467.41,0],[651965.840000004,6876464.99,0],[651972.619999997,6876460.62,0],[651973.270000003,6876460.15,0],[651970.418099999,6876450.6002,0],[651970.409999996,6876450.58,0],[651970.200000003,6876449.87,0],[651971.649999999,6876449.45,0],[651969.18,6876442.45,0],[651967.789999999,6876442.85,0],[651966.640000001,6876440.94,0],[651958.560000002,6876427.96,0],[651957.789999999,6876424.75,0],[651955.350000001,6876414.68,0],[651955.200000003,6876414,0],[651964.229999997,6876411.96,0],[651968.240000002,6876411.05,0],[651979.619999997,6876408.47,0],[651983.799999997,6876407.52,0],[651992.850000001,6876405.49,0],[651992.780000001,6876405.11,0],[651991.219999999,6876397.09,0],[651991.079999998,6876396.41,0],[651990.340000004,6876392.18,0],[651989.090000004,6876384.02,0],[651988.090000004,6876377.34,0],[651987.149999999,6876371.06,0],[651983.049999997,6876370.61,0],[651980.350000001,6876370.3,0],[651973.020000003,6876369.39,0],[651967.090000004,6876368.63,0],[651965.630000003,6876368.43,0],[651963.719999999,6876368.18,0],[651961.509999998,6876367.9,0],[651954.579999998,6876366.99,0],[651952.539999999,6876366.71,0],[651951.630000003,6876366.66,0],[651944.859999999,6876366.89,0],[651943.939999998,6876367.02,0],[651943.170000002,6876367.12,0],[651939.969999999,6876367.55,0],[651937.829999998,6876368.22,0],[651930.310000002,6876370.76,0],[651923.149999999,6876373.18,0],[651916.960000001,6876375.38,0],[651911.369999997,6876377.36,0],[651906.100000001,6876379.33,0],[651906.049999997,6876379.35,0],[651902.450000003,6876381.18,0],[651894.810000002,6876385.1,0],[651886.420000002,6876389.26,0],[651885.600000001,6876390.91,0],[651885.659999996,6876393.87,0],[651885.630000003,6876401.83,0],[651885.619999997,6876406.2,0],[651885.560000002,6876409.33,0],[651885.340000004,6876424.58,0],[651885.399999999,6876426.37,0],[651885.409999996,6876426.55,0],[651891.18,6876435.9,0],[651891.759999998,6876436.7,0],[651892.270000003,6876437.39,0],[651894.659999996,6876439.94,0],[651896.030000001,6876441.41,0],[651897.950000003,6876443.62,0],[651900.539999999,6876446.59,0],[651905.07,6876451.81,0],[651906.32,6876453.31,0],[651909.399999999,6876457.04,0],[651909.530000001,6876457.19,0],[651909.939999998,6876457.69,0],[651918.049999997,6876467.44,0],[651918.549999997,6876467.07,0],[651921.909999996,6876471.63,0],[651923.909999996,6876475.43,0],[651924.829999998,6876477.18,0],[651928.590000004,6876484.59,0],[651930.119999997,6876487.94,0],[651932.229999997,6876492.58,0],[651932.770000003,6876493.54,0],[651935.960000001,6876499.25,0],[651936.640000001,6876498.73,0],[651939.920000002,6876504.33,0],[651942.259999998,6876508.62,0],[651946.039999999,6876515.57,0],[651947.880000003,6876518.94,0],[651949.649999999,6876522.18,0],[651951.560000002,6876525.4,0],[651952.409999996,6876526.75,0],[651953.560000002,6876528.59,0],[651953.509999998,6876528.8,0],[651953.310000002,6876529.73,0],[651954.189999998,6876530.94,0],[651957.960000001,6876536.45,0],[651958.490000002,6876537.03,0],[651958.869999997,6876537.43,0],[651962.060000002,6876540.31,0],[651963.310000002,6876541.38,0],[651965.909999996,6876543.62,0],[651970.670000002,6876547.73,0],[651972.280000001,6876549.03,0],[651972.490000002,6876549.18,0],[651975.259999998,6876551.1,0],[651979.670000002,6876553.14,0],[651982.530000001,6876553.98,0],[651984.729999997,6876554.49,0],[651986.259999998,6876554.75,0],[651986.710000001,6876554.83,0],[651991.920000002,6876554.46,0],[651995.649999999,6876553.75,0],[651997.670000002,6876552.99,0],[652000.119999997,6876552.07,0]]],[[[651673.920000002,6876531.95,0],[651687.289999999,6876524.58,0],[651695.140000001,6876520.3,0],[651693.579999998,6876516.35,0],[651693.890000001,6876514.68,0],[651692.670000002,6876509.7,0],[651692.549999997,6876509.18,0],[651692.399999999,6876508.71,0],[651691.159999996,6876504.42,0],[651688.130000003,6876493.98,0],[651681.609999999,6876470.69,0],[651679.840000004,6876464.31,0],[651677.460000001,6876455.74,0],[651674.630000003,6876453.98,0],[651674.619999997,6876453.94,0],[651669.039999999,6876454.23,0],[651662.799999997,6876454.68,0],[651643.740000002,6876455.84,0],[651637.469999999,6876456.22,0],[651622.729999997,6876457.15,0],[651615.960000001,6876457.55,0],[651609.710000001,6876457.95,0],[651602.840000004,6876458.47,0],[651609.469999999,6876497.28,0],[651613.950000003,6876496.51,0],[651617.799999997,6876523.39,0],[651604.5,6876525.4,0],[651604.189999998,6876523.79,0],[651603.840000004,6876521.96,0],[651591.159999996,6876523.56,0],[651590.359999999,6876518.24,0],[651588.960000001,6876518.45,0],[651587.57,6876518.66,0],[651586.009999998,6876518.89,0],[651579.75,6876519.82,0],[651578.549999997,6876520.05,0],[651578.130000003,6876520.13,0],[651577.640000001,6876520.21,0],[651564.75,6876522.25,0],[651555.509999998,6876523.64,0],[651548.020000003,6876524.64,0],[651546.369999997,6876524.87,0],[651544.210000001,6876520.21,0],[651542.039999999,6876515.51,0],[651532.909999996,6876517.3,0],[651532.490000002,6876517.38,0],[651529.189999998,6876518.03,0],[651523.520000003,6876518.98,0],[651523.030000001,6876515.74,0],[651519.850000001,6876493.22,0],[651518.689999998,6876484.72,0],[651516.399999999,6876485.27,0],[651509.530000001,6876486.95,0],[651511.829999998,6876498.78,0],[651512.439999998,6876501.86,0],[651512.649999999,6876502.88,0],[651514.479999997,6876512.19,0],[651516.57,6876522.8,0],[651519.579999998,6876538.03,0],[651523.270000003,6876556.9,0],[651524.079999998,6876561.02,0],[651524.32,6876562.22,0],[651525.130000003,6876566.38,0],[651526.009999998,6876570.87,0],[651526.75,6876574.62,0],[651527.32,6876577.53,0],[651528.420000002,6876583.15,0],[651523.850000001,6876584.78,0],[651519.549999997,6876586.31,0],[651520.049999997,6876588.36,0],[651522.520000003,6876598.41,0],[651523.090000004,6876598.88,0],[651526.880000003,6876597.56,0],[651537.990000002,6876592.49,0],[651538.859999999,6876592.09,0],[651551.380000003,6876586.29,0],[651552.890000001,6876585.6,0],[651565.079999998,6876579.96,0],[651567.340000004,6876578.92,0],[651569.560000002,6876577.9,0],[651577.829999998,6876574.06,0],[651588.270000003,6876569.16,0],[651591.619999997,6876567.59,0],[651591.880000003,6876567.47,0],[651592.109999999,6876567.35,0],[651601.380000003,6876562.7,0],[651603.469999999,6876561.64,0],[651612.710000001,6876557.12,0],[651616.280000001,6876555.65,0],[651617.140000001,6876555.28,0],[651621.359999999,6876553.45,0],[651635.189999998,6876547.5,0],[651645.310000002,6876543,0],[651650.939999998,6876540.62,0],[651652.700000003,6876539.97,0],[651667.259999998,6876534.48,0],[651669.039999999,6876533.81,0],[651673.920000002,6876531.95,0]]],[[[652875.619999997,6876607.72,0],[652870.899999999,6876586.58,0],[652870.590000004,6876585.19,0],[652867.630000003,6876572.73,0],[652864.979999997,6876561.61,0],[652864.579999998,6876559.82,0],[652861.240000002,6876545.66,0],[652860.189999998,6876541.17,0],[652857.869999997,6876530.48,0],[652857.049999997,6876526.66,0],[652855.219999999,6876518.81,0],[652852.409999996,6876506.76,0],[652851.960000001,6876504.68,0],[652850.630000003,6876498.59,0],[652850.170000002,6876496.45,0],[652845.340000004,6876491.27,0],[652838.509999998,6876499,0],[652833.359999999,6876504.84,0],[652827.869999997,6876511.07,0],[652827.060000002,6876512,0],[652812.729999997,6876528.13,0],[652784.380000003,6876560.28,0],[652782.904399998,6876561.876,0],[652781.560000002,6876563.33,0],[652783.960000001,6876564.84,0],[652793,6876570.41,0],[652797.079999998,6876572.93,0],[652802.030000001,6876576,0],[652802.759999998,6876576.53,0],[652805.213699996,6876573.9827,0],[652818.635799997,6876581.2665,0],[652818.189999998,6876581.64,0],[652816.460000001,6876583.08,0],[652825.280000001,6876588.81,0],[652827.960000001,6876590.55,0],[652828.009999998,6876590.5,0],[652833.25,6876593.9,0],[652851.210000001,6876602.38,0],[652858.549999997,6876605.66,0],[652862.43,6876607.55,0],[652864.409999996,6876608.37,0],[652866.57,6876609.19,0],[652868.420000002,6876609.61,0],[652869.490000002,6876609.67,0],[652870.789999999,6876609.5692,0],[652871.939999998,6876609.48,0],[652874.259999998,6876608.66,0],[652875.619999997,6876607.72,0]]],[[[652899.100000001,6876432.64,0],[652889.109999999,6876424.34,0],[652886.530000001,6876424.66,0],[652882.710000001,6876419.09,0],[652880.350000001,6876417.15,0],[652873.649999999,6876411.74,0],[652873.149999999,6876411.25,0],[652866.100000001,6876405.51,0],[652863.399999999,6876403.29,0],[652858.509999998,6876399.27,0],[652854.670000002,6876396.18,0],[652853.520000003,6876395.27,0],[652845.630000003,6876388.9,0],[652833.829999998,6876379.58,0],[652834.329999998,6876380.09,0],[652838.07,6876386.51,0],[652841.859999999,6876402.83,0],[652841.969999999,6876403.33,0],[652844.049999997,6876415.21,0],[652846.590000004,6876429.59,0],[652848.32,6876439.47,0],[652854.229999997,6876471.59,0],[652854.759999998,6876474.44,0],[652855.780000001,6876479.76,0],[652857.82,6876490.62,0],[652859.170000002,6876497.67,0],[652860.130000003,6876502.83,0],[652864.43,6876522.12,0],[652865.439999998,6876526.67,0],[652865.460000001,6876526.76,0],[652866.130000003,6876529.76,0],[652867.210000001,6876534.76,0],[652868.630000003,6876541.21,0],[652870.030000001,6876547.58,0],[652872.359999999,6876557.47,0],[652874.560000002,6876566.85,0],[652876.649999999,6876575.73,0],[652876.990000002,6876577.29,0],[652878.039999999,6876582.09,0],[652880.329999998,6876592.47,0],[652881.109999999,6876596.03,0],[652883.649999999,6876605.14,0],[652883.670000002,6876605.2,0],[652887.630000003,6876615.26,0],[652891.43,6876614.42,0],[652916.549999997,6876608.87,0],[652929.189999998,6876606.07,0],[652940.210000001,6876603.63,0],[652937.770000003,6876592.65,0],[652937.170000002,6876590,0],[652934.759999998,6876580.46,0],[652931.729999997,6876568.48,0],[652931.719999999,6876568.42,0],[652935.340000004,6876567.93,0],[652940.899999999,6876567.08,0],[652949.420000002,6876565.79,0],[652952.689999998,6876565.31,0],[652961.299999997,6876563.91,0],[652970.439999998,6876562.41,0],[652985.350000001,6876559.98,0],[652994.090000004,6876558.57,0],[652992.840000004,6876540.74,0],[652992.229999997,6876531.96,0],[652991.560000002,6876522.82,0],[653003.049999997,6876521.05,0],[653004.270000003,6876520.89,0],[653000.82,6876517.89,0],[652994.509999998,6876512.24,0],[652987.520000003,6876506.24,0],[652981.609999999,6876501.24,0],[652980.090000004,6876499.93,0],[652977.030000001,6876497.29,0],[652970.030000001,6876491.55,0],[652957.890000001,6876481.3,0],[652948.850000001,6876473.9,0],[652947.149999999,6876472.51,0],[652937.950000003,6876464.87,0],[652931.479999997,6876459.58,0],[652924.939999998,6876454.02,0],[652919.350000001,6876449.44,0],[652918.700000003,6876448.88,0],[652913.600000001,6876444.56,0],[652907.299999997,6876439.37,0],[652899.100000001,6876432.64,0]]],[[[652184.710000001,6876593.95,0],[652181.5,6876586.12,0],[652180.780000001,6876584.39,0],[652176.859999999,6876575.07,0],[652176.420000002,6876574,0],[652173.390000001,6876566.53,0],[652172.469999999,6876564.34,0],[652169.07,6876556.22,0],[652163.590000004,6876543.09,0],[652162.229999997,6876539.82,0],[652167.210000001,6876537.8,0],[652163.560000002,6876527.72,0],[652162.359999999,6876524.48,0],[652161.409999996,6876521.9,0],[652158.549999997,6876514.15,0],[652157.880000003,6876512.25,0],[652155.630000003,6876505.86,0],[652153.68,6876500.31,0],[652153.119999997,6876498.73,0],[652153.060000002,6876498.58,0],[652152.170000002,6876496.08,0],[652156.130000003,6876494.62,0],[652163.689999998,6876491.82,0],[652168.479999997,6876490.05,0],[652166.530000001,6876484.74,0],[652164.659999996,6876479.72,0],[652161.18,6876480.49,0],[652160.93,6876479.8,0],[652148.530000001,6876482.95,0],[652147.560000002,6876483.3,0],[652146.609999999,6876483.64,0],[652136.75,6876487.38,0],[652136.240000002,6876487.66,0],[652134.780000001,6876488.43,0],[652124.799999997,6876494.06,0],[652124.109999999,6876494.45,0],[652109.119999997,6876503.14,0],[652100.75,6876507.93,0],[652097.950000003,6876509.54,0],[652095.119999997,6876511.16,0],[652091.590000004,6876513.32,0],[652088.82,6876515.02,0],[652084.630000003,6876517.61,0],[652078.530000001,6876521.36,0],[652081.549999997,6876526.09,0],[652086.5,6876534.06,0],[652087.030000001,6876533.75,0],[652088.090000004,6876535.44,0],[652089.100000001,6876536.87,0],[652090.43,6876538.73,0],[652091.700000003,6876540.67,0],[652091.909999996,6876541,0],[652093.439999998,6876545.09,0],[652094.049999997,6876546.72,0],[652095.539999999,6876551.21,0],[652096.090000004,6876552.87,0],[652096.369999997,6876553.73,0],[652097.799999997,6876558.03,0],[652098.560000002,6876558.66,0],[652098.539999999,6876559.26,0],[652098.600000001,6876559.48,0],[652101.280000001,6876567.97,0],[652102.93,6876573.22,0],[652104.469999999,6876578.08,0],[652106,6876582.88,0],[652106.909999996,6876585.82,0],[652108.530000001,6876590.98,0],[652108.850000001,6876591.45,0],[652109.140000001,6876591.89,0],[652117.520000003,6876588.97,0],[652119.909999996,6876594.87,0],[652116.380000003,6876595.93,0],[652120.420000002,6876610.75,0],[652118.140000001,6876617.85,0],[652118.740000002,6876619.74,0],[652119.549999997,6876622.72,0],[652122.420000002,6876628.1,0],[652123.18,6876629.25,0],[652140.490000002,6876623.87,0],[652162.869999997,6876616.87,0],[652190.600000001,6876608.04,0],[652187.149999999,6876599.8,0],[652184.710000001,6876593.95,0]]],[[[652088.950000003,6876555.84,0],[652087.460000001,6876552.15,0],[652089.189999998,6876551.13,0],[652086.619999997,6876544.3,0],[652086.600000001,6876544.24,0],[652085.670000002,6876542.85,0],[652082.259999998,6876537.56,0],[652079.270000003,6876537.83,0],[652072.329999998,6876525.41,0],[652061.159999996,6876531.85,0],[652058.130000003,6876533.59,0],[652054.659999996,6876535.59,0],[652054.07,6876535.94,0],[652049.189999998,6876538.85,0],[652047.890000001,6876539.64,0],[652043.07,6876542.52,0],[652047.229999997,6876551.54,0],[652049,6876555.4,0],[652055.899999999,6876551.88,0],[652056.719999999,6876551.46,0],[652059.299999997,6876550.14,0],[652063.859999999,6876559.74,0],[652061.390000001,6876561.29,0],[652062.25,6876563.07,0],[652066.149999999,6876560.77,0],[652065.310000002,6876558.99,0],[652065.130000003,6876557.48,0],[652072.950000003,6876552.59,0],[652074.759999998,6876555.43,0],[652075.119999997,6876556.01,0],[652076.539999999,6876558.65,0],[652079.590000004,6876564.33,0],[652080.560000002,6876566.31,0],[652081.43,6876568.08,0],[652081.659999996,6876568.61,0],[652077.130000003,6876571.14,0],[652070.659999996,6876574.68,0],[652076.060000002,6876586.07,0],[652081.329999998,6876597.25,0],[652082.539999999,6876599.8,0],[652087.700000003,6876610.66,0],[652086.950000003,6876610.99,0],[652078.460000001,6876614.92,0],[652078.990000002,6876615.6,0],[652080.280000001,6876617.21,0],[652084.920000002,6876620.03,0],[652089.530000001,6876622.89,0],[652104.939999998,6876632.18,0],[652107.799999997,6876634,0],[652108.969999999,6876634.58,0],[652110.700000003,6876634.57,0],[652112.799999997,6876633.54,0],[652113.880000003,6876631.27,0],[652111.780000001,6876621.5,0],[652107.25,6876602.14,0],[652106.990000002,6876601.03,0],[652106.759999998,6876600.41,0],[652105.990000002,6876598.42,0],[652105.630000003,6876597.44,0],[652101.450000003,6876587.7,0],[652099.619999997,6876582.83,0],[652096.579999998,6876575.04,0],[652097.140000001,6876574.45,0],[652095.520000003,6876569.17,0],[652094.969999999,6876567.39,0],[652093.270000003,6876562.25,0],[652092.539999999,6876560.03,0],[652091.329999998,6876558.03,0],[652089.390000001,6876556.91,0],[652088.950000003,6876555.84,0]]],[[[651494.590000004,6876609.87,0],[651503.380000003,6876606.55,0],[651507.240000002,6876605.09,0],[651512.259999998,6876603.12,0],[651519.780000001,6876600.16,0],[651517.149999999,6876588.87,0],[651516.640000001,6876586.7,0],[651516.329999998,6876585.32,0],[651515.340000004,6876580.99,0],[651507.899999999,6876582.73,0],[651507.140000001,6876579.19,0],[651506.060000002,6876574.1,0],[651513.380000003,6876572.15,0],[651512.009999998,6876565.46,0],[651502.469999999,6876567.58,0],[651495.270000003,6876569.2,0],[651493.909999996,6876563.11,0],[651492.719999999,6876557.46,0],[651492.189999998,6876554.94,0],[651479.119999997,6876557.62,0],[651472.229999997,6876559.01,0],[651466.829999998,6876560.11,0],[651452.240000002,6876562.96,0],[651453.939999998,6876571.14,0],[651458.189999998,6876592.06,0],[651460.18,6876601.92,0],[651448.469999999,6876604.5,0],[651447.670000002,6876604.68,0],[651435.990000002,6876607.21,0],[651434.75,6876598.22,0],[651434.57,6876597.09,0],[651433.240000002,6876588.53,0],[651412.329999998,6876592.95,0],[651412.75,6876594.83,0],[651398,6876598.55,0],[651391.649999999,6876575.35,0],[651388.270000003,6876562.73,0],[651384.82,6876563.6,0],[651373.82,6876566.17,0],[651371.57,6876574.18,0],[651369.799999997,6876580.52,0],[651367.950000003,6876581.16,0],[651360.82,6876582.98,0],[651348.539999999,6876586.18,0],[651346.159999996,6876586.9,0],[651343.710000001,6876578.78,0],[651340.640000001,6876580.24,0],[651327.280000001,6876586.37,0],[651322.509999998,6876588.54,0],[651319.670000002,6876589.82,0],[651311.619999997,6876593.57,0],[651309.219999999,6876594.53,0],[651307.630000003,6876595.44,0],[651306.810000002,6876597.09,0],[651309.549999997,6876604.97,0],[651312.759999998,6876614.9,0],[651314.990000002,6876621.83,0],[651319.93,6876636.88,0],[651321.409999996,6876638.74,0],[651320.780000001,6876640.37,0],[651320.579999998,6876640.93,0],[651320.009999998,6876646.25,0],[651324.170000002,6876656.85,0],[651330.030000001,6876672.38,0],[651331.880000003,6876673.14,0],[651335.200000003,6876671.43,0],[651336.890000001,6876670.56,0],[651340.32,6876668.85,0],[651343.219999999,6876667.41,0],[651344.149999999,6876666.94,0],[651346.670000002,6876665.69,0],[651347.939999998,6876665.06,0],[651358.68,6876659.8,0],[651364.93,6876656.75,0],[651366.420000002,6876656.09,0],[651367.310000002,6876655.71,0],[651374.460000001,6876652.09,0],[651380.219999999,6876649.17,0],[651387.200000003,6876645.47,0],[651390.789999999,6876643.57,0],[651396.289999999,6876640.65,0],[651404.409999996,6876636.24,0],[651404.509999998,6876636.19,0],[651408.859999999,6876635.15,0],[651412.659999996,6876634.25,0],[651417.329999998,6876633.14,0],[651421.259999998,6876632.23,0],[651430.240000002,6876630.17,0],[651438.280000001,6876628.31,0],[651452.759999998,6876624.07,0],[651459.960000001,6876621.96,0],[651476.729999997,6876616.24,0],[651486.07,6876613.06,0],[651486.950000003,6876612.76,0],[651494.590000004,6876609.87,0]]],[[[651767.490000002,6876598.78,0],[651769.140000001,6876598.12,0],[651775.159999996,6876613.45,0],[651780.460000001,6876611.41,0],[651798.289999999,6876604.47,0],[651817.710000001,6876596.97,0],[651827.920000002,6876593.1,0],[651830.579999998,6876592.11,0],[651836.310000002,6876590.18,0],[651837.82,6876589.64,0],[651840.75,6876588.61,0],[651851.600000001,6876584.9,0],[651857.560000002,6876582.87,0],[651859.130000003,6876582.34,0],[651868.140000001,6876579.22,0],[651877.25,6876581.65,0],[651880.909999996,6876582.63,0],[651897.5,6876587.06,0],[651900.009999998,6876587.68,0],[651904.899999999,6876586.11,0],[651912.450000003,6876603.08,0],[651913.404200003,6876602.8528,0],[651914.880000003,6876602.71,0],[651909.200000003,6876589.85,0],[651921.219999999,6876584.04,0],[651922.32,6876584.7,0],[651921.883299999,6876582.1386,0],[651931.210000001,6876578.29,0],[651928.619999997,6876572.84,0],[651933.640000001,6876571.11,0],[651933.649999999,6876571.07,0],[651933.880000003,6876568.33,0],[651934.090000004,6876566,0],[651935.039999999,6876566.04,0],[651933.039999999,6876563.21,0],[651929.770000003,6876565.51,0],[651923.859999999,6876557.23,0],[651929,6876554.08,0],[651934.25,6876550.95,0],[651935.25,6876550.63,0],[651938.689999998,6876557.03,0],[651938.590000004,6876559.36,0],[651938.549999997,6876559.99,0],[651938.460000001,6876559.99,0],[651938.090000004,6876566.18,0],[651939.670000002,6876566.24,0],[651941.280000001,6876566.23,0],[651942.5,6876566.22,0],[651946.109999999,6876565.9,0],[651956.5,6876562.64,0],[651958.240000002,6876559.26,0],[651954.170000002,6876546.37,0],[651953.460000001,6876545.1,0],[651951.490000002,6876541.53,0],[651941.630000003,6876523.87,0],[651934.469999999,6876510.55,0],[651925.869999997,6876494.8,0],[651923.439999998,6876490.42,0],[651924.390000001,6876489.94,0],[651919.25,6876481.31,0],[651916.369999997,6876476.46,0],[651913.57,6876471.67,0],[651912.590000004,6876472.21,0],[651906.43,6876464.62,0],[651905.289999999,6876463.33,0],[651902.759999998,6876460.47,0],[651892.509999998,6876450.05,0],[651891.350000001,6876449.04,0],[651888.810000002,6876446.82,0],[651884.310000002,6876442.83,0],[651884.020000003,6876442.58,0],[651873.350000001,6876439.67,0],[651871.960000001,6876439.29,0],[651870.560000002,6876439.21,0],[651867.210000001,6876439.04,0],[651862.159999996,6876439.91,0],[651854.289999999,6876441.24,0],[651853.060000002,6876441.5,0],[651850.579999998,6876442.02,0],[651850.149999999,6876442.11,0],[651847.619999997,6876442.98,0],[651840.810000002,6876445.31,0],[651836.210000001,6876446.86,0],[651833.450000003,6876447.79,0],[651828.119999997,6876449.26,0],[651817.060000002,6876464.42,0],[651810.630000003,6876473.08,0],[651810.210000001,6876473.48,0],[651806.729999997,6876476.82,0],[651802.579999998,6876480.67,0],[651799.009999998,6876483.11,0],[651796.899999999,6876484.62,0],[651790.93,6876487.24,0],[651790.109999999,6876487.6,0],[651785.93,6876489.27,0],[651776.810000002,6876492.96,0],[651762.850000001,6876498.56,0],[651756.799999997,6876501,0],[651745.469999999,6876505.42,0],[651744.509999998,6876505.8,0],[651737.579999998,6876508.6,0],[651729.109999999,6876512.02,0],[651718.490000002,6876516.28,0],[651706.159999996,6876523.28,0],[651705.009999998,6876523.93,0],[651696.909999996,6876527.88,0],[651694.810000002,6876528.94,0],[651692.079999998,6876530.31,0],[651684.200000003,6876534.28,0],[651681.969999999,6876535.41,0],[651678.200000003,6876537.29,0],[651671.729999997,6876540.04,0],[651655.420000002,6876547.18,0],[651637.850000001,6876554.82,0],[651636.200000003,6876555.53,0],[651633.390000001,6876556.72,0],[651626.93,6876559.44,0],[651625.219999999,6876564.38,0],[651627.390000001,6876574.38,0],[651627.439999998,6876574.64,0],[651630.109999999,6876589.43,0],[651630.810000002,6876589.21,0],[651635.579999998,6876587.74,0],[651645.509999998,6876584.57,0],[651647.68,6876595.41,0],[651649.950000003,6876606.4,0],[651652.039999999,6876616.57,0],[651654.039999999,6876626.43,0],[651657.310000002,6876642.6,0],[651659.25,6876651.98,0],[651663,6876670.16,0],[651664.579999998,6876678.24,0],[651668.329999998,6876678.07,0],[651691.289999999,6876677.15,0],[651709.869999997,6876675.8,0],[651716.829999998,6876675.27,0],[651718.670000002,6876675.14,0],[651720.68,6876674.75,0],[651719.340000004,6876669.72,0],[651718.219999999,6876665.55,0],[651717.020000003,6876661.56,0],[651715.549999997,6876655.9,0],[651714.200000003,6876651.21,0],[651713.479999997,6876648.49,0],[651712.390000001,6876644.66,0],[651710.840000004,6876639.25,0],[651707.409999996,6876626.88,0],[651706.560000002,6876623.76,0],[651706.210000001,6876622.34,0],[651712.460000001,6876620.57,0],[651722.850000001,6876617.68,0],[651728.090000004,6876616.15,0],[651727.840000004,6876614.71,0],[651732.140000001,6876612.94,0],[651748.439999998,6876606.4,0],[651759.149999999,6876602.12,0],[651767.490000002,6876598.78,0]]],[[[652117.240000002,6876654.61,0],[652110.649999999,6876653.42,0],[652107.149999999,6876657.89,0],[652102.479999997,6876663.37,0],[652097.439999998,6876668.89,0],[652090.020000003,6876676.95,0],[652087.859999999,6876679.27,0],[652106.659999996,6876698.43,0],[652126.859999999,6876694.07,0],[652117.240000002,6876654.61,0]]],[[[651450.880000003,6876701.59,0],[651463.759999998,6876699.54,0],[651464.880000003,6876706.02,0],[651511.189999998,6876701.03,0],[651509.869999997,6876692.64,0],[651511.740000002,6876692.36,0],[651518.460000001,6876691.39,0],[651526.799999997,6876690.01,0],[651530.359999999,6876689.33,0],[651536.5,6876688.34,0],[651537.600000001,6876688.22,0],[651538.520000003,6876688.12,0],[651545.109999999,6876687.37,0],[651546.869999997,6876687.14,0],[651548.090000004,6876686.98,0],[651548.390000001,6876686.93,0],[651557.979999997,6876685.22,0],[651558.189999998,6876686.84,0],[651563.310000002,6876685.91,0],[651565.719999999,6876683.85,0],[651569.539999999,6876683.33,0],[651568.82,6876684.51,0],[651569.850000001,6876694.74,0],[651571.100000001,6876694.73,0],[651577.990000002,6876694.67,0],[651586.670000002,6876694.5,0],[651589.200000003,6876694.35,0],[651589.890000001,6876694.31,0],[651597.18,6876693.5,0],[651594.030000001,6876673.29,0],[651591.090000004,6876654.63,0],[651590.630000003,6876651.7,0],[651599.710000001,6876650.24,0],[651602.539999999,6876669.14,0],[651605.219999999,6876687.97,0],[651605.890000001,6876692.49,0],[651609.240000002,6876692.48,0],[651607.880000003,6876680.92,0],[651610.030000001,6876680.8,0],[651616.270000003,6876680.45,0],[651614.009999998,6876665.4,0],[651611.140000001,6876644.31,0],[651610.799999997,6876641.81,0],[651608.509999998,6876625.03,0],[651621.880000003,6876622.53,0],[651620.890000001,6876617.03,0],[651618.170000002,6876602.41,0],[651616.740000002,6876594.86,0],[651616.619999997,6876594.49,0],[651614.630000003,6876588.43,0],[651615.810000002,6876588,0],[651614.380000003,6876584.17,0],[651613.350000001,6876581.31,0],[651622.950000003,6876577.98,0],[651624.149999999,6876583.24,0],[651624.280000001,6876583.25,0],[651624.909999996,6876583.31,0],[651623.32,6876575.36,0],[651621.939999998,6876570.76,0],[651619.479999997,6876562.57,0],[651608.420000002,6876567.64,0],[651605.549999997,6876568.95,0],[651598.030000001,6876572.4,0],[651591.369999997,6876575.45,0],[651590.090000004,6876576.03,0],[651584.210000001,6876578.73,0],[651580.539999999,6876580.42,0],[651576.57,6876582.31,0],[651571.950000003,6876584.52,0],[651566.119999997,6876587.3,0],[651557.020000003,6876591.63,0],[651553.960000001,6876593.07,0],[651548.530000001,6876595.66,0],[651543.579999998,6876598.01,0],[651536.07,6876601.58,0],[651534.789999999,6876602.19,0],[651531.579999998,6876603.72,0],[651522.920000002,6876607.81,0],[651521.810000002,6876608.21,0],[651512.200000003,6876611.61,0],[651501.340000004,6876615.43,0],[651498.189999998,6876616.54,0],[651492.490000002,6876618.4,0],[651483.939999998,6876621.19,0],[651479.969999999,6876622.48,0],[651474.649999999,6876624.31,0],[651469.43,6876626.09,0],[651466.289999999,6876627.18,0],[651465.789999999,6876627.36,0],[651463.960000001,6876628.05,0],[651463.369999997,6876628.2,0],[651454.920000002,6876630.21,0],[651455.350000001,6876632.02,0],[651450.490000002,6876633.23,0],[651447,6876634.14,0],[651439.560000002,6876636.07,0],[651435.950000003,6876637.01,0],[651433.020000003,6876637.77,0],[651422.210000001,6876640.64,0],[651419.439999998,6876641.37,0],[651414.399999999,6876642.71,0],[651413.469999999,6876642.96,0],[651412.520000003,6876643.19,0],[651410.259999998,6876644.19,0],[651399.57,6876649.58,0],[651399,6876649.87,0],[651382.859999999,6876657.86,0],[651375.909999996,6876661.27,0],[651374.140000001,6876665.82,0],[651378.020000003,6876676.95,0],[651383.079999998,6876691.43,0],[651389.609999999,6876710.67,0],[651419.049999997,6876706.32,0],[651425.390000001,6876705.37,0],[651434.079999998,6876704.03,0],[651435.710000001,6876703.79,0],[651441.399999999,6876702.92,0],[651448.619999997,6876701.91,0],[651450.880000003,6876701.59,0]]],[[[652071.68,6876608.84,0],[652053.460000001,6876569.67,0],[652052.170000002,6876566.91,0],[652044.200000003,6876550.69,0],[652040.950000003,6876544.3,0],[652031.159999996,6876549.5,0],[652030.539999999,6876549.83,0],[652024.270000003,6876553.19,0],[652020.700000003,6876555.16,0],[652020.659999996,6876555.18,0],[652016.25,6876557.23,0],[652012.189999998,6876559.12,0],[652011.740000002,6876559.32,0],[652010.420000002,6876560.77,0],[652009.530000001,6876561.75,0],[652007.960000001,6876563.33,0],[652006.189999998,6876566.04,0],[652002.219999999,6876572.45,0],[651999.689999998,6876576.53,0],[651999.159999996,6876577.36,0],[651997.200000003,6876580.62,0],[651994.539999999,6876585.03,0],[651994.119999997,6876585.86,0],[651992.07,6876585.02,0],[651987.130000003,6876591.99,0],[651986.950000003,6876592.32,0],[651983.5,6876598.96,0],[651982.270000003,6876601.31,0],[651980.729999997,6876605.31,0],[651979.18,6876610.68,0],[651978.420000002,6876613.34,0],[651977.240000002,6876617.43,0],[651976.640000001,6876621.28,0],[651976.57,6876621.85,0],[651976.229999997,6876625.12,0],[651976.049999997,6876628.99,0],[651975.950000003,6876631.67,0],[651975.890000001,6876635.65,0],[651975.939999998,6876637.05,0],[651976.219999999,6876645.25,0],[651976.270000003,6876646.4,0],[651975.380000003,6876646.53,0],[651976.170000002,6876652.14,0],[651976.780000001,6876655.95,0],[651976.920000002,6876657.74,0],[651976.93,6876657.86,0],[651977.090000004,6876659.36,0],[651977.469999999,6876661.85,0],[651977.469999999,6876661.89,0],[651977.75,6876663.91,0],[651978.090000004,6876666.35,0],[651978.579999998,6876668.62,0],[651979.439999998,6876672.45,0],[651980.189999998,6876674.14,0],[651981.420000002,6876677.78,0],[651982.039999999,6876679.58,0],[651983.780000001,6876684.6,0],[651985.43,6876689.39,0],[651987.020000003,6876694.17,0],[651988.850000001,6876699.33,0],[651992,6876708.26,0],[651994.189999998,6876714.36,0],[651998.240000002,6876716.59,0],[652001.469999999,6876716.05,0],[652008.130000003,6876715.26,0],[652014.869999997,6876714.41,0],[652017.600000001,6876714.12,0],[652014.659999996,6876703.81,0],[652011.030000001,6876691.12,0],[652010.259999998,6876688.44,0],[652006.219999999,6876674.88,0],[652005.299999997,6876671.69,0],[652003.829999998,6876666.61,0],[652005.380000003,6876666.21,0],[652019.109999999,6876662.69,0],[652031.729999997,6876659.62,0],[652030.270000003,6876655.72,0],[652029.539999999,6876653.9,0],[652028.310000002,6876650.81,0],[652027.18,6876647.65,0],[652026.369999997,6876645.38,0],[652030.43,6876643.46,0],[652036.07,6876640.79,0],[652032.119999997,6876627.96,0],[652045.380000003,6876621.8,0],[652071.68,6876608.84,0]]],[[[652141.409999996,6876632.31,0],[652141.25,6876631.52,0],[652121.020000003,6876636.62,0],[652118.950000003,6876639.35,0],[652123.609999999,6876658.72,0],[652127.07,6876673.48,0],[652129.25,6876682.67,0],[652132.770000003,6876697.69,0],[652140.090000004,6876703.53,0],[652156.729999997,6876716.69,0],[652167.689999998,6876725.45,0],[652167.93,6876725.76,0],[652171.43,6876723.51,0],[652176.079999998,6876720.49,0],[652179.770000003,6876717.63,0],[652184.090000004,6876714.32,0],[652175.689999998,6876704.25,0],[652175.090000004,6876703.53,0],[652162.07,6876687.84,0],[652160.560000002,6876686.03,0],[652149.409999996,6876672.66,0],[652146.869999997,6876659.57,0],[652146.509999998,6876657.76,0],[652145.840000004,6876654.35,0],[652141.409999996,6876632.31,0]]],[[[652877.369999997,6876613.14,0],[652876.25,6876609.82,0],[652870.289999999,6876612.56,0],[652863.289999999,6876619.48,0],[652832.479999997,6876650.01,0],[652841.270000003,6876657.65,0],[652841.399999999,6876657.77,0],[652845.649999999,6876661.52,0],[652849.969999999,6876665.33,0],[652853.789999999,6876668.7,0],[652862.020000003,6876675.98,0],[652862.270000003,6876676.15,0],[652867.890000001,6876680.18,0],[652871.350000001,6876682.64,0],[652872.420000002,6876683.41,0],[652872.600000001,6876683.6,0],[652880.140000001,6876691.67,0],[652880.149999999,6876691.69,0],[652887.340000004,6876699.79,0],[652887.189999998,6876699.85,0],[652884.210000001,6876705.84,0],[652884.039999999,6876706.19,0],[652880.829999998,6876712.65,0],[652880.670000002,6876712.97,0],[652879.020000003,6876716.3,0],[652887.990000002,6876720.85,0],[652910.710000001,6876732.34,0],[652910.82,6876732.42,0],[652914.979999997,6876723.46,0],[652911.469999999,6876713.65,0],[652907.75,6876702.71,0],[652904.090000004,6876692,0],[652900.600000001,6876681.72,0],[652894.950000003,6876665.14,0],[652892.890000001,6876659.09,0],[652889.280000001,6876648.4,0],[652884.850000001,6876635.27,0],[652884.25,6876633.51,0],[652880.43,6876622.19,0],[652877.369999997,6876613.14,0]]],[[[653021.020000003,6876694.49,0],[653029.140000001,6876689.04,0],[653029.630000003,6876691.68,0],[653035.869999997,6876690.05,0],[653042.090000004,6876688.49,0],[653051.850000001,6876688.39,0],[653051.719999999,6876686.3,0],[653056.100000001,6876686.2,0],[653064.020000003,6876685.96,0],[653068.350000001,6876686.83,0],[653076.960000001,6876688.81,0],[653077.32,6876688.91,0],[653078.619999997,6876689.26,0],[653078.329999998,6876678.13,0],[653077.969999999,6876675.83,0],[653076.390000001,6876662.54,0],[653075.600000001,6876656.64,0],[653074.969999999,6876654.08,0],[653074.130000003,6876650.59,0],[653072.640000001,6876648.58,0],[653072.090000004,6876647.18,0],[653067.549999997,6876643.33,0],[653064.450000003,6876641.82,0],[653062.090000004,6876640.83,0],[653059.399999999,6876640.58,0],[653047.25,6876642.22,0],[653021.740000002,6876645.67,0],[653011.759999998,6876647.03,0],[653010,6876647.25,0],[652999.549999997,6876648.61,0],[652998.009999998,6876648.9,0],[652997.259999998,6876649.03,0],[652995.520000003,6876649.39,0],[652992.039999999,6876650.09,0],[652980.280000001,6876652.46,0],[652978.479999997,6876645.83,0],[652978.369999997,6876645.44,0],[652976.600000001,6876638.79,0],[652975.840000004,6876635.05,0],[652974.740000002,6876629.69,0],[652974.229999997,6876627.33,0],[652972.189999998,6876618.06,0],[652972.18,6876617.91,0],[652972.149999999,6876617.36,0],[652971.710000001,6876615.72,0],[652969.729999997,6876608.17,0],[652969.579999998,6876607.34,0],[652964.859999999,6876608.32,0],[652947.460000001,6876612.3,0],[652925.659999996,6876617.31,0],[652911.659999996,6876620.39,0],[652904.219999999,6876622.12,0],[652894.240000002,6876624.38,0],[652893.869999997,6876624.47,0],[652890.93,6876625.13,0],[652890.960000001,6876625.21,0],[652891.289999999,6876626.04,0],[652891.43,6876626.39,0],[652892,6876630.35,0],[652893.799999997,6876635.79,0],[652897.090000004,6876645.71,0],[652900.270000003,6876655.3,0],[652900.350000001,6876655.51,0],[652905.829999998,6876671.53,0],[652906.719999999,6876674.12,0],[652909.850000001,6876683.24,0],[652910.799999997,6876686.02,0],[652912.890000001,6876692.47,0],[652913.719999999,6876695.04,0],[652914.880000003,6876698.63,0],[652920.100000001,6876714.75,0],[652926.060000002,6876732.88,0],[652929.439999998,6876733.85,0],[652950.149999999,6876726.95,0],[652950.259999998,6876726.91,0],[652954.219999999,6876725.56,0],[652957.090000004,6876724.59,0],[652957.759999998,6876724.36,0],[652968.060000002,6876720.84,0],[652974.759999998,6876718.36,0],[652980.950000003,6876715.99,0],[652981.189999998,6876715.9,0],[652981.670000002,6876715.64,0],[652984.369999997,6876714.26,0],[652995.899999999,6876708.43,0],[652998.619999997,6876707.05,0],[653001.759999998,6876705.44,0],[653005.009999998,6876703.78,0],[653007.920000002,6876702.28,0],[653008.789999999,6876701.83,0],[653009.07,6876701.69,0],[653009.170000002,6876701.15,0],[653015.18,6876697.77,0],[653020.539999999,6876694.75,0],[653021.020000003,6876694.49,0]]],[[[652051.969999999,6876721.9,0],[652050.920000002,6876718.94,0],[652050.600000001,6876719.3,0],[652050.469999999,6876719.31,0],[652043.990000002,6876720.01,0],[652026.950000003,6876721.84,0],[652001.909999996,6876724.31,0],[651997.490000002,6876727.82,0],[651996.759999998,6876731.21,0],[652009.149999999,6876732.55,0],[652016.57,6876733.35,0],[652027.5,6876734.34,0],[652044.399999999,6876736.25,0],[652051.200000003,6876736.99,0],[652056.859999999,6876737.68,0],[652054.93,6876731.44,0],[652052.619999997,6876723.94,0],[652052.079999998,6876722.21,0],[652051.969999999,6876721.9,0]]],[[[652128.039999999,6876698.7,0],[652127.939999998,6876698.49,0],[652126.079999998,6876698.91,0],[652116.060000002,6876701.18,0],[652109.119999997,6876702.75,0],[652112.689999998,6876717.21,0],[652113.960000001,6876722.43,0],[652117.310000002,6876735.63,0],[652119.909999996,6876746.27,0],[652120.579999998,6876746.11,0],[652125.240000002,6876744.6,0],[652127.5,6876743.85,0],[652131.609999999,6876742.96,0],[652136.990000002,6876741.76,0],[652138.649999999,6876741.33,0],[652139.100000001,6876741.21,0],[652154.130000003,6876733.51,0],[652163.630000003,6876728.77,0],[652164.439999998,6876728.36,0],[652163.170000002,6876727.36,0],[652152.600000001,6876719.29,0],[652142.57,6876711.35,0],[652129.770000003,6876701.3,0],[652128.880000003,6876700.45,0],[652128.039999999,6876698.7,0]]],[[[652239.200000003,6876729.34,0],[652238.159999996,6876726.17,0],[652234.189999998,6876729.4,0],[652225.439999998,6876737.12,0],[652220.43,6876742.88,0],[652220.189999998,6876743.16,0],[652220.369999997,6876746.22,0],[652220.5,6876748.35,0],[652228.07,6876746.6,0],[652228.490000002,6876746.5,0],[652241.880000003,6876744.19,0],[652244.57,6876742.71,0],[652239.200000003,6876729.34,0]]],[[[652197.32,6876726.94,0],[652188.479999997,6876713.17,0],[652184.119999997,6876717.08,0],[652180.350000001,6876719.82,0],[652177.869999997,6876721.76,0],[652172.270000003,6876725.1,0],[652172.079999998,6876725.23,0],[652174.729999997,6876729.68,0],[652178.18,6876735.51,0],[652180.950000003,6876741.56,0],[652182.909999996,6876745.85,0],[652184.289999999,6876749.85,0],[652186.950000003,6876751.83,0],[652190.340000004,6876751.93,0],[652197.600000001,6876751.7,0],[652208.740000002,6876748.86,0],[652210.310000002,6876747.19,0],[652201.439999998,6876733.37,0],[652198.420000002,6876728.66,0],[652197.32,6876726.94,0]]],[[[652169.329999998,6876734.74,0],[652165.259999998,6876729.32,0],[652149.520000003,6876737.38,0],[652146.880000003,6876738.73,0],[652139.630000003,6876742.42,0],[652137.670000002,6876743.09,0],[652129.130000003,6876745.13,0],[652128.880000003,6876770.66,0],[652128.850000001,6876772.64,0],[652147.130000003,6876765.07,0],[652147.82,6876764.9,0],[652149.119999997,6876764.58,0],[652153.770000003,6876763.57,0],[652158.75,6876762.46,0],[652161.810000002,6876761.86,0],[652164.289999999,6876761.58,0],[652168.619999997,6876760.95,0],[652174.990000002,6876759.95,0],[652176.289999999,6876759.67,0],[652177.210000001,6876759.3,0],[652177.880000003,6876758.83,0],[652178.18,6876758.47,0],[652175.75,6876751.01,0],[652175.25,6876749.49,0],[652172.270000003,6876740.85,0],[652171.100000001,6876737.23,0],[652170.439999998,6876736.3,0],[652169.329999998,6876734.74,0]]],[[[652970.960000001,6876757.3,0],[652978.390000001,6876756.81,0],[652978.719999999,6876761.05,0],[652986.68,6876760.2,0],[652986.990000002,6876760.18,0],[652994.719999999,6876759.69,0],[652994.75,6876759.69,0],[653006.969999999,6876758.58,0],[653011.68,6876758.14,0],[653015.880000003,6876757.88,0],[653020.729999997,6876757.57,0],[653024.659999996,6876757.33,0],[653033.950000003,6876756.68,0],[653039.619999997,6876756.27,0],[653040.560000002,6876756.19,0],[653045.869999997,6876755.74,0],[653046.049999997,6876755.74,0],[653052.310000002,6876755.63,0],[653052.920000002,6876755.62,0],[653058.18,6876755.57,0],[653057.759999998,6876748.9,0],[653055.840000004,6876728.6,0],[653055.82,6876728.36,0],[653063.57,6876728.09,0],[653064.259999998,6876743.15,0],[653064.869999997,6876755.47,0],[653072.960000001,6876755.33,0],[653078.399999999,6876755.23,0],[653078.299999997,6876713.85,0],[653078.270000003,6876704.7,0],[653078.270000003,6876704.65,0],[653078.219999999,6876697.95,0],[653078.210000001,6876697.91,0],[653077.649999999,6876697.87,0],[653070.799999997,6876696.03,0],[653068.119999997,6876695.33,0],[653061.93,6876693.7,0],[653061.799999997,6876691.25,0],[653052.409999996,6876691.2,0],[653052.539999999,6876693.85,0],[653043.399999999,6876694.13,0],[653043.25,6876694.13,0],[653039.979999997,6876695.49,0],[653035.450000003,6876697.11,0],[653035.380000003,6876697.14,0],[653030.619999997,6876699.07,0],[653029.810000002,6876699.08,0],[653029.399999999,6876699.29,0],[653022.159999996,6876703.15,0],[653020.960000001,6876703.79,0],[653010.020000003,6876709.72,0],[653009.829999998,6876709.83,0],[653004.960000001,6876712.38,0],[653004.439999998,6876712.68,0],[652998.420000002,6876716.19,0],[652998.310000002,6876716.25,0],[652997.299999997,6876711.27,0],[652990.840000004,6876714.88,0],[652983.859999999,6876718.8,0],[652984.270000003,6876723.07,0],[652991.219999999,6876719.28,0],[652991.390000001,6876720.61,0],[652984.590000004,6876723.83,0],[652984.240000002,6876723.94,0],[652982.07,6876724.66,0],[652976.619999997,6876726.38,0],[652968.530000001,6876729.14,0],[652968.530000001,6876729.11,0],[652966.460000001,6876729.84,0],[652960.659999996,6876731.79,0],[652955.539999999,6876733.53,0],[652955.539999999,6876733.5,0],[652950.659999996,6876735.13,0],[652943.310000002,6876737.61,0],[652941.539999999,6876738.18,0],[652936.600000001,6876739.8,0],[652931,6876741.64,0],[652930.299999997,6876746.03,0],[652931.590000004,6876750.62,0],[652938.009999998,6876749.61,0],[652939.060000002,6876756.98,0],[652939.130000003,6876757.34,0],[652958.439999998,6876755.3,0],[652958.93,6876759.01,0],[652960.43,6876769.73,0],[652961.090000004,6876774.45,0],[652961.18,6876775.14,0],[652961.310000002,6876776.07,0],[652972.509999998,6876774.85,0],[652971.789999999,6876766.64,0],[652970.960000001,6876757.3,0]]],[[[651987.719999999,6876730.58,0],[651947.784599997,6876739.4211,0],[651953.979999997,6876737.99,0],[651970.060000002,6876734.37,0],[651987.719999999,6876730.58,0],[651987.810000002,6876729.79,0],[651987.82,6876729.58,0],[651987.450000003,6876725.46,0],[651986.969999999,6876720.84,0],[651984.289999999,6876710.44,0],[651980.280000001,6876696.69,0],[651979.770000003,6876695.09,0],[651978.5,6876691.03,0],[651977.670000002,6876688.37,0],[651977.420000002,6876687.57,0],[651976.43,6876684.45,0],[651973.140000001,6876673.98,0],[651971.780000001,6876669.77,0],[651970.93,6876667.12,0],[651970.689999998,6876665.9,0],[651970.299999997,6876664,0],[651969.859999999,6876661.14,0],[651969.740000002,6876660.35,0],[651969.210000001,6876651.1,0],[651969.18,6876650.65,0],[651969.119999997,6876645.93,0],[651969.090000004,6876642.86,0],[651969.07,6876641.43,0],[651969.229999997,6876635.71,0],[651969.329999998,6876632.17,0],[651969.969999999,6876621.31,0],[651969.979999997,6876621.1,0],[651970.079999998,6876618.6,0],[651972.770000003,6876607.79,0],[651973.149999999,6876605.72,0],[651973.219999999,6876605.35,0],[651966.969999999,6876600.52,0],[651963.789999999,6876598.08,0],[651953.350000001,6876600.99,0],[651939.280000001,6876604.62,0],[651936.920000002,6876605.24,0],[651937.979999997,6876610.04,0],[651942.090000004,6876628.8,0],[651933.100000001,6876631.59,0],[651930.780000001,6876632.31,0],[651928.549999997,6876633.01,0],[651921.07,6876635.34,0],[651918.240000002,6876636.15,0],[651907.039999999,6876639.71,0],[651904.310000002,6876640.62,0],[651907.670000002,6876651.5,0],[651909.32,6876656.81,0],[651912.240000002,6876666.06,0],[651908.18,6876667.17,0],[651894.960000001,6876670.62,0],[651890.600000001,6876671.94,0],[651892.140000001,6876675.13,0],[651898.200000003,6876687.54,0],[651900.68,6876692.54,0],[651904.060000002,6876699.35,0],[651908.829999998,6876709.24,0],[651911.649999999,6876715.07,0],[651923.619999997,6876711.53,0],[651930.82,6876709.37,0],[651934.310000002,6876708.33,0],[651937.640000001,6876720.01,0],[651937.850000001,6876720.97,0],[651938.229999997,6876722.74,0],[651940.810000002,6876733.14,0],[651941.799999997,6876737.09,0],[651942.640000001,6876740.56,0],[651944.109999999,6876746.64,0],[651945.460000001,6876752.17,0],[651946.020000003,6876754.49,0],[651946.340000004,6876755.82,0],[651948.259999998,6876763.73,0],[651950.380000003,6876772.48,0],[651952.880000003,6876783.07,0],[651953.149999999,6876784.18,0],[651953.479999997,6876785.61,0],[651953.590000004,6876786.04,0],[651959.549999997,6876783.98,0],[651962.280000001,6876782.42,0],[651967.18,6876778.59,0],[651967.850000001,6876777.97,0],[651969.990000002,6876776,0],[651974.219999999,6876771.28,0],[651976.25,6876767.15,0],[651977.75,6876764.11,0],[651981.670000002,6876755.93,0],[651982.060000002,6876754.21,0],[651982.270000003,6876753.31,0],[651983.18,6876749.58,0],[651984.899999999,6876742.34,0],[651987.710000001,6876730.72,0],[651987.719999999,6876730.58,0]]],[[[651946.574600004,6876704.758,0],[651964.5057,6876699.5357,0],[651953.32,6876702.86,0],[651946.574600004,6876704.758,0]]],[[[652006.060000002,6876780.92,0],[652006.520000003,6876776.49,0],[652008.960000001,6876776.77,0],[652010.549999997,6876764.06,0],[652026.950000003,6876765.92,0],[652027.469999999,6876761.63,0],[652028.159999996,6876756.09,0],[652029.149999999,6876747.98,0],[652029.210000001,6876747.39,0],[652029.979999997,6876741.89,0],[652030.149999999,6876740.51,0],[652030.420000002,6876738.3,0],[652030.689999998,6876736.1,0],[652019.630000003,6876734.86,0],[652004.090000004,6876733.16,0],[651999.609999999,6876732.69,0],[651994.609999999,6876732.18,0],[651994,6876734.52,0],[651993.340000004,6876737.07,0],[651991.5,6876744.12,0],[651988.390000001,6876755.92,0],[651985.149999999,6876768.88,0],[651984.469999999,6876773.97,0],[651985.979999997,6876774.05,0],[651984.850000001,6876777.97,0],[651984.899999999,6876785.43,0],[651986.600000001,6876787.71,0],[651988.259999998,6876790.17,0],[651989.130000003,6876791.37,0],[651991.189999998,6876792.21,0],[652000.829999998,6876796.26,0],[652004.950000003,6876797.94,0],[652006.149999999,6876798.42,0],[652005,6876791.84,0],[652005.030000001,6876791.42,0],[652005.399999999,6876787.29,0],[652005.579999998,6876785.53,0],[652006.060000002,6876780.92,0]]],[[[652174.340000004,6876829.5,0],[652174.140000001,6876817.38,0],[652173.920000002,6876805.33,0],[652173.859999999,6876802.29,0],[652173.82,6876794.75,0],[652173.759999998,6876781.96,0],[652173.729999997,6876777.34,0],[652173.649999999,6876764.13,0],[652172.07,6876762.43,0],[652169.009999998,6876762.63,0],[652164.240000002,6876762.97,0],[652161.549999997,6876763.15,0],[652147.600000001,6876766.01,0],[652147.100000001,6876779.68,0],[652146.740000002,6876789.31,0],[652126.530000001,6876787.5,0],[652125.700000003,6876797.09,0],[652124.810000002,6876808.2,0],[652130.07,6876808.71,0],[652135.520000003,6876809.25,0],[652138.759999998,6876808.83,0],[652146.280000001,6876807.66,0],[652148.18,6876807.37,0],[652159.920000002,6876805.72,0],[652160.93,6876805.59,0],[652163.299999997,6876805.21,0],[652163.299999997,6876806.6,0],[652163.100000001,6876806.6,0],[652163.170000002,6876809.01,0],[652163.240000002,6876809,0],[652163.090000004,6876817.31,0],[652163.030000001,6876820.31,0],[652162.950000003,6876823.92,0],[652156.450000003,6876823.83,0],[652156.210000001,6876823.82,0],[652155.630000003,6876846.7,0],[652155.159999996,6876861.86,0],[652165.289999999,6876868.81,0],[652165.689999998,6876869.09,0],[652166.310000002,6876869.51,0],[652171.009999998,6876872.2,0],[652174.619999997,6876868.61,0],[652174.520000003,6876856.27,0],[652174.460000001,6876845.99,0],[652174.340000004,6876829.5,0]]],[[[652199.140000001,6876844.34,0],[652199.100000001,6876843.18,0],[652200.869999997,6876843.26,0],[652205.329999998,6876843.46,0],[652213.149999999,6876843.84,0],[652213.149999999,6876843.92,0],[652224.020000003,6876844.38,0],[652224.090000004,6876844.38,0],[652223.93,6876838.86,0],[652223.560000002,6876828,0],[652223.479999997,6876825.44,0],[652223.439999998,6876824.49,0],[652223.049999997,6876812.78,0],[652222.939999998,6876809.57,0],[652222.32,6876796.02,0],[652222.25,6876791.97,0],[652229.93,6876791.27,0],[652229.619999997,6876780.31,0],[652232.840000004,6876780.08,0],[652238.969999999,6876779.37,0],[652250.609999999,6876778.03,0],[652250.57,6876777.77,0],[652249.670000002,6876770.86,0],[652249.32,6876769.09,0],[652244.32,6876759.28,0],[652234.689999998,6876753.3,0],[652229.090000004,6876753.32,0],[652224.520000003,6876753.34,0],[652220.82,6876754.17,0],[652220.649999999,6876754.21,0],[652202.700000003,6876758.82,0],[652202.270000003,6876758.92,0],[652198.719999999,6876759.67,0],[652185.890000001,6876759.85,0],[652185.530000001,6876759.95,0],[652178.539999999,6876764.67,0],[652178.799999997,6876800.95,0],[652179.280000001,6876823.71,0],[652175.979999997,6876823.83,0],[652176.090000004,6876830.43,0],[652176.210000001,6876837.56,0],[652176.25,6876842.09,0],[652176.140000001,6876842.08,0],[652176.439999998,6876865.86,0],[652176.460000001,6876868.51,0],[652172.030000001,6876873.22,0],[652178.859999999,6876877.51,0],[652184.219999999,6876868.92,0],[652199.969999999,6876868.54,0],[652199.759999998,6876862.22,0],[652199.5,6876853.98,0],[652199.479999997,6876853.67,0],[652199.140000001,6876844.34,0]]]]},"properties":{"OBJECTID_1":158,"CODE_INSEE":"95288","GlobalID":"965d2c95-7843-49b3-801e-af9d1411c258","DATE_DELIB":"Wed, 18 May 2022 18:30:00 GMT"}},{"type":"Feature","id":665,"geometry":{"type":"MultiPolygon","coordinates":[[[[651254.670000002,6873117.13,0],[651245.899999999,6873105.19,0],[651245.530000001,6873105.38,0],[651234.670000002,6873112.65,0],[651240.039999999,6873123.29,0],[651241.439999998,6873126.17,0],[651243.299999997,6873129.94,0],[651245.109999999,6873133.63,0],[651247.710000001,6873138.95,0],[651250.640000001,6873140.24,0],[651258.210000001,6873134.64,0],[651263.990000002,6873130.38,0],[651264.289999999,6873130.16,0],[651255.659999996,6873118.47,0],[651254.670000002,6873117.13,0]]],[[[651270.850000001,6873139.26,0],[651269.119999997,6873136.96,0],[651268.649999999,6873137.3,0],[651254.43,6873147.84,0],[651253.600000001,6873150.81,0],[651257.299999997,6873158.4,0],[651258.810000002,6873161.54,0],[651259.960000001,6873163.9,0],[651262.57,6873169.29,0],[651264.340000004,6873172.95,0],[651264.990000002,6873174.3,0],[651266.490000002,6873177.39,0],[651268.420000002,6873181.39,0],[651269.600000001,6873183.84,0],[651272.590000004,6873190.03,0],[651277.409999996,6873200,0],[651280.600000001,6873200.71,0],[651288.899999999,6873194.86,0],[651292.07,6873192.61,0],[651303.380000003,6873184.53,0],[651303.75,6873184.26,0],[651300.369999997,6873179.71,0],[651296.57,6873174.61,0],[651291.670000002,6873167.89,0],[651287.630000003,6873162.38,0],[651284.810000002,6873158.5,0],[651281.289999999,6873153.65,0],[651270.850000001,6873139.26,0]]],[[[651414.920000002,6873557.41,0],[651407.149999999,6873541.06,0],[651404.149999999,6873539.81,0],[651395.25,6873533.73,0],[651387.009999998,6873528.11,0],[651382.700000003,6873525.21,0],[651379.420000002,6873524.61,0],[651378.100000001,6873524.5,0],[651376.920000002,6873524.42,0],[651371.979999997,6873524.73,0],[651364.640000001,6873524.9,0],[651357.240000002,6873525.07,0],[651348.789999999,6873525.32,0],[651348.460000001,6873525.31,0],[651332.439999998,6873525.67,0],[651326.950000003,6873525.79,0],[651316.520000003,6873526.06,0],[651305.100000001,6873526.36,0],[651300.189999998,6873526.47,0],[651284.329999998,6873526.81,0],[651279.229999997,6873526.94,0],[651265.640000001,6873537.74,0],[651244.130000003,6873525.24,0],[651243.640000001,6873525.32,0],[651227.810000002,6873524.52,0],[651223.100000001,6873524.25,0],[651211.859999999,6873523.59,0],[651202.100000001,6873523,0],[651193.549999997,6873522.34,0],[651193.350000001,6873524.41,0],[651192.420000002,6873538.4,0],[651195.509999998,6873543.66,0],[651201.079999998,6873547.5,0],[651207.409999996,6873548,0],[651210.280000001,6873548.16,0],[651226.170000002,6873549.07,0],[651227.759999998,6873549.17,0],[651242.259999998,6873550.18,0],[651247.189999998,6873550.53,0],[651265.119999997,6873551.61,0],[651279.990000002,6873552.57,0],[651285.369999997,6873552.42,0],[651296.780000001,6873552.07,0],[651301.07,6873551.94,0],[651315.280000001,6873551.51,0],[651317.18,6873551.47,0],[651333.079999998,6873551.07,0],[651334.649999999,6873551.02,0],[651346.719999999,6873550.69,0],[651349.359999999,6873550.62,0],[651354.840000004,6873550.5,0],[651358.240000002,6873551.44,0],[651361.700000003,6873553.11,0],[651364.039999999,6873554.69,0],[651366.490000002,6873557.57,0],[651367.950000003,6873560.03,0],[651370.969999999,6873561.03,0],[651373.170000002,6873559.73,0],[651378.909999996,6873556.15,0],[651390.640000001,6873548.81,0],[651392.530000001,6873552.51,0],[651372.82,6873564.39,0],[651371.890000001,6873567.13,0],[651380.039999999,6873583.79,0],[651384.299999997,6873580.58,0],[651400.229999997,6873568.52,0],[651414.920000002,6873557.41,0]]],[[[651698.979999997,6874632.19,0],[651705.640000001,6874628.65,0],[651711.130000003,6874639.31,0],[651718.109999999,6874635.56,0],[651723.840000004,6874632.53,0],[651726.700000003,6874630.97,0],[651734.079999998,6874626.98,0],[651743.640000001,6874621.81,0],[651746.280000001,6874620.37,0],[651750.770000003,6874618.06,0],[651744.399999999,6874607.89,0],[651740.649999999,6874602.03,0],[651737.369999997,6874597.38,0],[651733.100000001,6874591.57,0],[651729.509999998,6874593.42,0],[651721.960000001,6874597.41,0],[651711.32,6874602.94,0],[651714.640000001,6874609.52,0],[651697.43,6874618.72,0],[651690.789999999,6874622.26,0],[651688.380000003,6874623.54,0],[651681.649999999,6874627.13,0],[651678.810000002,6874628.65,0],[651680.969999999,6874633.45,0],[651684.039999999,6874640.25,0],[651687.280000001,6874638.49,0],[651698.979999997,6874632.19,0]]],[[[651877.850000001,6874766.98,0],[651873.719999999,6874758.53,0],[651869.700000003,6874750.31,0],[651865.759999998,6874742.21,0],[651870.520000003,6874739.97,0],[651859.57,6874717.14,0],[651851.049999997,6874721.06,0],[651847.68,6874714.1,0],[651845.200000003,6874708.68,0],[651846.259999998,6874708.13,0],[651845.840000004,6874707.23,0],[651835.75,6874686.2,0],[651838.340000004,6874684.94,0],[651843.689999998,6874682.03,0],[651840.420000002,6874675.43,0],[651835.409999996,6874664.72,0],[651829.020000003,6874651.51,0],[651825.710000001,6874644.74,0],[651820.799999997,6874633.86,0],[651822,6874633.29,0],[651814.57,6874620.3,0],[651812.090000004,6874615.94,0],[651808.770000003,6874610.14,0],[651807.140000001,6874607.29,0],[651805.490000002,6874604.38,0],[651802.840000004,6874599.72,0],[651802.289999999,6874599.73,0],[651790.299999997,6874605.93,0],[651788.939999998,6874606.64,0],[651781.939999998,6874594.57,0],[651768.090000004,6874602.2,0],[651756.18,6874579.89,0],[651750.509999998,6874582.69,0],[651744.240000002,6874585.78,0],[651743.079999998,6874590.33,0],[651745.950000003,6874594.94,0],[651751.060000002,6874603.16,0],[651762.039999999,6874620.56,0],[651767,6874628.41,0],[651772.100000001,6874636.49,0],[651782.140000001,6874652.41,0],[651787.549999997,6874666.18,0],[651798.880000003,6874694.67,0],[651800.350000001,6874698.32,0],[651804.100000001,6874707.78,0],[651807.310000002,6874715.83,0],[651810.159999996,6874722.98,0],[651810.390000001,6874723.57,0],[651811.979999997,6874727.66,0],[651814.229999997,6874733.42,0],[651815.32,6874736.21,0],[651818.189999998,6874743.58,0],[651818.259999998,6874744.33,0],[651824.82,6874762.81,0],[651825.369999997,6874762.53,0],[651826.5,6874765.08,0],[651830.670000002,6874774.54,0],[651832.030000001,6874777.61,0],[651834.579999998,6874783.29,0],[651840.829999998,6874794.98,0],[651841.630000003,6874796.47,0],[651844.130000003,6874800.94,0],[651848.479999997,6874802.12,0],[651849.659999996,6874801.61,0],[651869.159999996,6874792.06,0],[651873.240000002,6874790.07,0],[651865.399999999,6874774.46,0],[651864.810000002,6874773.28,0],[651875.469999999,6874768.13,0],[651877.850000001,6874766.98,0]]],[[[652906.899999999,6874619.26,0],[652890.689999998,6874574.64,0],[652883.990000002,6874577.87,0],[652878.369999997,6874580.88,0],[652875.659999996,6874582.59,0],[652872.75,6874584.41,0],[652870.060000002,6874586.37,0],[652867.399999999,6874588.89,0],[652865.340000004,6874590.89,0],[652862.740000002,6874593.85,0],[652861.280000001,6874595.83,0],[652859.009999998,6874599.78,0],[652856.93,6874603.63,0],[652855.259999998,6874607.5,0],[652853.869999997,6874612.05,0],[652854.020000003,6874619.02,0],[652863.600000001,6874632.99,0],[652869.009999998,6874640.97,0],[652875.270000003,6874650.19,0],[652876.579999998,6874652.3,0],[652877.420000002,6874654.18,0],[652879.899999999,6874659.64,0],[652880.090000004,6874660.18,0],[652880.280000001,6874660.81,0],[652885.600000001,6874677.59,0],[652890.509999998,6874694.18,0],[652894.200000003,6874706.69,0],[652895.119999997,6874709.9,0],[652897.859999999,6874719.48,0],[652898.399999999,6874721.38,0],[652899.590000004,6874725.53,0],[652906.829999998,6874750.98,0],[652910.329999998,6874766.63,0],[652912.380000003,6874775.79,0],[652915.469999999,6874789.82,0],[652917.57,6874799.43,0],[652918.25,6874802.54,0],[652918.43,6874803.32,0],[652921.340000004,6874816.56,0],[652923.340000004,6874824.46,0],[652925.280000001,6874832.17,0],[652926.689999998,6874837.74,0],[652928.350000001,6874844.31,0],[652929.299999997,6874845.09,0],[652930.969999999,6874845.61,0],[652933,6874845.36,0],[652934.140000001,6874844.82,0],[652945.530000001,6874836.59,0],[652954.030000001,6874830.63,0],[652969.659999996,6874818.84,0],[652972.450000003,6874816.7,0],[652974.689999998,6874814.57,0],[652979.68,6874809.03,0],[652983.43,6874804.46,0],[652983.619999997,6874804.21,0],[652987.57,6874798.89,0],[652985.710000001,6874794.28,0],[652969.770000003,6874757.83,0],[652958.649999999,6874731.96,0],[652946.689999998,6874705.89,0],[652943.549999997,6874699.56,0],[652925.57,6874663.23,0],[652916.380000003,6874644.88,0],[652916.090000004,6874644.29,0],[652915.789999999,6874643.7,0],[652906.899999999,6874619.26,0]]],[[[652224.670000002,6874783.89,0],[652217.390000001,6874767.31,0],[652209.32,6874771.41,0],[652205.890000001,6874773.16,0],[652196.710000001,6874777.81,0],[652196.159999996,6874778.1,0],[652190.460000001,6874780.99,0],[652188.659999996,6874781.91,0],[652186.689999998,6874782.91,0],[652175.780000001,6874788.47,0],[652170.270000003,6874791.26,0],[652175.450000003,6874803.5,0],[652147.32,6874818.42,0],[652166.899999999,6874857.49,0],[652189.979999997,6874845.71,0],[652191.829999998,6874842.91,0],[652195.200000003,6874839.3,0],[652233.509999998,6874820.03,0],[652234.850000001,6874816.99,0],[652221.810000002,6874785.32,0],[652224.670000002,6874783.89,0]]],[[[652802.759999998,6874885.37,0],[652804.780000001,6874878.02,0],[652809.119999997,6874878.5,0],[652810.939999998,6874871.21,0],[652811.840000004,6874867.63,0],[652812.259999998,6874865.94,0],[652814.710000001,6874856.11,0],[652843.100000001,6874856.57,0],[652843.07,6874855.46,0],[652895.990000002,6874848.14,0],[652919.789999999,6874844.79,0],[652915.259999998,6874826,0],[652914.57,6874822.66,0],[652913.079999998,6874816.47,0],[652909.399999999,6874800.21,0],[652907.109999999,6874790.49,0],[652904.729999997,6874779.56,0],[652902.890000001,6874771.16,0],[652901.18,6874763.37,0],[652899.630000003,6874757.07,0],[652897.270000003,6874746.61,0],[652895.399999999,6874740.01,0],[652893.020000003,6874731.25,0],[652889.960000001,6874720.23,0],[652887.299999997,6874712.64,0],[652884.640000001,6874703.95,0],[652881.899999999,6874694.7,0],[652880.240000002,6874688.68,0],[652879.520000003,6874686.04,0],[652877,6874677.56,0],[652873.840000004,6874667.27,0],[652870.329999998,6874658.43,0],[652866.789999999,6874651.91,0],[652860.990000002,6874643.64,0],[652856.479999997,6874637.12,0],[652852.369999997,6874630.6,0],[652848.850000001,6874631.12,0],[652846.579999998,6874640.8,0],[652842.240000002,6874658.98,0],[652841.210000001,6874663.22,0],[652840.25,6874667.26,0],[652839.990000002,6874668.27,0],[652839.369999997,6874670.89,0],[652835.009999998,6874689.19,0],[652834.600000001,6874690.95,0],[652832.909999996,6874698.5,0],[652828.68,6874717.12,0],[652826.729999997,6874726.52,0],[652825.659999996,6874731.75,0],[652823.520000003,6874741.15,0],[652822.909999996,6874743.8,0],[652821.450000003,6874750.18,0],[652819.850000001,6874757.22,0],[652819.270000003,6874759.93,0],[652818.5,6874763.49,0],[652817.549999997,6874767.83,0],[652815.719999999,6874774.64,0],[652813.890000001,6874781.17,0],[652811.840000004,6874786.14,0],[652806.57,6874797.98,0],[652799.43,6874808.84,0],[652797.670000002,6874811.53,0],[652797.479999997,6874811.82,0],[652786.689999998,6874826.88,0],[652785.539999999,6874828.2,0],[652777,6874838.02,0],[652767.710000001,6874847.45,0],[652766.920000002,6874848.19,0],[652763.340000004,6874851.62,0],[652765.130000003,6874852.17,0],[652763.909999996,6874853.51,0],[652759.329999998,6874857.62,0],[652755.630000003,6874859.97,0],[652751.68,6874862.44,0],[652746.210000001,6874865.84,0],[652748.409999996,6874869.32,0],[652749.030000001,6874870.3,0],[652753.68,6874877.62,0],[652756.219999999,6874881.61,0],[652756.390000001,6874890.42,0],[652795.969999999,6874892.67,0],[652800.770000003,6874892.7,0],[652802.759999998,6874885.37,0]]],[[[651852.700000003,6874885.76,0],[651857.520000003,6874883.62,0],[651861.520000003,6874884.41,0],[651861.799999997,6874884.22,0],[651866.619999997,6874881.11,0],[651868.82,6874877.07,0],[651869.229999997,6874864.4,0],[651867.950000003,6874856.52,0],[651865.439999998,6874852.32,0],[651860.149999999,6874843.42,0],[651851.700000003,6874829.24,0],[651842.310000002,6874813.49,0],[651835.329999998,6874801.75,0],[651832.049999997,6874796.6,0],[651830.799999997,6874794.03,0],[651829.789999999,6874791.95,0],[651825.939999998,6874784.04,0],[651823.5,6874777.68,0],[651822.289999999,6874774.53,0],[651821.25,6874771.82,0],[651820.119999997,6874768.84,0],[651817.859999999,6874762.78,0],[651815.810000002,6874757.29,0],[651811.399999999,6874745.49,0],[651808.490000002,6874737.66,0],[651805.350000001,6874729.25,0],[651801.979999997,6874720.25,0],[651800.57,6874720.9,0],[651793.509999998,6874704.6,0],[651795.189999998,6874703.72,0],[651790.219999999,6874691.44,0],[651787.030000001,6874683.57,0],[651785.020000003,6874678.63,0],[651784.479999997,6874678.86,0],[651784.259999998,6874678.43,0],[651782.329999998,6874674.46,0],[651780.829999998,6874671.37,0],[651781.329999998,6874671.14,0],[651776.850000001,6874661.39,0],[651769.200000003,6874648.19,0],[651762.979999997,6874637.21,0],[651757.119999997,6874626.84,0],[651756.600000001,6874626.1,0],[651755.060000002,6874624.26,0],[651752.030000001,6874619.91,0],[651741.390000001,6874625.68,0],[651735.189999998,6874629.02,0],[651725.93,6874633.97,0],[651728.289999999,6874638.23,0],[651729.670000002,6874640.78,0],[651731.75,6874644.71,0],[651736.700000003,6874654.09,0],[651714.899999999,6874664.15,0],[651715.670000002,6874665.94,0],[651704.149999999,6874671.72,0],[651705.57,6874674.54,0],[651717.090000004,6874669.21,0],[651719.170000002,6874674.02,0],[651722.810000002,6874682.38,0],[651734.939999998,6874676.63,0],[651741.740000002,6874690.43,0],[651731.189999998,6874695.86,0],[651725.609999999,6874698.75,0],[651723.270000003,6874693.8,0],[651713.829999998,6874698.5,0],[651686.049999997,6874712.31,0],[651661.5,6874724.52,0],[651681.060000002,6874768.08,0],[651683.850000001,6874773.97,0],[651681.920000002,6874774.88,0],[651686.609999999,6874785.31,0],[651730.299999997,6874765.7,0],[651732.539999999,6874764.69,0],[651736.380000003,6874774.52,0],[651740.359999999,6874784.42,0],[651740.390000001,6874784.82,0],[651742.850000001,6874789.81,0],[651744.909999996,6874794.47,0],[651750.32,6874809.04,0],[651760.579999998,6874804.99,0],[651775.399999999,6874799.19,0],[651787.270000003,6874825.08,0],[651785.479999997,6874825.94,0],[651788.299999997,6874831.44,0],[651791.219999999,6874837.13,0],[651793.740000002,6874835.96,0],[651799.469999999,6874849.06,0],[651799.850000001,6874849.85,0],[651802.109999999,6874854.75,0],[651802.630000003,6874855.88,0],[651808.329999998,6874868.2,0],[651812.740000002,6874877.73,0],[651813.350000001,6874879.04,0],[651822.920000002,6874899.7,0],[651823.829999998,6874901.59,0],[651839.439999998,6874894.13,0],[651849.090000004,6874889.65,0],[651852.700000003,6874885.76,0]]],[[[652132.039999999,6874870.13,0],[652120.789999999,6874846.75,0],[652115.850000001,6874849.22,0],[652109.210000001,6874852.54,0],[652107.219999999,6874853.53,0],[652054.310000002,6874879.94,0],[652052.82,6874880.63,0],[652060.850000001,6874896.17,0],[652061.060000002,6874896.58,0],[652064.710000001,6874903.63,0],[652066.57,6874907.24,0],[652072.759999998,6874919.21,0],[652082.289999999,6874935.33,0],[652085.75,6874941.22,0],[652091.659999996,6874951.23,0],[652097.060000002,6874960.6,0],[652102.020000003,6874969.04,0],[652111.549999997,6874985.28,0],[652112.149999999,6874985.39,0],[652117.130000003,6874994.78,0],[652124.030000001,6874991.16,0],[652127.82,6874989.18,0],[652136.259999998,6874984.78,0],[652144.990000002,6874980.22,0],[652145.039999999,6874979.67,0],[652153.759999998,6874975.35,0],[652164.689999998,6874969.95,0],[652176.609999999,6874964.06,0],[652171.75,6874954.03,0],[652167.740000002,6874945.76,0],[652163.549999997,6874937.13,0],[652159.450000003,6874928.68,0],[652157.119999997,6874923.85,0],[652155.25,6874919.57,0],[652149.799999997,6874908.33,0],[652147.130000003,6874902.94,0],[652144.439999998,6874897.48,0],[652138.93,6874886.37,0],[652132.039999999,6874870.13,0]]],[[[652090.899999999,6874996.67,0],[652097.299999997,6874995.05,0],[652098.060000002,6874995.91,0],[652104.840000004,6874992.29,0],[652096.439999998,6874979.24,0],[652091.039999999,6874970.82,0],[652092.539999999,6874969.83,0],[652090.240000002,6874966.11,0],[652081.090000004,6874951.31,0],[652080.420000002,6874950.21,0],[652071.689999998,6874935.92,0],[652069.82,6874932.64,0],[652066.240000002,6874926.32,0],[652064.869999997,6874923.64,0],[652062.189999998,6874918.81,0],[652058.030000001,6874911.36,0],[652056.07,6874907.82,0],[652054.43,6874907.48,0],[652051.240000002,6874909.25,0],[652041.32,6874914.74,0],[652037.600000001,6874916.8,0],[652033.619999997,6874918.99,0],[652024.369999997,6874924.1,0],[652020.25,6874926.39,0],[652012.530000001,6874930.65,0],[652008.240000002,6874933.01,0],[652000.43,6874937.34,0],[651996.060000002,6874939.76,0],[651991.759999998,6874942.13,0],[651984.93,6874945.91,0],[651971.229999997,6874954.72,0],[651969.700000003,6874960.82,0],[651971.32,6874964.14,0],[651973.5,6874968.61,0],[651996.920000002,6875016.86,0],[651997.950000003,6875016.43,0],[652003.039999999,6875014.25,0],[652014.880000003,6875009.23,0],[652017.789999999,6875007.98,0],[652020.020000003,6875007.91,0],[652026.039999999,6875007.71,0],[652031.039999999,6875007.55,0],[652036.689999998,6875007.36,0],[652048.710000001,6875006.46,0],[652054.039999999,6875006.07,0],[652058.609999999,6875005.73,0],[652058.829999998,6875004.85,0],[652063.549999997,6875003.65,0],[652074.060000002,6875000.98,0],[652081.609999999,6874999.05,0],[652085.82,6874997.98,0],[652090.899999999,6874996.67,0]]],[[[652522.920000002,6875016.25,0],[652529.200000003,6875010.83,0],[652532.670000002,6875006.17,0],[652541.409999996,6874994.45,0],[652550.740000002,6874980.24,0],[652557.329999998,6874969.97,0],[652561.280000001,6874963.94,0],[652564.469999999,6874958.95,0],[652568.020000003,6874953.47,0],[652568.560000002,6874951,0],[652568.759999998,6874950.72,0],[652571.899999999,6874946.39,0],[652578.710000001,6874939.31,0],[652581.840000004,6874936.53,0],[652587.490000002,6874931.78,0],[652593.159999996,6874926.74,0],[652600.130000003,6874922.58,0],[652600.57,6874923.02,0],[652607.009999998,6874920.1,0],[652606.640000001,6874919.39,0],[652615.43,6874915.75,0],[652620.159999996,6874913.97,0],[652623.68,6874912.65,0],[652640.289999999,6874906.04,0],[652639.079999998,6874900.04,0],[652621.170000002,6874900.51,0],[652613.560000002,6874901.07,0],[652611.5,6874901.22,0],[652597.969999999,6874902.37,0],[652585.280000001,6874903.39,0],[652574.079999998,6874904.33,0],[652568.770000003,6874904.72,0],[652564.719999999,6874905.08,0],[652564.409999996,6874905.11,0],[652561.810000002,6874905.35,0],[652546.899999999,6874906.52,0],[652533.789999999,6874907.53,0],[652520.350000001,6874908.58,0],[652512.590000004,6874909.23,0],[652509.689999998,6874909.46,0],[652507.710000001,6874910.95,0],[652503.850000001,6874910.23,0],[652497,6874911.17,0],[652496.590000004,6874911.23,0],[652489.289999999,6874912.36,0],[652486.32,6874912.82,0],[652473.390000001,6874914.82,0],[652475.990000002,6874930.29,0],[652477.700000003,6874940.4,0],[652480.25,6874959.85,0],[652481.280000001,6874967.62,0],[652482.68,6874978.35,0],[652483.840000004,6874987.08,0],[652484.909999996,6875000.12,0],[652484.700000003,6875006.99,0],[652484.170000002,6875007.09,0],[652484.270000003,6875011.84,0],[652484.340000004,6875016.17,0],[652484.869999997,6875016.16,0],[652484.719999999,6875022.26,0],[652484.649999999,6875025.02,0],[652484.509999998,6875031.29,0],[652487.039999999,6875033.53,0],[652497.210000001,6875030.25,0],[652499.670000002,6875029.44,0],[652502.93,6875027.95,0],[652515.060000002,6875021.94,0],[652522.920000002,6875016.25,0]]],[[[651902.82,6875027.91,0],[651905.329999998,6875023.85,0],[651903.390000001,6875017.29,0],[651901.289999999,6875010.25,0],[651898.700000003,6875001.51,0],[651893.130000003,6874983.23,0],[651890.770000003,6874975.5,0],[651886.590000004,6874962.28,0],[651884.990000002,6874956.82,0],[651882.700000003,6874949.04,0],[651879.07,6874937.18,0],[651874.840000004,6874923.34,0],[651873.380000003,6874918.56,0],[651871.549999997,6874912.56,0],[651868.659999996,6874903.11,0],[651867.07,6874897.91,0],[651863.670000002,6874886.82,0],[651850.340000004,6874893.28,0],[651842.009999998,6874897.32,0],[651840.259999998,6874898.17,0],[651839.390000001,6874900.69,0],[651835.5,6874902.41,0],[651828.649999999,6874905.45,0],[651828.710000001,6874906.41,0],[651825.32,6874907.95,0],[651824.049999997,6874908.53,0],[651821.659999996,6874909.61,0],[651829.729999997,6874930.15,0],[651835.810000002,6874946.12,0],[651842.490000002,6874943.62,0],[651843.090000004,6874943.39,0],[651849.469999999,6874940.97,0],[651849.840000004,6874940.83,0],[651850.420000002,6874939.09,0],[651853.729999997,6874938.01,0],[651855.229999997,6874941.94,0],[651856.520000003,6874945.32,0],[651852.159999996,6874946.89,0],[651844.789999999,6874949.55,0],[651845.850000001,6874952.31,0],[651846.82,6874954.87,0],[651849.240000002,6874961.19,0],[651851.890000001,6874960.23,0],[651856.399999999,6874973.48,0],[651849.840000004,6874976.03,0],[651848.380000003,6874976.96,0],[651841.390000001,6874980.84,0],[651828.140000001,6874985.96,0],[651822.630000003,6874988.09,0],[651821.299999997,6874988.6,0],[651824.560000002,6874997.2,0],[651830.210000001,6874995.09,0],[651831.5,6874998.2,0],[651838.219999999,6874995.64,0],[651845.850000001,6874992.74,0],[651847.700000003,6874992.03,0],[651856.210000001,6874988.74,0],[651863.770000003,6874985.85,0],[651866.390000001,6874993.65,0],[651871.310000002,6874991.84,0],[651873.049999997,6874996.66,0],[651872.75,6874997.48,0],[651868.170000002,6874998.97,0],[651860.909999996,6875001.83,0],[651861.829999998,6875004.57,0],[651862.670000002,6875007.05,0],[651863.289999999,6875009.07,0],[651864.57,6875013.25,0],[651855.280000001,6875016.18,0],[651834.240000002,6875022.87,0],[651836.979999997,6875030.23,0],[651837.649999999,6875032.06,0],[651852.479999997,6875027.74,0],[651853.740000002,6875032.2,0],[651854.299999997,6875032.03,0],[651871.119999997,6875027.07,0],[651874.990000002,6875025.89,0],[651876.880000003,6875025.32,0],[651879.509999998,6875034.49,0],[651880.229999997,6875034.29,0],[651885.210000001,6875032.89,0],[651902.82,6875027.91,0]]],[[[651966.859999999,6874910.73,0],[651963.649999999,6874904.46,0],[651956.329999998,6874908.17,0],[651951.490000002,6874898.69,0],[651964.979999997,6874891.86,0],[651960.539999999,6874882.82,0],[651963.369999997,6874881.4,0],[651959.380000003,6874873.79,0],[651956.880000003,6874875.04,0],[651952.850000001,6874866.88,0],[651940.759999998,6874872.87,0],[651935.93,6874862.85,0],[651912.030000001,6874874.68,0],[651899.759999998,6874848.27,0],[651927.920000002,6874834.78,0],[651921.460000001,6874821.45,0],[651912.840000004,6874825.58,0],[651902.43,6874830.57,0],[651893.5,6874834.85,0],[651887.060000002,6874820.94,0],[651884.939999998,6874816.37,0],[651883.100000001,6874817.17,0],[651878.969999999,6874809.18,0],[651875.520000003,6874802.51,0],[651854.780000001,6874812.71,0],[651853.5,6874816.55,0],[651858.630000003,6874825.09,0],[651860.740000002,6874828.61,0],[651862.729999997,6874831.93,0],[651871.009999998,6874845.76,0],[651873,6874849.07,0],[651875.57,6874853.36,0],[651878.640000001,6874858.48,0],[651877.670000002,6874858.99,0],[651879.100000001,6874869.09,0],[651882.07,6874876.11,0],[651878.5,6874877.78,0],[651874.100000001,6874883.7,0],[651876.359999999,6874894.23,0],[651875.240000002,6874894.99,0],[651879.280000001,6874909.37,0],[651882.75,6874921.67,0],[651885.859999999,6874931.96,0],[651888.969999999,6874942.29,0],[651890.969999999,6874948.92,0],[651891.630000003,6874951.09,0],[651894.649999999,6874961.11,0],[651895.509999998,6874964,0],[651897.909999996,6874971.95,0],[651899.469999999,6874977.12,0],[651900.890000001,6874981.8,0],[651906.93,6875001.85,0],[651909.049999997,6875008.98,0],[651910.329999998,6875013.25,0],[651911.560000002,6875017.39,0],[651913,6875022.22,0],[651914.549999997,6875027.43,0],[651920.829999998,6875048.51,0],[651939.149999999,6875040.89,0],[651937.600000001,6875036.59,0],[651936.890000001,6875034.3,0],[651934.25,6875025.89,0],[651934.880000003,6875025.67,0],[651936.850000001,6875024.98,0],[651937.689999998,6875024.68,0],[651939.600000001,6875024.02,0],[651946.390000001,6875021.6,0],[651942.82,6875012.93,0],[651947.899999999,6875011.34,0],[651947.460000001,6875010.36,0],[651949.630000003,6875009.36,0],[651960.030000001,6875004.5,0],[651964.18,6875002.55,0],[651963.719999999,6875001.6,0],[651958.060000002,6874989.82,0],[651952.810000002,6874978.9,0],[651958.509999998,6874976.06,0],[651955.460000001,6874969.77,0],[651949.640000001,6874957.81,0],[651977.170000002,6874944.26,0],[651976.75,6874943.22,0],[651975.259999998,6874939.7,0],[651973.25,6874934.88,0],[651969.159999996,6874925.52,0],[651973.390000001,6874923.49,0],[651970.060000002,6874916.97,0],[651966.859999999,6874910.73,0]]],[[[652045.469999999,6875118.75,0],[652039.719999999,6875105.74,0],[652039.43,6875105.08,0],[652033.969999999,6875092.74,0],[651980.979999997,6875115.19,0],[651980.079999998,6875112.85,0],[651976.609999999,6875103.77,0],[651975.409999996,6875100.6,0],[652027.990000002,6875079.2,0],[652025.57,6875073.73,0],[652021.799999997,6875065.18,0],[652019.700000003,6875066.01,0],[652008.850000001,6875070.33,0],[651999.740000002,6875073.96,0],[651990.780000001,6875077.4,0],[651975.93,6875083.13,0],[651973.32,6875084.14,0],[651963.990000002,6875087.75,0],[651956.969999999,6875090.45,0],[651954.210000001,6875091.51,0],[651952.979999997,6875088.07,0],[651951.090000004,6875088.67,0],[651950.030000001,6875085.73,0],[651947.799999997,6875079.51,0],[651944.759999998,6875071.04,0],[651950.82,6875068.43,0],[651942.740000002,6875048.85,0],[651925.149999999,6875056.47,0],[651924.520000003,6875059.39,0],[651930.289999999,6875077.39,0],[651930.340000004,6875077.55,0],[651932.590000004,6875084.55,0],[651934.789999999,6875091.46,0],[651936.75,6875097.54,0],[651936.939999998,6875098.16,0],[651938.189999998,6875101.69,0],[651940.719999999,6875108.85,0],[651942.530000001,6875113.98,0],[651943.93,6875117.94,0],[651947.899999999,6875129.24,0],[651953.149999999,6875144.21,0],[651958.270000003,6875158.84,0],[651961.210000001,6875167.2,0],[651962.729999997,6875171.57,0],[651963.75,6875174.46,0],[651967.530000001,6875185.25,0],[651968.579999998,6875188.26,0],[651970.240000002,6875193,0],[651972.109999999,6875198.35,0],[651975.890000001,6875209.13,0],[651978.649999999,6875210.45,0],[651980.600000001,6875209.98,0],[651997.130000003,6875206.06,0],[652003.799999997,6875203.55,0],[651999.520000003,6875192.26,0],[651998.200000003,6875188.79,0],[651996.579999998,6875184.54,0],[651991.640000001,6875171.55,0],[651990.460000001,6875168.42,0],[651992.729999997,6875167.58,0],[652014.049999997,6875158.71,0],[652009.420000002,6875148.2,0],[652006.890000001,6875142.3,0],[652005.030000001,6875137.65,0],[652039.890000001,6875121.46,0],[652045.469999999,6875118.75,0]]],[[[651967.770000003,6875209.84,0],[651961.539999999,6875191.49,0],[651959.399999999,6875185.15,0],[651958.439999998,6875182.33,0],[651951.950000003,6875163.19,0],[651950.75,6875159.63,0],[651946.590000004,6875147.37,0],[651939.859999999,6875127.51,0],[651937.649999999,6875120.98,0],[651937.07,6875119.23,0],[651934.770000003,6875112.43,0],[651933.460000001,6875108.6,0],[651930.609999999,6875100.15,0],[651927.469999999,6875090.89,0],[651926.090000004,6875086.77,0],[651923.369999997,6875078.75,0],[651919.799999997,6875068.18,0],[651913.07,6875048.26,0],[651908.560000002,6875034.93,0],[651895.479999997,6875038.5,0],[651890.390000001,6875039.89,0],[651882.950000003,6875041.92,0],[651856.479999997,6875049.15,0],[651858.460000001,6875055.25,0],[651861.109999999,6875063.77,0],[651863.729999997,6875072.2,0],[651864.909999996,6875071.79,0],[651878.18,6875067.7,0],[651880.689999998,6875075.67,0],[651880.799999997,6875076.01,0],[651881.159999996,6875075.9,0],[651881.450000003,6875077.58,0],[651882.560000002,6875080.94,0],[651882.640000001,6875081.22,0],[651883.030000001,6875082.37,0],[651885.270000003,6875089.11,0],[651886.740000002,6875093.54,0],[651887.270000003,6875095.14,0],[651888.450000003,6875098.69,0],[651889.439999998,6875101.68,0],[651892.909999996,6875112.15,0],[651892.369999997,6875112.31,0],[651893.380000003,6875115.39,0],[651895.079999998,6875120.43,0],[651899.030000001,6875119.13,0],[651902.359999999,6875129.12,0],[651904.18,6875134.58,0],[651904.350000001,6875135.12,0],[651905.079999998,6875137.29,0],[651906.289999999,6875140.92,0],[651909.469999999,6875155.51,0],[651910.009999998,6875157.98,0],[651910.740000002,6875161.29,0],[651910.869999997,6875161.9,0],[651911.329999998,6875164,0],[651913.140000001,6875172.28,0],[651913.549999997,6875174.13,0],[651913.829999998,6875175.39,0],[651915.049999997,6875181.01,0],[651915.420000002,6875182.74,0],[651916.890000001,6875189.54,0],[651921.57,6875189.68,0],[651928.100000001,6875189.87,0],[651928.439999998,6875190.02,0],[651930.049999997,6875190.74,0],[651932.880000003,6875191.99,0],[651944.789999999,6875197.28,0],[651944.210000001,6875200.83,0],[651942.969999999,6875200.45,0],[651941.560000002,6875207.02,0],[651944.689999998,6875207.78,0],[651955.729999997,6875209.7,0],[651962.490000002,6875210.89,0],[651967.770000003,6875209.84,0]]],[[[653566.880000003,6875102.21,0],[653565.619999997,6875092.57,0],[653559.630000003,6875093.75,0],[653555.32,6875081.18,0],[653555.240000002,6875080.93,0],[653553.939999998,6875081.11,0],[653552.130000003,6875076.48,0],[653551.969999999,6875075.79,0],[653552.399999999,6875075.56,0],[653549.079999998,6875065,0],[653545.020000003,6875052.13,0],[653544.960000001,6875051.94,0],[653542.960000001,6875046.27,0],[653540.689999998,6875040.05,0],[653539.920000002,6875037.92,0],[653539.420000002,6875036.57,0],[653536.460000001,6875028.46,0],[653533.130000003,6875018.71,0],[653531.560000002,6875014.29,0],[653529.420000002,6875008.02,0],[653528.270000003,6875004.65,0],[653528.130000003,6875004.26,0],[653524.479999997,6874993.62,0],[653523.299999997,6874990.54,0],[653521.469999999,6874984.99,0],[653519.299999997,6874979.16,0],[653460.640000001,6875003.57,0],[653441.579999998,6875011.55,0],[653421.649999999,6875019.99,0],[653422.460000001,6875021.72,0],[653429.689999998,6875037.12,0],[653434.060000002,6875046.87,0],[653435.07,6875051.96,0],[653435.530000001,6875055.97,0],[653436.119999997,6875062.36,0],[653436.130000003,6875062.59,0],[653436.630000003,6875071.21,0],[653438.710000001,6875080.37,0],[653440.229999997,6875087.71,0],[653440.149999999,6875092.39,0],[653439.789999999,6875095.61,0],[653438.079999998,6875102.61,0],[653437.640000001,6875104.51,0],[653454.560000002,6875099.96,0],[653458.25,6875106.49,0],[653502.469999999,6875094.76,0],[653508.090000004,6875120.42,0],[653500.689999998,6875147.3,0],[653496.009999998,6875163.03,0],[653492.590000004,6875175.35,0],[653488.549999997,6875190.71,0],[653487.200000003,6875196.38,0],[653484.729999997,6875205.58,0],[653481.979999997,6875215.33,0],[653481.57,6875218.13,0],[653481.350000001,6875219.53,0],[653480.799999997,6875223.18,0],[653480.280000001,6875227.14,0],[653479.810000002,6875230.64,0],[653478.899999999,6875237.48,0],[653478.75,6875238.65,0],[653477.689999998,6875246.81,0],[653475.43,6875254.43,0],[653475.380000003,6875254.62,0],[653473.020000003,6875262.53,0],[653492.969999999,6875263.77,0],[653500.82,6875264.23,0],[653508.859999999,6875264.69,0],[653521.380000003,6875265.43,0],[653531.920000002,6875266.04,0],[653534.369999997,6875256.94,0],[653536.509999998,6875248.1,0],[653538.899999999,6875238.98,0],[653541.210000001,6875230.2,0],[653541.270000003,6875229.95,0],[653542.170000002,6875226.17,0],[653543.390000001,6875221.01,0],[653544.689999998,6875216.35,0],[653545.710000001,6875211.91,0],[653547.43,6875203.2,0],[653548.060000002,6875200.02,0],[653548.310000002,6875198.88,0],[653545.719999999,6875194.87,0],[653545.850000001,6875194.71,0],[653549.780000001,6875190.23,0],[653554.119999997,6875172.85,0],[653557.329999998,6875160.48,0],[653559.850000001,6875151.16,0],[653562.939999998,6875137.27,0],[653564.07,6875131.82,0],[653566.880000003,6875102.21,0]]],[[[653460.119999997,6875448.12,0],[653460.520000003,6875446,0],[653466.450000003,6875446.9,0],[653474.329999998,6875448.1,0],[653474.409999996,6875447.01,0],[653484.5,6875442.2,0],[653486.359999999,6875438.92,0],[653488.07,6875436.13,0],[653489.880000003,6875433.02,0],[653492.829999998,6875420.62,0],[653492.399999999,6875420.53,0],[653494.850000001,6875411.08,0],[653498.329999998,6875396.8,0],[653499.170000002,6875396.7,0],[653499.509999998,6875395.31,0],[653502.740000002,6875382.02,0],[653504.859999999,6875373.17,0],[653508.399999999,6875358.29,0],[653511.469999999,6875345.62,0],[653514.780000001,6875332.04,0],[653514.850000001,6875331.77,0],[653520.869999997,6875307.34,0],[653522.119999997,6875302.29,0],[653522.640000001,6875302.32,0],[653524.960000001,6875293.35,0],[653527.240000002,6875284.38,0],[653529.640000001,6875275.49,0],[653509.25,6875273.79,0],[653500.649999999,6875273.07,0],[653483.469999999,6875271.76,0],[653469.759999998,6875270.53,0],[653464.520000003,6875278.17,0],[653459.520000003,6875285.46,0],[653454.640000001,6875293.72,0],[653449.539999999,6875292.93,0],[653444.18,6875329.35,0],[653444.969999999,6875329.27,0],[653443.509999998,6875337.79,0],[653443,6875340.67,0],[653441.219999999,6875350.51,0],[653439.840000004,6875358.7,0],[653439.509999998,6875360.65,0],[653439.049999997,6875363.17,0],[653436.479999997,6875377.52,0],[653434.43,6875389.03,0],[653433.409999996,6875394.74,0],[653431.119999997,6875407.82,0],[653427.600000001,6875427.91,0],[653429.490000002,6875428.83,0],[653428.960000001,6875435.69,0],[653431.189999998,6875439.36,0],[653436.560000002,6875441.3,0],[653447.890000001,6875444.65,0],[653448.189999998,6875444.24,0],[653449.060000002,6875444.36,0],[653448.640000001,6875447.32,0],[653449.090000004,6875447.53,0],[653449.439999998,6875447.7,0],[653459.579999998,6875449.56,0],[653460.119999997,6875448.12,0]]]]},"properties":{"OBJECTID_1":665,"CODE_INSEE":"95427","GlobalID":"d34a8588-ae2e-4557-aae8-46b99887d804","DATE_DELIB":"Wed, 05 Oct 2022 20:30:00 GMT"}},{"type":"Feature","id":685,"geometry":{"type":"Polygon","coordinates":[[[652092.079999998,6875146.19,0],[652088.18,6875138.09,0],[652087.030000001,6875138.68,0],[652083.82,6875130.03,0],[652085.409999996,6875129.31,0],[652086.280000001,6875128.85,0],[652087.07,6875128.27,0],[652087.770000003,6875127.58,0],[652088.350000001,6875126.8,0],[652088.82,6875125.93,0],[652089.149999999,6875125.01,0],[652089.340000004,6875124.05,0],[652089.380000003,6875123.07,0],[652089.280000001,6875122.09,0],[652089.049999997,6875121.14,0],[652077.060000002,6875088.97,0],[652076.719999999,6875088.07,0],[652078.289999999,6875084.64,0],[652076.469999999,6875079.85,0],[652062.420000002,6875042.95,0],[652062.619999997,6875042.89,0],[652059.140000001,6875028.68,0],[652058.07,6875024.71,0],[652057.369999997,6875022.17,0],[652057.159999996,6875021.36,0],[652054.82,6875012.79,0],[652042.460000001,6875015.87,0],[652029.020000003,6875016.11,0],[652028.600000001,6875015.3,0],[652028.420000002,6875014.93,0],[652020.5,6875015.11,0],[652013.719999999,6875018.05,0],[652009.270000003,6875019.98,0],[652003.390000001,6875022.52,0],[651997.770000003,6875024.97,0],[651992.049999997,6875027.45,0],[651983.310000002,6875031.25,0],[651974.82,6875034.93,0],[651971.590000004,6875036.32,0],[651957.5,6875042.44,0],[651948.960000001,6875046.15,0],[651942.740000002,6875048.85,0],[651950.82,6875068.43,0],[651944.759999998,6875071.04,0],[651947.799999997,6875079.51,0],[651950.030000001,6875085.73,0],[651951.090000004,6875088.67,0],[651952.979999997,6875088.07,0],[651954.210000001,6875091.51,0],[651956.969999999,6875090.45,0],[651963.990000002,6875087.75,0],[651973.32,6875084.14,0],[651975.93,6875083.13,0],[651990.780000001,6875077.4,0],[651999.740000002,6875073.96,0],[652008.850000001,6875070.33,0],[652019.700000003,6875066.01,0],[652021.799999997,6875065.18,0],[652025.57,6875073.73,0],[652027.990000002,6875079.2,0],[651975.409999996,6875100.6,0],[651976.609999999,6875103.77,0],[651980.079999998,6875112.85,0],[651980.979999997,6875115.19,0],[652033.969999999,6875092.74,0],[652039.43,6875105.08,0],[652039.719999999,6875105.74,0],[652045.469999999,6875118.75,0],[652039.890000001,6875121.46,0],[652005.030000001,6875137.65,0],[652006.890000001,6875142.3,0],[652009.420000002,6875148.2,0],[652014.049999997,6875158.71,0],[651992.729999997,6875167.58,0],[651990.460000001,6875168.42,0],[651991.640000001,6875171.55,0],[651996.579999998,6875184.54,0],[651998.200000003,6875188.79,0],[651999.520000003,6875192.26,0],[652003.799999997,6875203.55,0],[652025.469999999,6875195.37,0],[652029.490000002,6875193.86,0],[652037.560000002,6875190.35,0],[652041.590000004,6875188.6,0],[652049.049999997,6875185.35,0],[652065.159999996,6875178.33,0],[652070.229999997,6875175.81,0],[652079.640000001,6875171.09,0],[652096.109999999,6875162.84,0],[652099.359999999,6875161.22,0],[652096.859999999,6875156.15,0],[652096.25,6875154.87,0],[652092.079999998,6875146.19,0]]]},"properties":{"OBJECTID_1":685,"CODE_INSEE":"95427","GlobalID":"8b31a437-47c3-4601-9583-c355a2db5bae","DATE_DELIB":"Wed, 20 Nov 2024 00:00:00 GMT"}},{"type":"Feature","id":717,"geometry":{"type":"Polygon","coordinates":[[[653444.880000003,6875608.28,0],[653448.969999999,6875592.46,0],[653451.619999997,6875581.84,0],[653455.219999999,6875567.89,0],[653458.229999997,6875556.19,0],[653459.25,6875552.24,0],[653463.829999998,6875534.28,0],[653465.630000003,6875526.62,0],[653469.289999999,6875510.86,0],[653473.049999997,6875494.7,0],[653475.259999998,6875486.78,0],[653478.729999997,6875474.38,0],[653480.990000002,6875466.29,0],[653482.18,6875462.03,0],[653476.939999998,6875460.49,0],[653475.659999996,6875460.69,0],[653474.810000002,6875460.82,0],[653466.329999998,6875464.28,0],[653454.590000004,6875470.41,0],[653449.789999999,6875472.92,0],[653438.170000002,6875479.24,0],[653421.859999999,6875487.59,0],[653398.210000001,6875499.69,0],[653388.439999998,6875504.64,0],[653372.369999997,6875512.77,0],[653365.060000002,6875516.46,0],[653364,6875516.98,0],[653337.57,6875530.6,0],[653334.229999997,6875532.19,0],[653331.210000001,6875536.42,0],[653334.299999997,6875546.67,0],[653333.32,6875547.16,0],[653337.460000001,6875561.71,0],[653336.649999999,6875561.97,0],[653340.810000002,6875574.24,0],[653343.270000003,6875580.61,0],[653344.890000001,6875584.13,0],[653346.509999998,6875586.75,0],[653348.649999999,6875589.92,0],[653350.770000003,6875592.32,0],[653352.939999998,6875594.9,0],[653354.380000003,6875596.31,0],[653357.07,6875598.58,0],[653362.210000001,6875602.89,0],[653362.340000004,6875600.94,0],[653373.380000003,6875605.69,0],[653373.299999997,6875607.11,0],[653385.640000001,6875610.09,0],[653410.880000003,6875616.17,0],[653441.210000001,6875622.52,0],[653444.880000003,6875608.28,0]]]},"properties":{"OBJECTID_1":717,"CODE_INSEE":"95427","GlobalID":"c6abb338-3329-49e1-bc7d-34135da8fea5","DATE_DELIB":"Wed, 20 Nov 2024 00:00:00 GMT"}},{"type":"Feature","id":755,"geometry":{"type":"MultiPolygon","coordinates":[[[[651583.920599997,6883194.3899,0],[651595.07,6883189.58,0],[651603.890000001,6883186.02,0],[651609.350000001,6883183.74,0],[651604.340000004,6883178.74,0],[651599.770000003,6883174.67,0],[651595.43,6883170.69,0],[651591.090000004,6883166.69,0],[651586.700000003,6883162.77,0],[651581.840000004,6883158.42,0],[651580.520000003,6883157.5,0],[651580.060000002,6883153.02,0],[651579.079999998,6883148.11,0],[651574.590000004,6883149.03,0],[651570.079999998,6883149.58,0],[651567.649999999,6883150.98,0],[651565.93,6883152.83,0],[651565.219999999,6883154.67,0],[651563.420000002,6883154.72,0],[651563.692100003,6883158.2567,0],[651563.020000003,6883158.1,0],[651559.219999999,6883169.09,0],[651558.68,6883173.1,0],[651556.979999997,6883183.58,0],[651555.649999999,6883192.61,0],[651554.609999999,6883199.65,0],[651553.539999999,6883206.48,0],[651552.210000001,6883215.84,0],[651551.009999998,6883223.46,0],[651550.25,6883228.06,0],[651549.090000004,6883227.95,0],[651548.219999999,6883232.69,0],[651549.460000001,6883232.91,0],[651548.850000001,6883236.31,0],[651544.740000002,6883244.85,0],[651537.590000004,6883259.41,0],[651547.210000001,6883261.68,0],[651547.409999996,6883261.22,0],[651555.210000001,6883262.32,0],[651562.020000003,6883263.09,0],[651563.100000001,6883263.18,0],[651565.740000002,6883262.67,0],[651566.789999999,6883267.29,0],[651567.329999998,6883269.7,0],[651568.200000003,6883273.65,0],[651568.299999997,6883274.15,0],[651568.560000002,6883275.15,0],[651582.210000001,6883271.35,0],[651588.380000003,6883269.61,0],[651588.380000003,6883269.23,0],[651588.240000002,6883252.49,0],[651588.240000002,6883252.24,0],[651588.270000003,6883244.44,0],[651588.090000004,6883235.36,0],[651609.450000003,6883235.66,0],[651610.520000003,6883235.66,0],[651613.100000001,6883236.08,0],[651614.740000002,6883229.51,0],[651614.539999999,6883228.84,0],[651613.609999999,6883225.81,0],[651615.369999997,6883219.65,0],[651617.829999998,6883211.37,0],[651617.75,6883210.98,0],[651597.859999999,6883207.99,0],[651577.509999998,6883204.82,0],[651576.490000002,6883196.8,0],[651584.07,6883195.37,0],[651583.920599997,6883194.3899,0]]],[[[651437.899999999,6883506.63,0],[651440.369999997,6883499.53,0],[651440.840000004,6883499.69,0],[651442.979999997,6883491.37,0],[651443.950000003,6883487.33,0],[651445.109999999,6883482.03,0],[651446.780000001,6883476.48,0],[651447.759999998,6883473.73,0],[651449.859999999,6883467.73,0],[651451.07,6883463.96,0],[651451.939999998,6883460.86,0],[651454.729999997,6883450.9,0],[651456.350000001,6883444.94,0],[651456.869999997,6883443.05,0],[651457.770000003,6883439.71,0],[651458.619999997,6883436.56,0],[651459.310000002,6883433.62,0],[651459.57,6883432.37,0],[651459.740000002,6883430.54,0],[651460.950000003,6883426.31,0],[651461.460000001,6883424.91,0],[651462.049999997,6883423.04,0],[651464,6883416.84,0],[651465.920000002,6883410.66,0],[651469.439999998,6883399.47,0],[651469.890000001,6883397.6,0],[651469.520000003,6883397.47,0],[651471.240000002,6883391.34,0],[651472.869999997,6883387.44,0],[651473.399999999,6883387.42,0],[651474.030000001,6883386.31,0],[651474.689999998,6883384.8,0],[651476.259999998,6883378.88,0],[651477.719999999,6883373.62,0],[651479.109999999,6883368.36,0],[651471.149999999,6883366.21,0],[651469.109999999,6883364.56,0],[651465.850000001,6883361.92,0],[651460.640000001,6883357.71,0],[651459.380000003,6883356.4,0],[651457.82,6883352.87,0],[651455.280000001,6883354.09,0],[651439.359999999,6883361.5,0],[651438.200000003,6883362.09,0],[651435.880000003,6883363.72,0],[651434.240000002,6883365,0],[651428.109999999,6883370,0],[651428.490000002,6883370.5,0],[651424.93,6883374.48,0],[651419.439999998,6883380.67,0],[651414.479999997,6883386.28,0],[651412.509999998,6883388.5,0],[651411.359999999,6883389.82,0],[651406.560000002,6883395.31,0],[651402.579999998,6883399.68,0],[651401.780000001,6883400.64,0],[651398.340000004,6883404.56,0],[651394.789999999,6883408.6,0],[651391.670000002,6883412.11,0],[651387.439999998,6883416.84,0],[651382.68,6883422.29,0],[651380.020000003,6883425.2,0],[651375.549999997,6883430.25,0],[651372.270000003,6883434.02,0],[651367.950000003,6883438.82,0],[651366.359999999,6883440.59,0],[651364.359999999,6883442.92,0],[651360.060000002,6883447.62,0],[651355.140000001,6883453.23,0],[651352.920000002,6883455.65,0],[651344.579999998,6883465.19,0],[651342.329999998,6883467.68,0],[651340.43,6883469.71,0],[651340.479999997,6883472.54,0],[651340.539999999,6883474.95,0],[651341.909999996,6883476.93,0],[651346.200000003,6883482.92,0],[651348.850000001,6883486.66,0],[651366.560000002,6883472.15,0],[651366.990000002,6883472.69,0],[651371.060000002,6883477.6,0],[651376.869999997,6883484.65,0],[651378.18,6883486.24,0],[651379.640000001,6883485.15,0],[651380.700000003,6883485.9,0],[651382.909999996,6883487.5,0],[651388.890000001,6883491.82,0],[651396.780000001,6883497.61,0],[651404.68,6883503.34,0],[651408.060000002,6883505.78,0],[651412.289999999,6883508.85,0],[651418.229999997,6883512.81,0],[651421.359999999,6883514.87,0],[651424.539999999,6883517.04,0],[651428.32,6883518.43,0],[651433.719999999,6883520.56,0],[651434.609999999,6883516.12,0],[651435.840000004,6883512.91,0],[651437.899999999,6883506.63,0]]],[[[651515.369999997,6883482.19,0],[651535.07,6883477.09,0],[651556.189999998,6883471.48,0],[651562.979999997,6883469.49,0],[651559.909999996,6883457,0],[651559.729999997,6883456.27,0],[651555.560000002,6883457.57,0],[651548.880000003,6883459.34,0],[651533.200000003,6883463.36,0],[651525.270000003,6883465.46,0],[651516.450000003,6883467.31,0],[651508.780000001,6883439.04,0],[651507.270000003,6883439.44,0],[651503.200000003,6883424.72,0],[651512.43,6883422.14,0],[651530.420000002,6883416.76,0],[651527.109999999,6883405.24,0],[651525.600000001,6883400.59,0],[651522.609999999,6883374.82,0],[651518.740000002,6883375.58,0],[651515.030000001,6883376.26,0],[651510.960000001,6883376.11,0],[651504.18,6883375.92,0],[651492.009999998,6883375.62,0],[651487.090000004,6883374.35,0],[651484.649999999,6883382.75,0],[651484.590000004,6883382.96,0],[651483.329999998,6883387.42,0],[651483.310000002,6883387.53,0],[651482.299999997,6883392.83,0],[651479.520000003,6883403.57,0],[651478.380000003,6883403.28,0],[651475.770000003,6883411.66,0],[651475.299999997,6883412.21,0],[651471.090000004,6883425.72,0],[651471.509999998,6883425.81,0],[651470.170000002,6883429.87,0],[651472.490000002,6883430.61,0],[651472.409999996,6883433.1,0],[651474.100000001,6883439.59,0],[651471,6883440.05,0],[651471.649999999,6883447.88,0],[651467.350000001,6883446.99,0],[651465.460000001,6883446.6,0],[651462.109999999,6883459.87,0],[651454.979999997,6883482.97,0],[651454.380000003,6883483.05,0],[651451.109999999,6883493.28,0],[651450.130000003,6883496.6,0],[651447.030000001,6883509.13,0],[651446.270000003,6883512.33,0],[651444.200000003,6883521.24,0],[651463.32,6883524.31,0],[651463.579999998,6883520.97,0],[651464.229999997,6883513.38,0],[651464.759999998,6883507.67,0],[651465.32,6883505.83,0],[651465.789999999,6883503.68,0],[651466.350000001,6883499.56,0],[651466.649999999,6883497.28,0],[651466.969999999,6883494.79,0],[651483.369999997,6883490.55,0],[651492.509999998,6883488.22,0],[651500.960000001,6883485.94,0],[651503.509999998,6883485.28,0],[651515.369999997,6883482.19,0]]],[[[651433.25,6883522.51,0],[651427.68,6883521.38,0],[651426.259999998,6883520.58,0],[651423.880000003,6883519.25,0],[651420.539999999,6883516.96,0],[651417.350000001,6883514.7,0],[651412.710000001,6883511.39,0],[651407.210000001,6883522.38,0],[651402.960000001,6883518.66,0],[651399.229999997,6883530.35,0],[651396.600000001,6883538.79,0],[651395.32,6883542.75,0],[651396.159999996,6883543.7,0],[651397.219999999,6883544.9,0],[651399.799999997,6883547.77,0],[651400.880000003,6883548.76,0],[651403.130000003,6883550.78,0],[651404.200000003,6883551.74,0],[651406.700000003,6883554.04,0],[651409.770000003,6883556.73,0],[651415.469999999,6883561.93,0],[651417.630000003,6883563.75,0],[651423.380000003,6883566.86,0],[651423.869999997,6883566.34,0],[651425.590000004,6883558.43,0],[651427.829999998,6883548.19,0],[651430.119999997,6883538.13,0],[651433.25,6883522.51,0]]],[[[651459.259999998,6883740.81,0],[651458.748099998,6883739.0706,0],[651458.122699998,6883736.9457,0],[651456.369999997,6883730.99,0],[651450.420000002,6883708.64,0],[651446.32,6883693.22,0],[651445.710000001,6883690.89,0],[651448.619999997,6883689.87,0],[651451.219999999,6883688.99,0],[651459.979999997,6883686.05,0],[651461.670000002,6883685.49,0],[651461.32,6883684.51,0],[651459.659999996,6883679.47,0],[651459.490000002,6883679,0],[651457.490000002,6883672.8,0],[651455.520000003,6883666.96,0],[651455.18,6883665.72,0],[651453.380000003,6883659.95,0],[651451.479999997,6883654.14,0],[651451.039999999,6883652.71,0],[651442.030000001,6883626.61,0],[651441.130000003,6883624.46,0],[651439.880000003,6883622.38,0],[651436.579999998,6883621.38,0],[651431.950000003,6883620.21,0],[651432.689999998,6883616.98,0],[651432.960000001,6883617.04,0],[651435.049999997,6883610.62,0],[651442.289999999,6883613.62,0],[651451.520000003,6883609.97,0],[651447.210000001,6883601.69,0],[651444.93,6883597.19,0],[651441.869999997,6883591.4,0],[651436.020000003,6883587.33,0],[651431.939999998,6883586.19,0],[651429,6883588.71,0],[651428.229999997,6883592.41,0],[651426.119999997,6883600.83,0],[651424.880000003,6883606.26,0],[651422.229999997,6883617.55,0],[651419.289999999,6883630.03,0],[651417.590000004,6883637.37,0],[651416.490000002,6883641.82,0],[651415.280000001,6883646.93,0],[651413.899999999,6883652.89,0],[651418.93,6883654.1,0],[651417.100000001,6883661.76,0],[651416.18,6883665.72,0],[651409.890000001,6883691.83,0],[651409.119999997,6883695.22,0],[651406.619999997,6883706.12,0],[651406.469999999,6883706.79,0],[651431.189999998,6883715.88,0],[651436.719999999,6883717.97,0],[651447.030000001,6883721.88,0],[651459.259999998,6883740.81,0]]]]},"properties":{"OBJECTID_1":755,"CODE_INSEE":"95409","GlobalID":"53e97b9e-ce29-418f-916a-88749e8e2392","DATE_DELIB":"Wed, 21 May 2025 00:00:00 GMT"}},{"type":"Feature","id":871,"geometry":{"type":"MultiPolygon","coordinates":[[[[648601.109999999,6875246.75,0],[648588.670000002,6875242.51,0],[648572.359999999,6875282.26,0],[648577.18,6875297.36,0],[648579.5,6875304.42,0],[648580.25,6875306.67,0],[648595.270000003,6875302.68,0],[648609.520000003,6875298.87,0],[648611.299999997,6875298.4,0],[648633.75,6875290.48,0],[648635.43,6875288.8,0],[648645.009999998,6875269.83,0],[648648.479999997,6875266.74,0],[648651.530000001,6875265.37,0],[648653.920000002,6875264.76,0],[648670.600000001,6875264.48,0],[648672.350000001,6875264.01,0],[648673.359999999,6875263.24,0],[648674.030000001,6875262.19,0],[648671.609999999,6875261.81,0],[648647.100000001,6875259.09,0],[648636.549999997,6875256.74,0],[648614.729999997,6875250.59,0],[648601.109999999,6875246.75,0]]],[[[648752.079999998,6875273.46,0],[648726.850000001,6875270.67,0],[648717.75,6875277.48,0],[648715.549999997,6875286.17,0],[648712.93,6875293.23,0],[648709.740000002,6875299.51,0],[648705.490000002,6875306.53,0],[648705.340000004,6875306.7,0],[648698.460000001,6875314.42,0],[648693.670000002,6875319.02,0],[648692.789999999,6875325.22,0],[648694.060000002,6875326.75,0],[648712.229999997,6875355.18,0],[648717.909999996,6875356.68,0],[648720.810000002,6875354.82,0],[648727.310000002,6875350.66,0],[648731.670000002,6875347.87,0],[648735.850000001,6875345.18,0],[648765.280000001,6875326.3,0],[648769.770000003,6875323.44,0],[648832.009999998,6875283.51,0],[648831.460000001,6875279.71,0],[648754.079999998,6875273.68,0],[648752.079999998,6875273.46,0]]],[[[648826.960000001,6875353.31,0],[648831.600000001,6875339.75,0],[648833.289999999,6875334.86,0],[648835.520000003,6875328.35,0],[648836.460000001,6875325.61,0],[648838.740000002,6875318.95,0],[648843.82,6875304.18,0],[648845.280000001,6875299.9,0],[648847.359999999,6875293.83,0],[648848.850000001,6875289.47,0],[648843.649999999,6875285.33,0],[648829.880000003,6875294.15,0],[648815.950000003,6875303.09,0],[648803.079999998,6875311.31,0],[648786.369999997,6875322.03,0],[648769.369999997,6875332.89,0],[648748.460000001,6875346.25,0],[648737.049999997,6875353.56,0],[648722.43,6875362.92,0],[648720.789999999,6875368.61,0],[648728.950000003,6875381.12,0],[648732.979999997,6875387.3,0],[648743.039999999,6875402.73,0],[648747.549999997,6875403.53,0],[648762.68,6875393.96,0],[648792.460000001,6875375.16,0],[648812.380000003,6875362.54,0],[648826.960000001,6875353.31,0]]],[[[648686.729999997,6875329.48,0],[648680.890000001,6875327.81,0],[648672.740000002,6875331.62,0],[648667.700000003,6875333.35,0],[648666.219999999,6875333.76,0],[648658.479999997,6875335.91,0],[648644.409999996,6875338.08,0],[648644.409999996,6875338.6,0],[648633.640000001,6875339.48,0],[648632.359999999,6875339.56,0],[648619.560000002,6875340.31,0],[648607.130000003,6875341.03,0],[648597.780000001,6875341.58,0],[648588.890000001,6875342.1,0],[648565.229999997,6875343.47,0],[648562.840000004,6875347.9,0],[648581.399999999,6875368.92,0],[648592.68,6875381.71,0],[648607.890000001,6875398.95,0],[648610.32,6875401.71,0],[648622.850000001,6875415.9,0],[648627.119999997,6875416.62,0],[648643.100000001,6875405.24,0],[648654.68,6875396.92,0],[648654.740000002,6875396.88,0],[648668.560000002,6875388.14,0],[648672.899999999,6875385.37,0],[648680.200000003,6875380.73,0],[648691.979999997,6875373.28,0],[648694.990000002,6875371.37,0],[648704.310000002,6875365.48,0],[648705.810000002,6875359.61,0],[648686.729999997,6875329.48,0]]],[[[648338.079999998,6875474.79,0],[648351.409999996,6875474.13,0],[648351.460000001,6875474.13,0],[648357.979999997,6875473.36,0],[648368.329999998,6875471.59,0],[648368.530000001,6875471.53,0],[648380.829999998,6875467.85,0],[648387.659999996,6875464.74,0],[648393.090000004,6875461.96,0],[648403.609999999,6875456.53,0],[648417.670000002,6875447.54,0],[648418.609999999,6875446.84,0],[648424.490000002,6875442.44,0],[648433.219999999,6875435.62,0],[648445.310000002,6875426.16,0],[648459.270000003,6875415.25,0],[648460.460000001,6875414.25,0],[648468.350000001,6875407.65,0],[648472.75,6875403.64,0],[648486.219999999,6875391.38,0],[648486.469999999,6875391.16,0],[648498.659999996,6875378.13,0],[648512.289999999,6875363.58,0],[648529.630000003,6875345.06,0],[648538.399999999,6875338.62,0],[648537.75,6875334.01,0],[648522.119999997,6875334.53,0],[648491.719999999,6875341.7,0],[648473.600000001,6875345.96,0],[648458.329999998,6875349.55,0],[648454.979999997,6875351.69,0],[648454.390000001,6875352.26,0],[648453.850000001,6875352.79,0],[648436.780000001,6875358.55,0],[648436.670000002,6875358.62,0],[648423.57,6875366.39,0],[648419.939999998,6875368.55,0],[648405.649999999,6875379.45,0],[648393.509999998,6875388.72,0],[648385,6875395.23,0],[648381.659999996,6875397.72,0],[648377.18,6875401.05,0],[648364.859999999,6875409.63,0],[648352.659999996,6875418.15,0],[648352.18,6875418.47,0],[648338.200000003,6875424.67,0],[648337.240000002,6875425.08,0],[648332.799999997,6875425.28,0],[648331.509999998,6875425.35,0],[648330.530000001,6875425.02,0],[648326.340000004,6875423.67,0],[648315.75,6875415.53,0],[648300.82,6875404.05,0],[648296.259999998,6875402.95,0],[648282.009999998,6875401.32,0],[648271.289999999,6875400.94,0],[648266.780000001,6875401.05,0],[648270.359999999,6875407.72,0],[648284.509999998,6875434.12,0],[648294.170000002,6875452.14,0],[648298.770000003,6875458.64,0],[648303.909999996,6875463.68,0],[648310.789999999,6875468.25,0],[648316.810000002,6875471.01,0],[648319.810000002,6875472.07,0],[648322.049999997,6875472.86,0],[648329.859999999,6875474.36,0],[648338.079999998,6875474.79,0]]],[[[648583.530000001,6875382.9,0],[648574.18,6875372.27,0],[648568.460000001,6875365.77,0],[648560.299999997,6875356.52,0],[648560.229999997,6875356.44,0],[648549.450000003,6875344.2,0],[648545.030000001,6875345.16,0],[648540.119999997,6875346.9,0],[648537.18,6875348.55,0],[648534.710000001,6875350.49,0],[648524.600000001,6875361.91,0],[648513.340000004,6875374.61,0],[648511.969999999,6875376.06,0],[648501.469999999,6875387.14,0],[648499.43,6875389.28,0],[648493.539999999,6875394.9,0],[648491.18,6875397.15,0],[648486.75,6875401.37,0],[648482.280000001,6875405.62,0],[648482.140000001,6875405.76,0],[648477.530000001,6875409.76,0],[648474,6875412.82,0],[648463.18,6875422.2,0],[648463.200000003,6875424.39,0],[648487.460000001,6875451.78,0],[648497.780000001,6875463.43,0],[648507.799999997,6875474.77,0],[648511.520000003,6875474.99,0],[648520.829999998,6875464.58,0],[648521.829999998,6875463.43,0],[648534.609999999,6875448.42,0],[648537.649999999,6875444.85,0],[648537.880000003,6875444.57,0],[648547.810000002,6875432.2,0],[648557.909999996,6875419.62,0],[648569.509999998,6875405.16,0],[648583.740000002,6875387.43,0],[648583.530000001,6875382.9,0]]],[[[648828.420000002,6875451.75,0],[648829.259999998,6875438.25,0],[648829.579999998,6875432.73,0],[648830.009999998,6875425.18,0],[648827.130000003,6875423.38,0],[648820.920000002,6875427.59,0],[648809.93,6875435.01,0],[648811.420000002,6875437.21,0],[648814.670000002,6875442.06,0],[648815.539999999,6875444.89,0],[648813.909999996,6875447.19,0],[648813.659999996,6875450.94,0],[648808.219999999,6875450.64,0],[648808.020000003,6875450.99,0],[648801.030000001,6875463.8,0],[648800.670000002,6875464.45,0],[648796.030000001,6875472.89,0],[648795.07,6875474.68,0],[648791.950000003,6875480.41,0],[648791.740000002,6875480.74,0],[648788.390000001,6875486.24,0],[648788.359999999,6875486.27,0],[648788.060000002,6875492.3,0],[648787.460000001,6875504.45,0],[648805.759999998,6875505.35,0],[648825.030000001,6875506.3,0],[648826.149999999,6875488.31,0],[648827.530000001,6875466.06,0],[648828.420000002,6875451.75,0]]],[[[648593.600000001,6875394.43,0],[648588.75,6875394.19,0],[648579.890000001,6875405.24,0],[648571.880000003,6875415.23,0],[648563.619999997,6875425.53,0],[648556,6875435.02,0],[648551.280000001,6875440.78,0],[648546.140000001,6875447.06,0],[648532.82,6875463.3,0],[648524.060000002,6875473.02,0],[648513.969999999,6875484.18,0],[648537.490000002,6875510.07,0],[648545.25,6875499.25,0],[648548.049999997,6875495.97,0],[648548.810000002,6875495.08,0],[648550.060000002,6875493.61,0],[648557.210000001,6875485.69,0],[648557.240000002,6875485.66,0],[648566.270000003,6875475.44,0],[648575,6875465.51,0],[648574.670000002,6875465.11,0],[648588.920000002,6875450.07,0],[648589,6875450,0],[648598.810000002,6875441.08,0],[648608.32,6875432.42,0],[648616.130000003,6875425.31,0],[648616.259999998,6875420.12,0],[648604.789999999,6875407.12,0],[648593.600000001,6875394.43,0]]],[[[648715.159999996,6875374.41,0],[648707.780000001,6875372.41,0],[648696.450000003,6875379.73,0],[648681.759999998,6875389.23,0],[648668.810000002,6875397.6,0],[648666.850000001,6875398.87,0],[648662.189999998,6875401.88,0],[648661.780000001,6875402.16,0],[648655.869999997,6875406.23,0],[648643.450000003,6875414.8,0],[648634.840000004,6875420.75,0],[648632.390000001,6875422.45,0],[648632.729999997,6875423.24,0],[648629.899999999,6875424.99,0],[648627.18,6875426.66,0],[648624.299999997,6875428.85,0],[648620.810000002,6875431.91,0],[648603.579999998,6875447.23,0],[648598.710000001,6875451.55,0],[648591.439999998,6875458.02,0],[648591.960000001,6875458.57,0],[648587.939999998,6875462.06,0],[648587.200000003,6875462.68,0],[648574.579999998,6875475.54,0],[648574.579999998,6875476.1,0],[648558.25,6875495.51,0],[648558.229999997,6875495.54,0],[648542.18,6875516.53,0],[648539.170000002,6875520.96,0],[648538.299999997,6875523.55,0],[648537.100000001,6875531.28,0],[648539.840000004,6875533.42,0],[648542.039999999,6875533.35,0],[648568.979999997,6875516.27,0],[648574.630000003,6875512.71,0],[648592.729999997,6875501.28,0],[648599.159999996,6875497.21,0],[648618.850000001,6875484.81,0],[648625.07,6875480.85,0],[648646.93,6875467.01,0],[648650.189999998,6875464.94,0],[648676.280000001,6875448.46,0],[648679.880000003,6875446.18,0],[648691.719999999,6875438.71,0],[648706.75,6875429.21,0],[648709.380000003,6875427.55,0],[648721.619999997,6875419.79,0],[648732.869999997,6875412.65,0],[648734.399999999,6875405.29,0],[648724.450000003,6875389.31,0],[648715.159999996,6875374.41,0]]],[[[648500.799999997,6875484.37,0],[648501.789999999,6875480.78,0],[648481.049999997,6875457.15,0],[648457.600000001,6875430.43,0],[648453.600000001,6875429.57,0],[648442.590000004,6875438.47,0],[648438.990000002,6875441.37,0],[648430.259999998,6875448.42,0],[648429.450000003,6875448.99,0],[648418.43,6875456.69,0],[648416.479999997,6875458.04,0],[648414.68,6875459.31,0],[648397.259999998,6875469.1,0],[648394.25,6875470.79,0],[648384.259999998,6875475.1,0],[648379.060000002,6875476.79,0],[648371,6875479.42,0],[648360.049999997,6875481.64,0],[648357.159999996,6875482.22,0],[648346.850000001,6875482.85,0],[648341.390000001,6875483.18,0],[648329.229999997,6875482.46,0],[648329.140000001,6875482.45,0],[648322.240000002,6875481.45,0],[648315.890000001,6875480.08,0],[648311.340000004,6875483.43,0],[648325.869999997,6875510.3,0],[648336.170000002,6875529.37,0],[648337.189999998,6875531.24,0],[648338.75,6875534.13,0],[648342.460000001,6875541,0],[648351.539999999,6875557.65,0],[648353.890000001,6875558.97,0],[648370.079999998,6875553.38,0],[648381.149999999,6875549.04,0],[648395.210000001,6875543.49,0],[648395.530000001,6875543.34,0],[648409.740000002,6875537.05,0],[648424.759999998,6875530.36,0],[648428.420000002,6875528.28,0],[648435.509999998,6875524.26,0],[648447.859999999,6875517.26,0],[648465.329999998,6875507.35,0],[648466.399999999,6875506.74,0],[648467.32,6875506.15,0],[648476.359999999,6875500.45,0],[648484.840000004,6875495.11,0],[648492.710000001,6875490.14,0],[648500.799999997,6875484.37,0]]],[[[648820.920000002,6875371.04,0],[648818.549999997,6875368.15,0],[648792.189999998,6875384.71,0],[648782.670000002,6875390.68,0],[648776.710000001,6875394.43,0],[648774.409999996,6875395.88,0],[648770.130000003,6875398.54,0],[648765.950000003,6875401.16,0],[648760.799999997,6875404.42,0],[648759.289999999,6875405.36,0],[648749.039999999,6875412.04,0],[648745.899999999,6875414.1,0],[648735.219999999,6875420.76,0],[648731.890000001,6875422.85,0],[648728.299999997,6875425.1,0],[648722.759999998,6875428.57,0],[648702.340000004,6875441.34,0],[648698.049999997,6875444.03,0],[648697.560000002,6875444.34,0],[648688.799999997,6875450.01,0],[648687.340000004,6875450.95,0],[648680.700000003,6875455.12,0],[648660.759999998,6875467.7,0],[648646.850000001,6875476.47,0],[648629.880000003,6875487.17,0],[648621.270000003,6875492.61,0],[648612.859999999,6875497.9,0],[648604.149999999,6875503.39,0],[648595.649999999,6875508.75,0],[648581.229999997,6875517.84,0],[648578.909999996,6875519.31,0],[648570.469999999,6875524.62,0],[648561.640000001,6875530.19,0],[648539.479999997,6875544.15,0],[648538.560000002,6875548.15,0],[648540.439999998,6875557.39,0],[648539.939999998,6875558.34,0],[648539.539999999,6875560.4,0],[648539.560000002,6875560.46,0],[648541.270000003,6875566.37,0],[648541.409999996,6875566.91,0],[648552.020000003,6875561,0],[648573.869999997,6875549.47,0],[648577.57,6875547.52,0],[648579.109999999,6875546.71,0],[648583.030000001,6875544.5,0],[648586.329999998,6875542.66,0],[648592,6875539.48,0],[648594.609999999,6875538.03,0],[648609.409999996,6875529.8,0],[648615.859999999,6875526.22,0],[648618.119999997,6875525,0],[648626.960000001,6875520.26,0],[648631.25,6875517.94,0],[648635.829999998,6875515.48,0],[648638.090000004,6875514.25,0],[648644.469999999,6875510.23,0],[648661.259999998,6875499.71,0],[648675.57,6875490.73,0],[648695.479999997,6875478.26,0],[648696.090000004,6875477.86,0],[648703.600000001,6875472.94,0],[648711.920000002,6875467.47,0],[648716.829999998,6875464.25,0],[648730.700000003,6875455.15,0],[648736.740000002,6875451.07,0],[648745.780000001,6875444.92,0],[648748.979999997,6875442.75,0],[648752.939999998,6875440.15,0],[648756.079999998,6875438.09,0],[648762.619999997,6875433.38,0],[648773.920000002,6875425.24,0],[648782.740000002,6875418.89,0],[648789.170000002,6875414.27,0],[648791.920000002,6875412.28,0],[648792.159999996,6875412.11,0],[648794.969999999,6875410.03,0],[648799.729999997,6875406.5,0],[648804.229999997,6875403.16,0],[648815.140000001,6875395.03,0],[648819.68,6875391.22,0],[648818.119999997,6875383.97,0],[648818.600000001,6875378.68,0],[648820.920000002,6875371.04,0]]],[[[648186.75,6875385.96,0],[648161.149999999,6875383.35,0],[648156.659999996,6875390.39,0],[648156.509999998,6875401.9,0],[648165.579999998,6875402.81,0],[648180.039999999,6875404.27,0],[648186.710000001,6875404.95,0],[648194.479999997,6875405.74,0],[648202.259999998,6875406.51,0],[648204.780000001,6875406.89,0],[648206.939999998,6875407.21,0],[648209.649999999,6875407.63,0],[648210.32,6875407.68,0],[648219.200000003,6875408.45,0],[648228.75,6875409.23,0],[648238.710000001,6875410.09,0],[648239.530000001,6875410.16,0],[648246.649999999,6875423.33,0],[648253.380000003,6875435.7,0],[648263.689999998,6875454.69,0],[648272.409999996,6875470.73,0],[648278.700000003,6875482.44,0],[648278.689999998,6875482.47,0],[648287.630000003,6875499.45,0],[648294.909999996,6875513.29,0],[648296.560000002,6875516.31,0],[648276.340000004,6875527.24,0],[648276.060000002,6875532.47,0],[648276.149999999,6875536.87,0],[648276.369999997,6875547,0],[648277.060000002,6875578.56,0],[648305.640000001,6875571.15,0],[648323.719999999,6875566.47,0],[648342.659999996,6875561.55,0],[648343.530000001,6875559.47,0],[648333.359999999,6875540.73,0],[648324.82,6875525.03,0],[648314.789999999,6875506.53,0],[648313.109999999,6875503.45,0],[648296.630000003,6875473.08,0],[648290.259999998,6875461.25,0],[648281.700000003,6875445.31,0],[648271.439999998,6875426.2,0],[648264.659999996,6875413.6,0],[648261.329999998,6875407.42,0],[648254.770000003,6875395.31,0],[648250.43,6875392.42,0],[648230.5,6875390.41,0],[648211.369999997,6875388.46,0],[648186.75,6875385.96,0]]],[[[648690.270000003,6875607.56,0],[648690.869999997,6875597.72,0],[648691.450000003,6875588.04,0],[648692.219999999,6875575.29,0],[648692.409999996,6875572.02,0],[648692.950000003,6875563.09,0],[648693.539999999,6875553.22,0],[648694.020000003,6875545.18,0],[648694.219999999,6875541.87,0],[648694.450000003,6875538.12,0],[648695.899999999,6875514.2,0],[648693.789999999,6875512.91,0],[648673.359999999,6875525.39,0],[648670.979999997,6875526.86,0],[648677.880000003,6875537.83,0],[648678.719999999,6875539.16,0],[648679.689999998,6875540.7,0],[648674.740000002,6875550.08,0],[648672.479999997,6875551.48,0],[648671.18,6875552.28,0],[648660.840000004,6875558.64,0],[648662.060000002,6875560.61,0],[648662.130000003,6875560.62,0],[648661.920000002,6875563.42,0],[648661.399999999,6875570.07,0],[648657.82,6875569.84,0],[648655.659999996,6875569.7,0],[648650.659999996,6875569.37,0],[648640.530000001,6875568.74,0],[648611.479999997,6875566.94,0],[648610.439999998,6875570.15,0],[648610.219999999,6875573.73,0],[648610.859999999,6875579.56,0],[648611.719999999,6875582.62,0],[648614.840000004,6875593.77,0],[648619.520000003,6875610.48,0],[648623.890000001,6875626.07,0],[648627.450000003,6875638.82,0],[648630.649999999,6875640.95,0],[648636.25,6875641.23,0],[648654.75,6875642.22,0],[648664.909999996,6875642.75,0],[648674.869999997,6875643.29,0],[648684.939999998,6875643.83,0],[648688.229999997,6875641.46,0],[648689.390000001,6875622.29,0],[648690.270000003,6875607.56,0]]],[[[648928.700000003,6875584.32,0],[648915.640000001,6875567.55,0],[648908.840000004,6875570.24,0],[648907.469999999,6875592.91,0],[648907.039999999,6875600.3,0],[648906.880000003,6875602.84,0],[648906.270000003,6875613.08,0],[648905.899999999,6875619.27,0],[648905.259999998,6875630.32,0],[648904.700000003,6875639.57,0],[648907.280000001,6875642.34,0],[648928.979999997,6875643.52,0],[648940.369999997,6875644.13,0],[648945.609999999,6875644.42,0],[648960.409999996,6875645.23,0],[648960.799999997,6875644.86,0],[648969.899999999,6875636.08,0],[648966.619999997,6875632.62,0],[648966.490000002,6875632.47,0],[648961.170000002,6875626.13,0],[648958.259999998,6875622.38,0],[648953.049999997,6875615.67,0],[648942.600000001,6875602.22,0],[648928.700000003,6875584.32,0]]],[[[648761.079999998,6875534.21,0],[648761.609999999,6875525.27,0],[648761.909999996,6875520.34,0],[648765,6875517.44,0],[648767.479999997,6875515.11,0],[648767.149999999,6875515.04,0],[648763.799999997,6875514.37,0],[648761.049999997,6875513.83,0],[648748.460000001,6875511.3,0],[648743.619999997,6875517.38,0],[648736.439999998,6875526.37,0],[648733.880000003,6875529.57,0],[648731.380000003,6875525.26,0],[648729.369999997,6875521.78,0],[648726.079999998,6875516.1,0],[648725.140000001,6875511.63,0],[648724.990000002,6875511.42,0],[648721.950000003,6875506.85,0],[648716.200000003,6875498.18,0],[648706.509999998,6875504.71,0],[648706.259999998,6875504.88,0],[648704.219999999,6875511.25,0],[648702.780000001,6875535.14,0],[648702.18,6875545.05,0],[648701.280000001,6875559.98,0],[648700.740000002,6875568.7,0],[648700,6875581.06,0],[648699.619999997,6875587.25,0],[648698.840000004,6875599.6,0],[648698.049999997,6875612.31,0],[648696.850000001,6875631.29,0],[648696.329999998,6875639.54,0],[648696.240000002,6875641,0],[648699.969999999,6875643.96,0],[648704.740000002,6875644.25,0],[648713.340000004,6875644.78,0],[648727.640000001,6875645.63,0],[648727.640000001,6875645.65,0],[648751.369999997,6875647.15,0],[648754.579999998,6875644.26,0],[648755.32,6875631.86,0],[648755.789999999,6875623.88,0],[648756.25,6875615.97,0],[648756.539999999,6875611.05,0],[648756.840000004,6875605.94,0],[648757.5,6875594.75,0],[648757.969999999,6875586.83,0],[648758.380000003,6875579.83,0],[648758.859999999,6875571.87,0],[648759.520000003,6875560.51,0],[648760.43,6875545.29,0],[648761.079999998,6875534.21,0]]],[[[648823.380000003,6875534.63,0],[648823.579999998,6875531.61,0],[648824.240000002,6875520.52,0],[648821.789999999,6875518.04,0],[648800.259999998,6875517.02,0],[648794.340000004,6875516.74,0],[648783.909999996,6875516.24,0],[648773.479999997,6875526.12,0],[648773.18,6875531.25,0],[648772.509999998,6875542.66,0],[648772.270000003,6875546.67,0],[648771.850000001,6875553.86,0],[648771.43,6875561.07,0],[648770.460000001,6875577.83,0],[648769.350000001,6875596.57,0],[648768.409999996,6875612.52,0],[648767.939999998,6875620.68,0],[648767.479999997,6875628.57,0],[648766.530000001,6875644.75,0],[648769.43,6875648.1,0],[648795.210000001,6875649.81,0],[648813.82,6875651.04,0],[648816.520000003,6875648.48,0],[648817.520000003,6875632.16,0],[648818.009999998,6875624.09,0],[648818.5,6875616.12,0],[648820.579999998,6875581.34,0],[648821.600000001,6875564.2,0],[648822.460000001,6875550.05,0],[648823.380000003,6875534.63,0]]],[[[648895.240000002,6875590.05,0],[648895.880000003,6875578.7,0],[648896.329999998,6875570.88,0],[648897.219999999,6875555.09,0],[648899.950000003,6875555.26,0],[648906.380000003,6875555.63,0],[648903.75,6875552.24,0],[648885.390000001,6875528.67,0],[648882.710000001,6875525.24,0],[648876.359999999,6875517.08,0],[648870.509999998,6875509.56,0],[648843.579999998,6875474.89,0],[648840.039999999,6875470.32,0],[648837.399999999,6875471.18,0],[648837.039999999,6875476.94,0],[648834.289999999,6875520.82,0],[648832.43,6875550.88,0],[648831.340000004,6875568.83,0],[648829.899999999,6875592.34,0],[648829.07,6875606.23,0],[648828.229999997,6875619.79,0],[648826.469999999,6875648.79,0],[648829.600000001,6875652.03,0],[648856.810000002,6875653.73,0],[648866.5,6875654.34,0],[648870.420000002,6875654.59,0],[648875.020000003,6875654.88,0],[648881.479999997,6875655.28,0],[648888.020000003,6875655.66,0],[648891.649999999,6875652.86,0],[648892.520000003,6875637.61,0],[648894.060000002,6875610.43,0],[648894.659999996,6875600.01,0],[648895.240000002,6875590.05,0]]],[[[648463.460000001,6875606.72,0],[648534.829999998,6875570.21,0],[648534.420000002,6875568.36,0],[648533.189999998,6875562.76,0],[648532.210000001,6875558.24,0],[648530.100000001,6875548.65,0],[648528.700000003,6875531.96,0],[648529.119999997,6875524.22,0],[648529.119999997,6875524.1,0],[648532.159999996,6875517.87,0],[648534.399999999,6875514.4,0],[648522.530000001,6875501.18,0],[648510.93,6875488.28,0],[648508.799999997,6875488.28,0],[648501.049999997,6875494.47,0],[648493.719999999,6875499.39,0],[648493.640000001,6875499.45,0],[648492.420000002,6875500.21,0],[648479.770000003,6875508.04,0],[648474.009999998,6875511.6,0],[648467.539999999,6875515.26,0],[648446.390000001,6875527.2,0],[648425.969999999,6875538.72,0],[648425.329999998,6875539.07,0],[648412.899999999,6875544.91,0],[648412.409999996,6875545.13,0],[648409.640000001,6875546.23,0],[648398.130000003,6875550.79,0],[648386.259999998,6875555.49,0],[648374.259999998,6875560.24,0],[648368.200000003,6875562.64,0],[648361.979999997,6875564.82,0],[648361.619999997,6875564.95,0],[648358.25,6875565.83,0],[648343.990000002,6875569.55,0],[648339.369999997,6875570.76,0],[648326.32,6875574.18,0],[648317.390000001,6875576.53,0],[648302.090000004,6875580.54,0],[648288.340000004,6875584.16,0],[648277.229999997,6875587.06,0],[648277.18,6875584.96,0],[648277.079999998,6875580.35,0],[648276.549999997,6875580.45,0],[648209.710000001,6875593.41,0],[648271.259999998,6875631.59,0],[648295.549999997,6875647.25,0],[648326.5,6875669.34,0],[648376.039999999,6875647.5,0],[648426.240000002,6875624.42,0],[648463.460000001,6875606.72,0]]],[[[649253.57,6875668.84,0],[649254.189999998,6875662.39,0],[649254.340000004,6875660.95,0],[649255.43,6875649.76,0],[649256.560000002,6875638.26,0],[649257.909999996,6875624.37,0],[649260.130000003,6875601.76,0],[649260.810000002,6875594.76,0],[649261.520000003,6875587.47,0],[649262.439999998,6875573.73,0],[649262.450000003,6875573.65,0],[649264.490000002,6875550.92,0],[649266.32,6875530.36,0],[649266.560000002,6875527.62,0],[649267.130000003,6875521.27,0],[649267.950000003,6875511.87,0],[649264.939999998,6875510.34,0],[649254.729999997,6875521.39,0],[649245.899999999,6875530.92,0],[649234.18,6875543.56,0],[649226.840000004,6875551.51,0],[649219.420000002,6875559.52,0],[649208.159999996,6875571.67,0],[649204.560000002,6875575.55,0],[649196.990000002,6875583.68,0],[649192.68,6875588.37,0],[649187.909999996,6875593.53,0],[649181.979999997,6875599.92,0],[649174.579999998,6875607.91,0],[649174.609999999,6875611.45,0],[649182.259999998,6875619.09,0],[649191.07,6875627.89,0],[649200.539999999,6875637.37,0],[649209.57,6875646.39,0],[649217.960000001,6875654.8,0],[649223.719999999,6875660.58,0],[649223.479999997,6875660.84,0],[649228.670000002,6875666.01,0],[649229.049999997,6875665.65,0],[649237.5,6875674.07,0],[649240.149999999,6875676.72,0],[649240.380000003,6875676.94,0],[649248.899999999,6875684.36,0],[649252.649999999,6875680.43,0],[649252.68,6875679.94,0],[649253.140000001,6875674.13,0],[649253.57,6875668.84,0]]],[[[649185.140000001,6875632.05,0],[649182.609999999,6875629.46,0],[649178,6875624.75,0],[649175.939999998,6875622.65,0],[649170.07,6875616.67,0],[649166.189999998,6875616.51,0],[649159.829999998,6875623.56,0],[649154.960000001,6875628.94,0],[649164.450000003,6875636.85,0],[649167.549999997,6875639.42,0],[649170.859999999,6875642.18,0],[649171.329999998,6875642.57,0],[649174.149999999,6875644.93,0],[649172.93,6875646.36,0],[649168.210000001,6875651.88,0],[649171.939999998,6875659.43,0],[649172.109999999,6875659.59,0],[649177.82,6875664.82,0],[649177.689999998,6875664.98,0],[649181.579999998,6875672.06,0],[649181.310000002,6875672.37,0],[649191.609999999,6875690.11,0],[649196.700000003,6875697.63,0],[649196.369999997,6875697.93,0],[649202.340000004,6875706.65,0],[649202.409999996,6875706.75,0],[649205.350000001,6875711.69,0],[649208.259999998,6875716.6,0],[649216.75,6875730.91,0],[649229.100000001,6875753.95,0],[649229.170000002,6875754.08,0],[649231.600000001,6875759.33,0],[649234.469999999,6875765.5,0],[649237.799999997,6875772.67,0],[649239.670000002,6875776.68,0],[649244.219999999,6875786.51,0],[649245.890000001,6875767.62,0],[649246.560000002,6875760,0],[649248.210000001,6875741.4,0],[649251.759999998,6875701.13,0],[649250.960000001,6875697.97,0],[649246.920000002,6875693.95,0],[649238.840000004,6875685.92,0],[649236.479999997,6875683.57,0],[649232.509999998,6875679.61,0],[649228.810000002,6875675.91,0],[649225.759999998,6875672.86,0],[649222.18,6875669.26,0],[649217.369999997,6875664.43,0],[649215.740000002,6875662.8,0],[649213.520000003,6875660.58,0],[649210.759999998,6875657.81,0],[649211.149999999,6875657.09,0],[649208.100000001,6875654.01,0],[649207.920000002,6875653.97,0],[649206.270000003,6875653.64,0],[649203.869999997,6875651.17,0],[649200.899999999,6875648.12,0],[649196.020000003,6875643.13,0],[649190.729999997,6875637.75,0],[649185.140000001,6875632.05,0]]],[[[649164.310000002,6875627.45,0],[649166.270000003,6875626.77,0],[649168.210000001,6875628.44,0],[649168.460000001,6875629.52,0],[649168.299999997,6875629.69,0],[649167.700000003,6875630.39,0],[649164.310000002,6875627.45,0]]],[[[648644.159999996,6875651.48,0],[648632.049999997,6875650.83,0],[648630.060000002,6875652.36,0],[648635.229999997,6875671.2,0],[648668.439999998,6875792.39,0],[648679.030000001,6875793.19,0],[648679.689999998,6875782.31,0],[648686.270000003,6875673.83,0],[648686.799999997,6875665.15,0],[648687,6875661.8,0],[648687.310000002,6875656.5,0],[648684.200000003,6875653.47,0],[648663.329999998,6875652.52,0],[648653.350000001,6875651.97,0],[648644.159999996,6875651.48,0]]],[[[648704.189999998,6875655.87,0],[648698.420000002,6875655.5,0],[648695.140000001,6875658.37,0],[648693.399999999,6875685.66,0],[648693.060000002,6875691.14,0],[648693.049999997,6875691.37,0],[648692.289999999,6875703.3,0],[648691.520000003,6875715.17,0],[648690.75,6875727.54,0],[648690.109999999,6875737.61,0],[648689.340000004,6875749.72,0],[648689.049999997,6875754.5,0],[648688.350000001,6875765.31,0],[648687.409999996,6875780.31,0],[648687.210000001,6875783.47,0],[648686,6875802.47,0],[648690.829999998,6875808.8,0],[648701.5,6875809.42,0],[648706.68,6875809.72,0],[648742.369999997,6875811.81,0],[648744.780000001,6875809.89,0],[648745.369999997,6875799.81,0],[648746.289999999,6875784.3,0],[648747.18,6875769.36,0],[648748.119999997,6875753.32,0],[648748.75,6875743.11,0],[648749.32,6875733.2,0],[648750.18,6875718.58,0],[648751.049999997,6875703.99,0],[648751.700000003,6875692.89,0],[648752.829999998,6875673.76,0],[648753.530000001,6875661.9,0],[648750.740000002,6875658.81,0],[648729.759999998,6875657.48,0],[648726.439999998,6875657.28,0],[648713.200000003,6875656.43,0],[648704.189999998,6875655.87,0]]],[[[648814.899999999,6875675.93,0],[648815.539999999,6875665.25,0],[648815.450000003,6875665.27,0],[648813.020000003,6875662.62,0],[648790.670000002,6875661.27,0],[648768.460000001,6875659.95,0],[648765.810000002,6875662.42,0],[648765.619999997,6875662.55,0],[648764.939999998,6875673.25,0],[648763.920000002,6875689.79,0],[648762.689999998,6875709.79,0],[648762.25,6875716.85,0],[648761.990000002,6875720.77,0],[648761.280000001,6875732.73,0],[648760.420000002,6875746.77,0],[648759.579999998,6875760.64,0],[648759.119999997,6875768.16,0],[648758.909999996,6875771.52,0],[648758.689999998,6875774.66,0],[648758.5,6875777.88,0],[648757.729999997,6875790.99,0],[648757.590000004,6875792.96,0],[648756.780000001,6875807.06,0],[648756.560000002,6875810.9,0],[648758.079999998,6875812.75,0],[648761.490000002,6875812.9,0],[648782.18,6875814.16,0],[648791.710000001,6875814.73,0],[648796.369999997,6875815.01,0],[648798.100000001,6875811.52,0],[648799.960000001,6875809.23,0],[648802.43,6875807.17,0],[648806.909999996,6875805.23,0],[648808.170000002,6875784.72,0],[648808.810000002,6875774.45,0],[648809.490000002,6875763.51,0],[648810.350000001,6875749.71,0],[648811.210000001,6875735.53,0],[648811.969999999,6875723.53,0],[648812.619999997,6875712.74,0],[648813.869999997,6875692.72,0],[648814.899999999,6875675.93,0]]],[[[648849.210000001,6875664.91,0],[648828.479999997,6875663.62,0],[648825.409999996,6875666.28,0],[648825.049999997,6875671.61,0],[648824.590000004,6875678.96,0],[648824.210000001,6875685.11,0],[648823.829999998,6875691.26,0],[648822.520000003,6875712.38,0],[648821.909999996,6875722.42,0],[648821.280000001,6875732.45,0],[648820.420000002,6875746.46,0],[648819.43,6875762.36,0],[648818.450000003,6875778.31,0],[648818.390000001,6875779.34,0],[648817.719999999,6875790.04,0],[648816.740000002,6875805.96,0],[648819.399999999,6875807.52,0],[648822.579999998,6875810.43,0],[648824.539999999,6875813.62,0],[648825.57,6875816.93,0],[648835.880000003,6875817.61,0],[648848.75,6875818.44,0],[648865.009999998,6875819.5,0],[648878.350000001,6875820.35,0],[648881.420000002,6875817.9,0],[648882.409999996,6875802,0],[648883.210000001,6875789,0],[648883.670000002,6875781.64,0],[648884.130000003,6875774.06,0],[648885.130000003,6875758.03,0],[648886.079999998,6875742.6,0],[648886.329999998,6875738.52,0],[648886.460000001,6875736.38,0],[648888.340000004,6875705.99,0],[648889.07,6875694.01,0],[648890.520000003,6875670.51,0],[648887.93,6875667.34,0],[648872.57,6875666.38,0],[648860.689999998,6875665.64,0],[648854.719999999,6875665.25,0],[648849.210000001,6875664.91,0]]],[[[648963.82,6875825.54,0],[648963.899999999,6875823.67,0],[648972.140000001,6875824.15,0],[648973.829999998,6875823.6,0],[648975.259999998,6875821.51,0],[648976.619999997,6875822.84,0],[648985.140000001,6875812.47,0],[648982.340000004,6875809.62,0],[648978.060000002,6875805.26,0],[648965.149999999,6875792.12,0],[648960.719999999,6875787.71,0],[648959.380000003,6875784.43,0],[648954.259999998,6875772.07,0],[648949.100000001,6875766.69,0],[648951.149999999,6875764.56,0],[648952.840000004,6875766.18,0],[648956.939999998,6875770.12,0],[648963.630000003,6875784.35,0],[648963.619999997,6875784.55,0],[648968.920000002,6875789.75,0],[648968.759999998,6875789.91,0],[648973.479999997,6875794.67,0],[648973.619999997,6875794.52,0],[648974.939999998,6875795.68,0],[648984.409999996,6875805.16,0],[648986.240000002,6875806.27,0],[648986.840000004,6875805.92,0],[648988.990000002,6875807.77,0],[648999.289999999,6875795.2,0],[649001.409999996,6875792.58,0],[649006.109999999,6875786.72,0],[649008.649999999,6875783.55,0],[649016.979999997,6875773.17,0],[649019.979999997,6875769.43,0],[649027.350000001,6875760.25,0],[649027.420000002,6875760.16,0],[649031.109999999,6875755.68,0],[649031.670000002,6875754.99,0],[649034.07,6875752.08,0],[649034.109999999,6875752.03,0],[649039.479999997,6875745.5,0],[649044.869999997,6875739,0],[649047.810000002,6875735.46,0],[649054.609999999,6875727.25,0],[649054.350000001,6875723.54,0],[649048.399999999,6875717.81,0],[649047.32,6875716.77,0],[649042.210000001,6875711.86,0],[649039.140000001,6875708.89,0],[649036.200000003,6875706.07,0],[649031.93,6875701.96,0],[649030.130000003,6875700.22,0],[649025.899999999,6875696.11,0],[649020.859999999,6875690.71,0],[649014.799999997,6875684.23,0],[649012.259999998,6875681.5,0],[649008.899999999,6875677.9,0],[649001.829999998,6875670.34,0],[648991.530000001,6875659.31,0],[648989.18,6875656.79,0],[648978.039999999,6875644.74,0],[648966.950000003,6875655.52,0],[648957.049999997,6875654.97,0],[648946.850000001,6875654.4,0],[648943.979999997,6875654.22,0],[648937.229999997,6875653.85,0],[648930.409999996,6875653.47,0],[648906.960000001,6875652.18,0],[648903.549999997,6875654.91,0],[648902.840000004,6875667.03,0],[648902.770000003,6875668.23,0],[648901.869999997,6875682.03,0],[648900.530000001,6875703.92,0],[648899.619999997,6875718.78,0],[648899.450000003,6875721.71,0],[648899.060000002,6875727.99,0],[648898.57,6875736.05,0],[648898.100000001,6875743.92,0],[648896.909999996,6875763.04,0],[648895.289999999,6875788.86,0],[648893.75,6875813.67,0],[648893.460000001,6875818.26,0],[648896.619999997,6875821.21,0],[648915.729999997,6875822.44,0],[648929.780000001,6875823.35,0],[648945.890000001,6875824.39,0],[648955.960000001,6875825.03,0],[648963.82,6875825.54,0]]],[[[648911.520000003,6875830.32,0],[648895.840000004,6875829.3,0],[648892.609999999,6875831.85,0],[648892,6875841.59,0],[648891.060000002,6875856.56,0],[648890.57,6875864.5,0],[648890.079999998,6875872.25,0],[648889.759999998,6875877.41,0],[648888.420000002,6875898.69,0],[648888.07,6875904.34,0],[648886.600000001,6875927.74,0],[648889.579999998,6875928.94,0],[648901.640000001,6875914.25,0],[648908.780000001,6875905.54,0],[648921.240000002,6875890.35,0],[648922.039999999,6875889.38,0],[648924.630000003,6875886.22,0],[648930.490000002,6875879.08,0],[648934.109999999,6875874.67,0],[648943.009999998,6875863.83,0],[648949.840000004,6875855.5,0],[648966.460000001,6875835.23,0],[648965.75,6875833.59,0],[648950.68,6875832.7,0],[648949.740000002,6875832.65,0],[648944.170000002,6875832.32,0],[648935.93,6875831.83,0],[648922.859999999,6875831.06,0],[648911.520000003,6875830.32,0]]],[[[649413.170000002,6875808.68,0],[649405.57,6875798.87,0],[649405.509999998,6875798.81,0],[649397.020000003,6875789.39,0],[649390.229999997,6875781.86,0],[649383.469999999,6875774.43,0],[649376.390000001,6875766.61,0],[649374.060000002,6875764.04,0],[649362.390000001,6875752.02,0],[649351.25,6875740.52,0],[649339.890000001,6875728.82,0],[649338.340000004,6875727.21,0],[649329.659999996,6875718.27,0],[649311.350000001,6875699.39,0],[649304.890000001,6875692.73,0],[649296.549999997,6875684.18,0],[649286.950000003,6875674.32,0],[649282.07,6875674.31,0],[649274.560000002,6875681.63,0],[649267.159999996,6875688.84,0],[649263.119999997,6875692.78,0],[649262.420000002,6875694.3,0],[649262.020000003,6875698.75,0],[649261.060000002,6875709.3,0],[649260.880000003,6875711.18,0],[649259.030000001,6875731.73,0],[649258.600000001,6875736.55,0],[649258.560000002,6875737,0],[649258.539999999,6875737.2,0],[649257.590000004,6875747.73,0],[649260.920000002,6875757.69,0],[649267.649999999,6875765.42,0],[649275.310000002,6875775.41,0],[649279.07,6875781.52,0],[649281.030000001,6875784.7,0],[649281.07,6875784.76,0],[649289.5,6875802.58,0],[649296.75,6875817.83,0],[649307.600000001,6875840.7,0],[649310.100000001,6875845.98,0],[649311.039999999,6875848.98,0],[649314.299999997,6875859.39,0],[649315.32,6875862.65,0],[649316.899999999,6875867.67,0],[649321.310000002,6875875.15,0],[649325.079999998,6875880.24,0],[649328.799999997,6875885.24,0],[649328.82,6875885.27,0],[649333.640000001,6875890.46,0],[649336.68,6875893.72,0],[649351.219999999,6875909.29,0],[649358.369999997,6875916.94,0],[649361.369999997,6875920.15,0],[649375.719999999,6875935.53,0],[649383.829999998,6875944.23,0],[649391.840000004,6875952.8,0],[649395.060000002,6875956.25,0],[649400.259999998,6875956.48,0],[649451.590000004,6875913.72,0],[649460.93,6875905.94,0],[649468.740000002,6875899.43,0],[649472.710000001,6875896.12,0],[649473.299999997,6875894.89,0],[649469.289999999,6875889.16,0],[649462.560000002,6875879.48,0],[649455.840000004,6875869.83,0],[649446.130000003,6875855.9,0],[649436.43,6875841.95,0],[649429.210000001,6875831.59,0],[649421.869999997,6875821.04,0],[649420.560000002,6875819.15,0],[649414.210000001,6875810.03,0],[649414.100000001,6875809.89,0],[649413.170000002,6875808.68,0]]],[[[649015.170000002,6875941.54,0],[648946.899999999,6875884.86,0],[648935.630000003,6875898.71,0],[648932.670000002,6875902.35,0],[648929.770000003,6875905.91,0],[648924.090000004,6875912.91,0],[648919.259999998,6875918.83,0],[648917.869999997,6875920.54,0],[648913.659999996,6875925.73,0],[648919.609999999,6875930.82,0],[648927.380000003,6875937.44,0],[648942.909999996,6875950.67,0],[648959.719999999,6875965.01,0],[648961.369999997,6875966.43,0],[648980.399999999,6875982.64,0],[648985.600000001,6875987.08,0],[648992.079999998,6875992.62,0],[648998.43,6875998.03,0],[649007.520000003,6876005.78,0],[649011.399999999,6876005.44,0],[649019.380000003,6875995.08,0],[649031.079999998,6875979.88,0],[649040.869999997,6875967.18,0],[649040.780000001,6875962.54,0],[649026.490000002,6875950.81,0],[649015.170000002,6875941.54,0]]],[[[648838.119999997,6875825.68,0],[648825.43,6875824.89,0],[648824.890000001,6875826.51,0],[648822.93,6875829.47,0],[648820.229999997,6875832.06,0],[648817.649999999,6875833.6,0],[648815.229999997,6875834.53,0],[648815.039999999,6875837.42,0],[648814.399999999,6875847.14,0],[648813.5,6875861.14,0],[648812.409999996,6875877.92,0],[648811.979999997,6875884.47,0],[648811.579999998,6875890.88,0],[648811.32,6875894.78,0],[648810.609999999,6875905.77,0],[648809.780000001,6875918.58,0],[648808.909999996,6875931.94,0],[648808.060000002,6875945.12,0],[648807.170000002,6875958.87,0],[648806.390000001,6875970.98,0],[648806.380000003,6875971.09,0],[648805.810000002,6875981.16,0],[648805.25,6875991.28,0],[648804.579999998,6876003.37,0],[648802.579999998,6876038.78,0],[648804.789999999,6876040.46,0],[648805.020000003,6876040.36,0],[648821.670000002,6876015.65,0],[648829.719999999,6876004.92,0],[648838.350000001,6875993.4,0],[648845.710000001,6875983.58,0],[648848.130000003,6875980.34,0],[648852.880000003,6875974.01,0],[648855.490000002,6875970.52,0],[648861.649999999,6875962.99,0],[648873.530000001,6875948.51,0],[648874.659999996,6875930.52,0],[648875.619999997,6875914.46,0],[648875.829999998,6875910.94,0],[648876.810000002,6875894.57,0],[648877.030000001,6875890.96,0],[648877.5,6875883.23,0],[648877.82,6875877.98,0],[648877.969999999,6875875.48,0],[648878.25,6875870.57,0],[648878.539999999,6875865.84,0],[648878.829999998,6875860.99,0],[648879.109999999,6875856.31,0],[648879.409999996,6875851.49,0],[648879.689999998,6875846.86,0],[648880.609999999,6875831.31,0],[648880.579999998,6875831.28,0],[648877.5,6875828.13,0],[648864.009999998,6875827.3,0],[648857.880000003,6875826.92,0],[648850.670000002,6875826.46,0],[648838.119999997,6875825.68,0]]],[[[649475.329999998,6875897.84,0],[649475.280000001,6875897.77,0],[649436.990000002,6875929.88,0],[649402.280000001,6875958.97,0],[649401.689999998,6875963.36,0],[649406.619999997,6875968.63,0],[649410.789999999,6875973.1,0],[649417.619999997,6875980.41,0],[649428.340000004,6875991.89,0],[649444.200000003,6876008.88,0],[649450.579999998,6876015.72,0],[649450.68,6876015.9,0],[649454.909999996,6876023.63,0],[649454.920000002,6876023.65,0],[649466.649999999,6876045.18,0],[649474.229999997,6876047.11,0],[649481.359999999,6876042.16,0],[649482.229999997,6876041.56,0],[649485.859999999,6876039.03,0],[649486.799999997,6876038.39,0],[649503,6876026.82,0],[649512.850000001,6876019.78,0],[649515.329999998,6876017.99,0],[649519.909999996,6876014.72,0],[649534.140000001,6876004.56,0],[649547.340000004,6875995.11,0],[649551.240000002,6875992.33,0],[649547.990000002,6875988.2,0],[649546.18,6875985.89,0],[649535.960000001,6875972.88,0],[649525.149999999,6875959.13,0],[649514.149999999,6875945.47,0],[649509.18,6875939.31,0],[649504.009999998,6875932.89,0],[649499.079999998,6875926.78,0],[649491.479999997,6875918.33,0],[649491.409999996,6875918.24,0],[649485.270000003,6875910.44,0],[649477.399999999,6875900.47,0],[649475.329999998,6875897.84,0]]],[[[648800.340000004,6875910.22,0],[648800.780000001,6875903.16,0],[648801.219999999,6875895.95,0],[648801.670000002,6875888.85,0],[648802.109999999,6875881.85,0],[648802.850000001,6875869.87,0],[648803.409999996,6875861.05,0],[648803.859999999,6875853.97,0],[648805.119999997,6875833.94,0],[648803.329999998,6875833.1,0],[648800.899999999,6875831.39,0],[648798.420000002,6875828.78,0],[648796.990000002,6875826.3,0],[648795.909999996,6875822.86,0],[648780.93,6875822.05,0],[648767.149999999,6875821.28,0],[648767.130000003,6875821.28,0],[648754.93,6875820.4,0],[648752.590000004,6875822.72,0],[648750.850000001,6875850.17,0],[648749.82,6875866.38,0],[648748.950000003,6875880.37,0],[648748.090000004,6875893.83,0],[648747.280000001,6875906.75,0],[648745.609999999,6875906.64,0],[648740.649999999,6875906.32,0],[648741.259999998,6875895.7,0],[648741.799999997,6875886.28,0],[648742.340000004,6875877.05,0],[648743.140000001,6875862.93,0],[648743.719999999,6875853.11,0],[648745.560000002,6875821.92,0],[648743.579999998,6875819.57,0],[648743.520000003,6875819.56,0],[648724.149999999,6875818.42,0],[648721.289999999,6875818.25,0],[648709.020000003,6875817.51,0],[648689.460000001,6875816.18,0],[648684.549999997,6875820.58,0],[648683.789999999,6875832.96,0],[648682.969999999,6875846.72,0],[648682.770000003,6875849.15,0],[648681.649999999,6875866.42,0],[648680.770000003,6875880.22,0],[648679.350000001,6875902.31,0],[648678.340000004,6875918.09,0],[648691.520000003,6875933.63,0],[648696.090000004,6875939,0],[648712.280000001,6875958.04,0],[648718.710000001,6875965.69,0],[648731.670000002,6875980.99,0],[648737.509999998,6875987.84,0],[648762.329999998,6876017.01,0],[648788.219999999,6876047.46,0],[648791.950000003,6876046.23,0],[648793.049999997,6876027.45,0],[648793.25,6876024.25,0],[648793.950000003,6876012.89,0],[648794.07,6876011.1,0],[648794.399999999,6876005.63,0],[648795.340000004,6875990.72,0],[648795.969999999,6875980.49,0],[648796.590000004,6875970.69,0],[648798.159999996,6875945.41,0],[648799.369999997,6875925.79,0],[648800.340000004,6875910.22,0]]],[[[649561.630000003,6876006.47,0],[649555.600000001,6875998.26,0],[649541.859999999,6876008.13,0],[649522.079999998,6876022.32,0],[649518.609999999,6876024.81,0],[649516.979999997,6876025.98,0],[649511.369999997,6876030.01,0],[649503.600000001,6876035.58,0],[649492.909999996,6876043.25,0],[649491.549999997,6876046.65,0],[649507.07,6876073.58,0],[649514.75,6876086.91,0],[649517.149999999,6876091.07,0],[649524.439999998,6876103.75,0],[649530.549999997,6876114.34,0],[649536.799999997,6876125.2,0],[649556.159999996,6876116.2,0],[649563.57,6876112.77,0],[649576.710000001,6876106.67,0],[649579.630000003,6876105.31,0],[649597.009999998,6876097.25,0],[649601.490000002,6876095.17,0],[649609.049999997,6876091.66,0],[649614.490000002,6876089.13,0],[649620.350000001,6876086.41,0],[649615.539999999,6876079.87,0],[649610.479999997,6876072.98,0],[649602.07,6876061.54,0],[649593.350000001,6876049.65,0],[649584.82,6876038.05,0],[649576.299999997,6876026.45,0],[649573.189999998,6876022.21,0],[649561.630000003,6876006.47,0]]],[[[649486.869999997,6876054.53,0],[649479.960000001,6876052.69,0],[649469.25,6876060.16,0],[649475.240000002,6876070.91,0],[649476.899999999,6876073.87,0],[649477.189999998,6876074.4,0],[649476.829999998,6876074.65,0],[649478.93,6876079.1,0],[649482.799999997,6876085.97,0],[649483.990000002,6876088.09,0],[649493.840000004,6876105.55,0],[649503.130000003,6876122.06,0],[649511.479999997,6876136.93,0],[649529.659999996,6876128.52,0],[649520.270000003,6876112.29,0],[649510.710000001,6876095.76,0],[649500.57,6876078.19,0],[649493.170000002,6876065.42,0],[649486.869999997,6876054.53,0]]],[[[648741.560000002,6876147.91,0],[648743.890000001,6876143.46,0],[648748.159999996,6876135.33,0],[648749.390000001,6876132.96,0],[648756.630000003,6876120.66,0],[648759.600000001,6876115.63,0],[648763.600000001,6876108.64,0],[648765.229999997,6876105.79,0],[648767.979999997,6876100.96,0],[648786.630000003,6876068.36,0],[648786.649999999,6876068.29,0],[648785.579999998,6876056.31,0],[648781.530000001,6876051.57,0],[648728.619999997,6875989.93,0],[648728.609999999,6875989.95,0],[648696.43,6875952.28,0],[648696.659999996,6875951.9,0],[648674.32,6875925.99,0],[648670.109999999,6875921.09,0],[648670.289999999,6875918.25,0],[648671.590000004,6875898.26,0],[648672.890000001,6875877.85,0],[648674.210000001,6875857.19,0],[648675.490000002,6875837.15,0],[648676.229999997,6875825.63,0],[648666.329999998,6875817.4,0],[648655.299999997,6875820.85,0],[648647.289999999,6875823.23,0],[648653.600000001,6875843.64,0],[648653.560000002,6875843.65,0],[648646.340000004,6875850.83,0],[648636.810000002,6875853.72,0],[648618.469999999,6875859.26,0],[648600.25,6875864.78,0],[648592.5,6875839.92,0],[648587.759999998,6875841.37,0],[648564.009999998,6875852.65,0],[648563.670000002,6875869.66,0],[648563.640000001,6875871.06,0],[648563.409999996,6875882.16,0],[648566.079999998,6875912.08,0],[648573.310000002,6875935.55,0],[648575,6875939.25,0],[648597.710000001,6875953.86,0],[648617.899999999,6875960.92,0],[648621.060000002,6875962.03,0],[648682.789999999,6875975.3,0],[648680.090000004,6875979.87,0],[648705.049999997,6876009.2,0],[648705.009999998,6876009.24,0],[648682.75,6876027.24,0],[648708.729999997,6876054.16,0],[648706.729999997,6876056.26,0],[648724.149999999,6876074.6,0],[648721.700000003,6876076.99,0],[648717.590000004,6876080.98,0],[648717.530000001,6876081.03,0],[648702.259999998,6876098.82,0],[648668.729999997,6876137.85,0],[648668.759999998,6876137.9,0],[648672.729999997,6876145.66,0],[648678.990000002,6876143.63,0],[648693.289999999,6876160.68,0],[648693.340000004,6876160.74,0],[648709.880000003,6876176.55,0],[648709.93,6876176.6,0],[648722.399999999,6876184.4,0],[648722.509999998,6876184.23,0],[648741.560000002,6876147.91,0]]],[[[649572.950000003,6876214.9,0],[649550.799999997,6876174.72,0],[649550.780000001,6876174.67,0],[649556.049999997,6876171.91,0],[649561.149999999,6876169.31,0],[649562.390000001,6876168.68,0],[649569.579999998,6876165,0],[649572.829999998,6876163.35,0],[649587.759999998,6876155.77,0],[649600.439999998,6876149.3,0],[649600.509999998,6876149.27,0],[649616.259999998,6876177.78,0],[649618.649999999,6876182.1,0],[649621.57,6876187.39,0],[649653.689999998,6876168.41,0],[649666.310000002,6876160.95,0],[649654.579999998,6876141.81,0],[649645.509999998,6876127.02,0],[649642.060000002,6876121.38,0],[649638.399999999,6876115.43,0],[649629.82,6876101.5,0],[649621.329999998,6876087.66,0],[649578.649999999,6876107.39,0],[649537.810000002,6876126.27,0],[649531.240000002,6876129.3,0],[649529.140000001,6876130.28,0],[649515.409999996,6876136.65,0],[649510.770000003,6876138.8,0],[649507.060000002,6876132.42,0],[649500.859999999,6876121.78,0],[649493.810000002,6876109.67,0],[649486.810000002,6876097.64,0],[649483.170000002,6876091.42,0],[649479.219999999,6876084.61,0],[649479.460000001,6876084.46,0],[649474.530000001,6876075.71,0],[649469.619999997,6876066.97,0],[649458.170000002,6876046.62,0],[649451.020000003,6876033.88,0],[649445.350000001,6876023.76,0],[649445.289999999,6876023.66,0],[649439.07,6876015.76,0],[649439.049999997,6876015.74,0],[649431.189999998,6876006.71,0],[649431.079999998,6876006.59,0],[649428.969999999,6876004.37,0],[649421.140000001,6875996.05,0],[649412.740000002,6875987.13,0],[649404.210000001,6875978.07,0],[649397.799999997,6875971.28,0],[649395.829999998,6875969.19,0],[649394.939999998,6875968.24,0],[649386.759999998,6875959.54,0],[649378.140000001,6875950.39,0],[649369.490000002,6875941.04,0],[649358.619999997,6875929.29,0],[649352.609999999,6875922.79,0],[649346.060000002,6875915.7,0],[649337.729999997,6875906.7,0],[649327.539999999,6875895.68,0],[649320.659999996,6875888.24,0],[649313.960000001,6875881,0],[649305.649999999,6875871.4,0],[649308.630000003,6875868.43,0],[649306.009999998,6875860.64,0],[649305.780000001,6875859.22,0],[649305.090000004,6875855.04,0],[649301.329999998,6875845.3,0],[649297.950000003,6875838.27,0],[649296.280000001,6875834.8,0],[649293.149999999,6875828.33,0],[649291.450000003,6875824.83,0],[649279.369999997,6875799.83,0],[649274.119999997,6875788.97,0],[649268.840000004,6875780.03,0],[649260.030000001,6875768.98,0],[649255.520000003,6875770.65,0],[649253.32,6875796.69,0],[649256.090000004,6875802.52,0],[649261.840000004,6875809.64,0],[649275.030000001,6875825.95,0],[649276.850000001,6875828.2,0],[649284.689999998,6875836.25,0],[649289.579999998,6875841.27,0],[649288.869999997,6875841.97,0],[649273.850000001,6875826.65,0],[649259.969999999,6875810.41,0],[649258.439999998,6875811.54,0],[649269.520000003,6875830.58,0],[649276.329999998,6875837.38,0],[649281.920000002,6875842.98,0],[649281.399999999,6875843.52,0],[649285.280000001,6875847.46,0],[649285.729999997,6875847.9,0],[649284.240000002,6875849.57,0],[649291.170000002,6875856.61,0],[649283.32,6875864.92,0],[649297.030000001,6875896.04,0],[649301.82,6875905.27,0],[649306.810000002,6875914.9,0],[649309.609999999,6875920.28,0],[649314.609999999,6875929.88,0],[649317.090000004,6875934.67,0],[649320.240000002,6875940.75,0],[649322.590000004,6875945.26,0],[649324.079999998,6875948.11,0],[649325.590000004,6875951.02,0],[649328.399999999,6875956.4,0],[649335.530000001,6875970.16,0],[649335.539999999,6875970.19,0],[649335.979999997,6875971.08,0],[649351.640000001,6876003,0],[649352.130000003,6876005.51,0],[649352.159999996,6876005.66,0],[649358.109999999,6876016.71,0],[649358.369999997,6876016.5,0],[649365.579999998,6876026.8,0],[649365.640000001,6876026.88,0],[649374.009999998,6876036.55,0],[649381.329999998,6876045.01,0],[649375.490000002,6876049.02,0],[649381.140000001,6876059.52,0],[649381.159999996,6876059.56,0],[649381.950000003,6876061.15,0],[649387.539999999,6876068.96,0],[649387.93,6876069.52,0],[649394.57,6876077.22,0],[649401.729999997,6876085.69,0],[649398.350000001,6876088.04,0],[649410.630000003,6876104.3,0],[649410.659999996,6876104.35,0],[649415,6876112.96,0],[649419.130000003,6876121.17,0],[649421.689999998,6876127.91,0],[649424.259999998,6876134.64,0],[649428.810000002,6876146.53,0],[649436.469999999,6876166.58,0],[649444.560000002,6876162.51,0],[649472.200000003,6876148.24,0],[649473.380000003,6876147.62,0],[649481.090000004,6876143.66,0],[649494.780000001,6876136.59,0],[649496.32,6876138.8,0],[649528.469999999,6876185.14,0],[649532.960000001,6876182.86,0],[649536.899999999,6876180.87,0],[649541.039999999,6876178.76,0],[649564.240000002,6876219.78,0],[649572.950000003,6876214.9,0]]],[[[649116.25,6876178.24,0],[649121.369999997,6876170.78,0],[649130.560000002,6876157.43,0],[649135.770000003,6876149.82,0],[649139.93,6876143.75,0],[649110.119999997,6876123.06,0],[649110.079999998,6876123.03,0],[649095.700000003,6876113.91,0],[649080.460000001,6876104.24,0],[649065.490000002,6876094.78,0],[649062.729999997,6876098.3,0],[649052.049999997,6876089.94,0],[649041.439999998,6876081.65,0],[649040.719999999,6876081.09,0],[649020.469999999,6876068.97,0],[649018.310000002,6876067.56,0],[649001.409999996,6876056.56,0],[649002.859999999,6876054.76,0],[649006.990000002,6876057.41,0],[649019.850000001,6876065.62,0],[649032.310000002,6876073.59,0],[649042.619999997,6876080.17,0],[649052.289999999,6876086.36,0],[649053.340000004,6876084.87,0],[649059.049999997,6876088.58,0],[649061.299999997,6876090.03,0],[649077.350000001,6876100.42,0],[649077.420000002,6876100.47,0],[649085.579999998,6876105.62,0],[649106.450000003,6876118.77,0],[649106.539999999,6876118.83,0],[649119.630000003,6876128.08,0],[649132.939999998,6876137.48,0],[649137.210000001,6876140.48,0],[649137.990000002,6876140.89,0],[649140.859999999,6876142.4,0],[649150.509999998,6876128.13,0],[649154.880000003,6876121.68,0],[649159.490000002,6876113.77,0],[649159.520000003,6876113.72,0],[649167.890000001,6876096.26,0],[649167.909999996,6876096.21,0],[649173.950000003,6876081.82,0],[649173.960000001,6876081.79,0],[649177.859999999,6876071.32,0],[649181.859999999,6876058.2,0],[649180.689999998,6876057.64,0],[649164.100000001,6876049.36,0],[649151.710000001,6876071.36,0],[649144.68,6876083.78,0],[649135.369999997,6876100.27,0],[649135.009999998,6876100.91,0],[649127.479999997,6876096.6,0],[649128.369999997,6876094.92,0],[649125.149999999,6876093.01,0],[649122.340000004,6876091.33,0],[649129.689999998,6876078.31,0],[649133.280000001,6876078.46,0],[649141.670000002,6876064.46,0],[649147.07,6876067.61,0],[649159.789999999,6876045.22,0],[649158.490000002,6876041.29,0],[649164.530000001,6876040.04,0],[649165.210000001,6876042.3,0],[649182.469999999,6876050.83,0],[649188.899999999,6876026.12,0],[649190.219999999,6876021.09,0],[649163.93,6876005.82,0],[649157.32,6876001.98,0],[649154.890000001,6876006.1,0],[649147.57,6876018.44,0],[649133.689999998,6876010.51,0],[649113.640000001,6875999.03,0],[649112.990000002,6875998.77,0],[649089.450000003,6876032.75,0],[649087.259999998,6876035.9,0],[649083.969999999,6876040.66,0],[649077.509999998,6876049.99,0],[649073.469999999,6876055.81,0],[649056.950000003,6876045.49,0],[649044.950000003,6876061.66,0],[649041.380000003,6876059.38,0],[649038.229999997,6876057.37,0],[649047.009999998,6876045.55,0],[649050.299999997,6876047.56,0],[649059.57,6876035.19,0],[649068.609999999,6876023.15,0],[649072.710000001,6876022.69,0],[649079.259999998,6876012.53,0],[649079.75,6876012.82,0],[649086.600000001,6876016.78,0],[649091.810000002,6876019.79,0],[649101.920000002,6876005.38,0],[649111.549999997,6875991.58,0],[649116.899999999,6875983.93,0],[649118.32,6875974.7,0],[649117.75,6875974.36,0],[649119.740000002,6875970.72,0],[649126.920000002,6875974.9,0],[649129.020000003,6875979.37,0],[649144.200000003,6875988.08,0],[649152.119999997,6875992.64,0],[649167.380000003,6876001.43,0],[649191.729999997,6876015.48,0],[649191.43,6876016.61,0],[649192.619999997,6876017.27,0],[649198.049999997,6875995.63,0],[649198.060000002,6875995.6,0],[649199.890000001,6875987.47,0],[649201.840000004,6875978.76,0],[649203.869999997,6875969.79,0],[649202.799999997,6875967.13,0],[649181.789999999,6875955.21,0],[649173.109999999,6875950.28,0],[649160.07,6875942.88,0],[649146.880000003,6875935.4,0],[649129.490000002,6875925.51,0],[649126.109999999,6875923.58,0],[649124.390000001,6875924.33,0],[649121.289999999,6875924.24,0],[649119.159999996,6875923.54,0],[649117.710000001,6875922.2,0],[649116.350000001,6875919.88,0],[649115.920000002,6875917.28,0],[649115.420000002,6875916.76,0],[649116.990000002,6875913.88,0],[649118.399999999,6875911.52,0],[649120.960000001,6875910.29,0],[649123.450000003,6875909.93,0],[649126.289999999,6875910.68,0],[649128.75,6875912.53,0],[649128.829999998,6875912.59,0],[649129.93,6875914.32,0],[649130.490000002,6875916.62,0],[649136.100000001,6875919.83,0],[649144.939999998,6875924.91,0],[649153.689999998,6875929.91,0],[649162.439999998,6875934.9,0],[649171.119999997,6875939.86,0],[649179.939999998,6875944.92,0],[649202.899999999,6875958.05,0],[649206.960000001,6875956.09,0],[649208.399999999,6875949.7,0],[649212.950000003,6875929.5,0],[649215.289999999,6875919.17,0],[649220.560000002,6875895.83,0],[649223.100000001,6875884.52,0],[649224.710000001,6875877.26,0],[649201.149999999,6875863.49,0],[649189.759999998,6875856.85,0],[649189.659999996,6875856.77,0],[649175.789999999,6875846.74,0],[649163.159999996,6875837.62,0],[649155.469999999,6875832.07,0],[649155.450000003,6875832.05,0],[649148.509999998,6875826.84,0],[649142.039999999,6875821.96,0],[649135.799999997,6875817.24,0],[649127.68,6875811.45,0],[649120.259999998,6875806.18,0],[649120.210000001,6875806.14,0],[649107.240000002,6875798.21,0],[649095.549999997,6875791.07,0],[649098.310000002,6875786.29,0],[649100.549999997,6875785.41,0],[649103.229999997,6875785.71,0],[649103.259999998,6875785.71,0],[649105.439999998,6875787.27,0],[649106.420000002,6875789.11,0],[649106.590000004,6875791.22,0],[649112.530000001,6875795.04,0],[649124.32,6875802.62,0],[649138.789999999,6875813.19,0],[649147.009999998,6875819.19,0],[649154.869999997,6875824.95,0],[649164.100000001,6875831.69,0],[649172.450000003,6875837.78,0],[649180.799999997,6875843.83,0],[649189.789999999,6875850.33,0],[649190.630000003,6875849.18,0],[649201.219999999,6875855.52,0],[649200.509999998,6875856.75,0],[649221.810000002,6875869.15,0],[649226.740000002,6875869.05,0],[649228.969999999,6875858.94,0],[649233.600000001,6875837.94,0],[649233.609999999,6875837.89,0],[649233.979999997,6875828.77,0],[649233.920000002,6875824.5,0],[649233.890000001,6875822.07,0],[649233.109999999,6875815.42,0],[649229.899999999,6875802.83,0],[649225.009999998,6875791.74,0],[649222.43,6875785.89,0],[649217.25,6875775.73,0],[649214.630000003,6875770.61,0],[649212.020000003,6875765.49,0],[649202.68,6875747.17,0],[649198.670000002,6875747.92,0],[649185.119999997,6875764.24,0],[649185.170000002,6875767.19,0],[649182.840000004,6875769.94,0],[649181.299999997,6875768.88,0],[649178.759999998,6875766.73,0],[649188.030000001,6875755.46,0],[649191.409999996,6875751.33,0],[649197.829999998,6875743.55,0],[649199.670000002,6875741.31,0],[649200.450000003,6875740.37,0],[649197.229999997,6875733.2,0],[649197.020000003,6875733.46,0],[649190.229999997,6875720.94,0],[649190.130000003,6875720.76,0],[649183.039999999,6875709.03,0],[649182.200000003,6875710.02,0],[649176.799999997,6875701.5,0],[649174.969999999,6875698.57,0],[649171.75,6875693.43,0],[649168.049999997,6875687.52,0],[649163.840000004,6875680.76,0],[649159.670000002,6875674.1,0],[649155.399999999,6875667.28,0],[649147.549999997,6875654.73,0],[649142.920000002,6875647.31,0],[649140.210000001,6875647.15,0],[649126.32,6875664.23,0],[649112.950000003,6875680.67,0],[649105.140000001,6875690.27,0],[649101.270000003,6875695.03,0],[649097.049999997,6875700.21,0],[649095.25,6875702.43,0],[649090.130000003,6875708.73,0],[649085.729999997,6875714.15,0],[649081.920000002,6875718.84,0],[649077.359999999,6875724.43,0],[649075.359999999,6875726.89,0],[649073.539999999,6875729.13,0],[649069.43,6875734.18,0],[649063.240000002,6875741.79,0],[649056.909999996,6875749.55,0],[649053.799999997,6875753.39,0],[649051.310000002,6875756.44,0],[649045.810000002,6875763.2,0],[649039.619999997,6875770.81,0],[649037.789999999,6875773.07,0],[649034.159999996,6875777.54,0],[649029.630000003,6875783.15,0],[649028.57,6875784.46,0],[649023.75,6875790.38,0],[649018.829999998,6875796.43,0],[649013.729999997,6875802.71,0],[649011.619999997,6875805.3,0],[649006.57,6875811.5,0],[649005.020000003,6875813.4,0],[649001.009999998,6875818.34,0],[648999.640000001,6875820.04,0],[648994.880000003,6875825.87,0],[648990.159999996,6875831.67,0],[648988.700000003,6875833.47,0],[648981.259999998,6875842.61,0],[648976.579999998,6875848.35,0],[648983.159999996,6875853.83,0],[648990.710000001,6875860.08,0],[649007.950000003,6875874.32,0],[649016.18,6875881.14,0],[649021.030000001,6875885.14,0],[649021.590000004,6875884.38,0],[649036.579999998,6875896.88,0],[649041.229999997,6875900.76,0],[649048.25,6875906.62,0],[649052.520000003,6875910.16,0],[649063.390000001,6875919.25,0],[649071.289999999,6875925.82,0],[649076.350000001,6875930.02,0],[649087.039999999,6875938.91,0],[649088.909999996,6875939.23,0],[649090.049999997,6875940,0],[649091.130000003,6875941.68,0],[649089.990000002,6875943.24,0],[649087.710000001,6875946.35,0],[649086.560000002,6875946.28,0],[649085.159999996,6875945.39,0],[649084.5,6875944.05,0],[649084.520000003,6875943.07,0],[649071.920000002,6875932.66,0],[649057.109999999,6875920.41,0],[649045.630000003,6875910.85,0],[649018.700000003,6875888.42,0],[649017.060000002,6875887.05,0],[648974.189999998,6875851.31,0],[648969.359999999,6875857.25,0],[648964.640000001,6875863.06,0],[648957.490000002,6875871.83,0],[648949.390000001,6875881.79,0],[648953.329999998,6875885.03,0],[648968.030000001,6875896.96,0],[648972.890000001,6875900.93,0],[648972.920000002,6875900.95,0],[648989.600000001,6875914.97,0],[649002.310000002,6875925.64,0],[649003.280000001,6875926.45,0],[649020.490000002,6875940.94,0],[649020.539999999,6875940.98,0],[649032.259999998,6875950.28,0],[649041.25,6875957.43,0],[649046.450000003,6875958.8,0],[649049.090000004,6875960.19,0],[649050.619999997,6875963.02,0],[649050.369999997,6875965.68,0],[649049.640000001,6875967.18,0],[649049.560000002,6875967.34,0],[649049.530000001,6875967.43,0],[649048.009999998,6875968.67,0],[649046.090000004,6875969.34,0],[649044.240000002,6875969.28,0],[649039.350000001,6875975.65,0],[649032.93,6875984.05,0],[649026.509999998,6875992.45,0],[649015.799999997,6876006.46,0],[649014.630000003,6876007.98,0],[649015.130000003,6876010.81,0],[649014.689999998,6876012.56,0],[649013.469999999,6876014.26,0],[649011.5,6876015.37,0],[649009.530000001,6876015.49,0],[649008.390000001,6876015.56,0],[649006.539999999,6876014.54,0],[649006.469999999,6876014.48,0],[649005.640000001,6876013.65,0],[649004.420000002,6876011.42,0],[649004.789999999,6876008.74,0],[648996.670000002,6876001.82,0],[648989.539999999,6875995.74,0],[648977.890000001,6875985.83,0],[648963.670000002,6875973.72,0],[648951.82,6875963.63,0],[648944.57,6875957.46,0],[648938.060000002,6875951.91,0],[648930.899999999,6875945.82,0],[648924.060000002,6875940,0],[648911.039999999,6875928.95,0],[648900.689999998,6875941.68,0],[648888.899999999,6875956.17,0],[648915.399999999,6875978.86,0],[648918.93,6875981.88,0],[648921.859999999,6875984.38,0],[648929.060000002,6875990.64,0],[648935.93,6875996.61,0],[648933.399999999,6875999.38,0],[648931.219999999,6876001.72,0],[648927.359999999,6876001.47,0],[648925.350000001,6876002.08,0],[648920.420000002,6875997.94,0],[648921.229999997,6875995.73,0],[648921.219999999,6875993.56,0],[648921.210000001,6875991.82,0],[648920.229999997,6875989.47,0],[648912.579999998,6875982.9,0],[648909.299999997,6875980.08,0],[648896.719999999,6875969.26,0],[648893,6875966.07,0],[648885.840000004,6875959.93,0],[648883.969999999,6875962.23,0],[648877.090000004,6875970.68,0],[648869.43,6875980.09,0],[648863.159999996,6875987.82,0],[648863.090000004,6875987.9,0],[648857.009999998,6875995.97,0],[648857.32,6875999.13,0],[648879.090000004,6876016.52,0],[648889.460000001,6876024.81,0],[648901.030000001,6876034.06,0],[648904.219999999,6876033.57,0],[648916.299999997,6876018.64,0],[648919.600000001,6876021.36,0],[648911.82,6876030.84,0],[648906.990000002,6876036.76,0],[648907.189999998,6876037.99,0],[648906.850000001,6876039.76,0],[648905.840000004,6876041.62,0],[648905.829999998,6876041.65,0],[648904.469999999,6876042.81,0],[648902.759999998,6876043.49,0],[648901.460000001,6876043.51,0],[648896.810000002,6876049.36,0],[648889.259999998,6876058.83,0],[648886.049999997,6876056.21,0],[648889.520000003,6876051.88,0],[648892.020000003,6876048.76,0],[648897.659999996,6876041.74,0],[648898.310000002,6876040.91,0],[648898.109999999,6876038.1,0],[648891.789999999,6876032.99,0],[648884.119999997,6876026.79,0],[648876.270000003,6876020.43,0],[648854.5,6876002.82,0],[648851.68,6876003.04,0],[648845.560000002,6876011.16,0],[648838.939999998,6876019.94,0],[648832.380000003,6876028.64,0],[648828,6876035.2,0],[648825.530000001,6876038.89,0],[648819.609999999,6876047.72,0],[648820.280000001,6876049.65,0],[648843.710000001,6876066.45,0],[648854.219999999,6876073.99,0],[648864.719999999,6876081.52,0],[648871.710000001,6876086.53,0],[648872.159999996,6876085.98,0],[648874.109999999,6876085.68,0],[648874.170000002,6876085.72,0],[648876.5,6876087.49,0],[648876.539999999,6876087.52,0],[648878.109999999,6876089.52,0],[648878.579999998,6876091.2,0],[648877.420000002,6876093.14,0],[648877.299999997,6876093.15,0],[648871.82,6876093.87,0],[648870.159999996,6876089.78,0],[648862.520000003,6876084.36,0],[648851.969999999,6876076.86,0],[648841.25,6876069.24,0],[648837.329999998,6876066.47,0],[648817.810000002,6876052.6,0],[648816.369999997,6876052.57,0],[648811.140000001,6876060.73,0],[648805.359999999,6876069.86,0],[648829.280000001,6876086.24,0],[648829.359999999,6876086.3,0],[648840.039999999,6876093.51,0],[648850.859999999,6876100.83,0],[648861.659999996,6876108.14,0],[648870.700000003,6876114.26,0],[648870.780000001,6876114.35,0],[648874.890000001,6876117.21,0],[648879.229999997,6876120.09,0],[648885.560000002,6876124.25,0],[648896.200000003,6876131.19,0],[648903.799999997,6876136.55,0],[648917.18,6876119.67,0],[648931.460000001,6876101.64,0],[648941.310000002,6876089.22,0],[648940.530000001,6876083.99,0],[648938.479999997,6876082.23,0],[648940.740000002,6876079.41,0],[648943.140000001,6876076.4,0],[648945.490000002,6876078.1,0],[648950.649999999,6876077.53,0],[648954.109999999,6876073.15,0],[648959.310000002,6876077.15,0],[648908.850000001,6876140.01,0],[648925.140000001,6876151.37,0],[648942.270000003,6876162.86,0],[648964.670000002,6876178.18,0],[648975.740000002,6876185.69,0],[648987.969999999,6876193.99,0],[649000.979999997,6876177.07,0],[649013.219999999,6876186.6,0],[649019.939999998,6876182.68,0],[649025.210000001,6876177.82,0],[649030.93,6876170.88,0],[649033.840000004,6876167.36,0],[649035.950000003,6876166.41,0],[649038.579999998,6876165.77,0],[649040.119999997,6876164.96,0],[649042.380000003,6876162.18,0],[649042.130000003,6876159.13,0],[649044.939999998,6876155.55,0],[649048.219999999,6876151.35,0],[649051.270000003,6876150.78,0],[649058.020000003,6876142.18,0],[649065.130000003,6876133.12,0],[649065.869999997,6876131.26,0],[649066.130000003,6876128.72,0],[649065.829999998,6876127.89,0],[649063.460000001,6876125.9,0],[649064.649999999,6876124.38,0],[649066.759999998,6876121.68,0],[649081,6876132.76,0],[649079.299999997,6876135.16,0],[649077.899999999,6876137.03,0],[649075.5,6876135.1,0],[649073.469999999,6876135.42,0],[649070.850000001,6876136.56,0],[649069.469999999,6876137.67,0],[649065.969999999,6876141.99,0],[649066.450000003,6876145.22,0],[649064.170000002,6876148.11,0],[649061.109999999,6876152.01,0],[649060.25,6876153.1,0],[649056.960000001,6876153.5,0],[649050.219999999,6876162.2,0],[649038.850000001,6876176.83,0],[649035.520000003,6876175.81,0],[649009.75,6876208.87,0],[649031.399999999,6876223.27,0],[649042.210000001,6876230.27,0],[649068.020000003,6876247.11,0],[649070.75,6876248.68,0],[649101.890000001,6876199.17,0],[649101.939999998,6876199.1,0],[649106.200000003,6876192.92,0],[649111.210000001,6876185.59,0],[649116.25,6876178.24,0]]],[[[649019.020000003,6876224.9,0],[648965.68,6876189.02,0],[648965.600000001,6876188.97,0],[648931.310000002,6876165.57,0],[648917.829999998,6876156.36,0],[648895.439999998,6876141.07,0],[648876.130000003,6876127.88,0],[648855.810000002,6876114.02,0],[648832.579999998,6876098.16,0],[648825.799999997,6876093.52,0],[648819.649999999,6876089.32,0],[648815.57,6876086.54,0],[648804.119999997,6876078.72,0],[648800.18,6876077.5,0],[648800.090000004,6876077.63,0],[648791.420000002,6876092.5,0],[648781.170000002,6876110.09,0],[648769.450000003,6876130.21,0],[648769.359999999,6876130.39,0],[648763.829999998,6876141.58,0],[648762.469999999,6876144.33,0],[648759.359999999,6876150.65,0],[648755.399999999,6876158.04,0],[648743.950000003,6876179.43,0],[648738.420000002,6876189.78,0],[648740.009999998,6876193.76,0],[648762.310000002,6876205.01,0],[648769.729999997,6876188.45,0],[648786.030000001,6876194.15,0],[648789.170000002,6876195.24,0],[648790.100000001,6876195.57,0],[648807.409999996,6876201.61,0],[648824.520000003,6876207.59,0],[648846.469999999,6876215.28,0],[648851.579999998,6876191.66,0],[648859.869999997,6876194.35,0],[648887.789999999,6876203.48,0],[648899.780000001,6876209.04,0],[648898.240000002,6876215.21,0],[648931.189999998,6876209.94,0],[648943.340000004,6876207.98,0],[648947.920000002,6876207.9,0],[648949.380000003,6876208.55,0],[648952.969999999,6876211.09,0],[649003.950000003,6876247.14,0],[649004.020000003,6876247.19,0],[649034.030000001,6876268.87,0],[649054.009999998,6876283.32,0],[649064.93,6876260.91,0],[649062.630000003,6876254.23,0],[649049.280000001,6876245.25,0],[649019.020000003,6876224.9,0]]],[[[648644.810000002,6876276.1,0],[648628.350000001,6876251.01,0],[648625.100000001,6876246.07,0],[648594.539999999,6876266.24,0],[648551.200000003,6876166.04,0],[648549.460000001,6876161.99,0],[648553.049999997,6876160.73,0],[648564.780000001,6876156.6,0],[648564.810000002,6876156.59,0],[648593.219999999,6876145.77,0],[648627.32,6876132.8,0],[648611.899999999,6876102.37,0],[648591.990000002,6876109.59,0],[648518.719999999,6876136.21,0],[648465.380000003,6876155.58,0],[648461.590000004,6876156.96,0],[648460.490000002,6876157.35,0],[648475.039999999,6876179.77,0],[648482.759999998,6876177.26,0],[648486.969999999,6876183.83,0],[648489.810000002,6876188.26,0],[648553.759999998,6876288.33,0],[648560.439999998,6876298.79,0],[648572.57,6876317.75,0],[648578.119999997,6876320.25,0],[648644.810000002,6876276.1,0]]],[[[648495.189999998,6876211.81,0],[648489.93,6876203.54,0],[648488.57,6876201.41,0],[648484.340000004,6876194.74,0],[648480.799999997,6876189.19,0],[648476.25,6876187.93,0],[648453.020000003,6876196.29,0],[648431.079999998,6876204.19,0],[648429.700000003,6876209.09,0],[648437.710000001,6876221.61,0],[648444.719999999,6876232.58,0],[648450.18,6876241.08,0],[648451.579999998,6876243.28,0],[648455.43,6876249.3,0],[648461.340000004,6876258.54,0],[648471.850000001,6876274.93,0],[648475.670000002,6876280.91,0],[648477.189999998,6876283.29,0],[648478.380000003,6876285.16,0],[648482.710000001,6876291.92,0],[648488.18,6876300.44,0],[648493.439999998,6876308.68,0],[648498.359999999,6876316.36,0],[648503.859999999,6876324.96,0],[648509.560000002,6876333.85,0],[648522.049999997,6876353.36,0],[648527.020000003,6876353.8,0],[648535.850000001,6876347.96,0],[648546.450000003,6876340.95,0],[648565.57,6876328.33,0],[648566.990000002,6876324.19,0],[648558.450000003,6876310.83,0],[648548.890000001,6876295.88,0],[648543.340000004,6876287.18,0],[648538.479999997,6876279.58,0],[648536.920000002,6876277.15,0],[648533.210000001,6876271.35,0],[648527.810000002,6876262.88,0],[648522.149999999,6876254.03,0],[648516.850000001,6876245.74,0],[648511.579999998,6876237.48,0],[648506.140000001,6876228.98,0],[648500.369999997,6876219.94,0],[648495.189999998,6876211.81,0]]],[[[648503.090000004,6876338.93,0],[648491.030000001,6876320.08,0],[648486.710000001,6876313.34,0],[648481.450000003,6876305.09,0],[648476.079999998,6876296.72,0],[648472.359999999,6876290.91,0],[648462.619999997,6876275.69,0],[648449.390000001,6876255.01,0],[648446.710000001,6876250.83,0],[648434.329999998,6876231.47,0],[648426.82,6876219.73,0],[648422.18,6876212.48,0],[648414.960000001,6876210.04,0],[648388.420000002,6876219.59,0],[648367.460000001,6876227.12,0],[648365.090000004,6876236.36,0],[648372.240000002,6876247.98,0],[648381.920000002,6876263.74,0],[648395.219999999,6876285.34,0],[648408.32,6876306.65,0],[648405.159999996,6876308.51,0],[648414.579999998,6876323.69,0],[648417.68,6876321.88,0],[648421.810000002,6876328.63,0],[648428.229999997,6876339.13,0],[648433.590000004,6876347.87,0],[648439.219999999,6876357.05,0],[648444,6876364.85,0],[648449.219999999,6876373.34,0],[648462.32,6876394.68,0],[648464.869999997,6876394.98,0],[648471.780000001,6876390.34,0],[648488.57,6876379.07,0],[648496.689999998,6876373.62,0],[648505.159999996,6876367.94,0],[648513.289999999,6876362.48,0],[648514.920000002,6876357.4,0],[648503.090000004,6876338.93,0]]],[[[649033.729999997,6876436.73,0],[649024.770000003,6876431.93,0],[649017.18,6876427.87,0],[649013.119999997,6876436.14,0],[649012.049999997,6876435.61,0],[649002.939999998,6876431.1,0],[648996.950000003,6876428.12,0],[648993.32,6876435.74,0],[648994.799999997,6876441.36,0],[649014.009999998,6876451.79,0],[649028.020000003,6876459.39,0],[649041.840000004,6876466.8899,0],[649066.75,6876480.4,0],[649069.450000003,6876479.6,0],[649075.380000003,6876468.64,0],[649080.420000002,6876459.31,0],[649078.350000001,6876458.23,0],[649061.560000002,6876449.43,0],[649053.509999998,6876445.22,0],[649039.579999998,6876437.91,0],[649037.890000001,6876437.03,0],[649033.729999997,6876436.73,0]]],[[[648895.869999997,6876342.74,0],[648883.07,6876326.98,0],[648869.759999998,6876346.87,0],[648870.340000004,6876347.57,0],[648911.43,6876397.63,0],[648909.75,6876398.81,0],[648902.990000002,6876404.43,0],[648904.990000002,6876406.94,0],[648906.950000003,6876409.33,0],[648909.420000002,6876412.37,0],[648914.590000004,6876418.75,0],[648923.380000003,6876429.6,0],[648925.090000004,6876431.71,0],[648937.020000003,6876446.4,0],[648941.68,6876452.17,0],[648927.030000001,6876464.16,0],[648951.310000002,6876493.92,0],[648954.149999999,6876493.82,0],[648962.009999998,6876477.23,0],[648964.18,6876472.74,0],[648967.469999999,6876465.9,0],[648972.609999999,6876455.18,0],[648976.5,6876447.05,0],[648977.979999997,6876443.96,0],[648972.020000003,6876436.61,0],[648948.630000003,6876407.75,0],[648947.049999997,6876405.81,0],[648938.780000001,6876395.61,0],[648925.159999996,6876378.84,0],[648914.469999999,6876365.65,0],[648903.759999998,6876352.47,0],[648895.869999997,6876342.74,0]]],[[[648415.229999997,6876347.05,0],[648410.5,6876346.77,0],[648400.560000002,6876353.63,0],[648383.920000002,6876365.13,0],[648371.640000001,6876373.6,0],[648362.579999998,6876379.86,0],[648350.020000003,6876388.33,0],[648330.280000001,6876401.62,0],[648327.880000003,6876403.23,0],[648316.210000001,6876411.09,0],[648306.049999997,6876417.93,0],[648301.479999997,6876421.01,0],[648288.979999997,6876429.57,0],[648281.490000002,6876434.67,0],[648273.890000001,6876439.88,0],[648266.5,6876444.92,0],[648256.869999997,6876451.52,0],[648241.590000004,6876461.95,0],[648240.590000004,6876467.27,0],[648257.549999997,6876491.69,0],[648261,6876496.67,0],[648268,6876506.75,0],[648275.700000003,6876517.85,0],[648280.729999997,6876518.99,0],[648287.82,6876514.14,0],[648295.920000002,6876508.6,0],[648305.829999998,6876501.8,0],[648315.439999998,6876495.2,0],[648325.560000002,6876488.29,0],[648335.299999997,6876481.6,0],[648345.710000001,6876474.48,0],[648355.210000001,6876467.99,0],[648367.039999999,6876459.9,0],[648375.25,6876454.27,0],[648384.189999998,6876448.16,0],[648392.189999998,6876442.68,0],[648396.759999998,6876439.57,0],[648404.219999999,6876434.47,0],[648411.780000001,6876429.3,0],[648420.380000003,6876423.41,0],[648443.490000002,6876407.6,0],[648447.119999997,6876405.13,0],[648447.799999997,6876401.41,0],[648442.039999999,6876391.57,0],[648440.710000001,6876389.3,0],[648435.369999997,6876380.17,0],[648435.450000003,6876380.11,0],[648430.390000001,6876371.12,0],[648428.189999998,6876367.2,0],[648426.590000004,6876364.72,0],[648415.229999997,6876347.05,0]]],[[[648941.229999997,6876489.55,0],[648934.229999997,6876480.97,0],[648932.670000002,6876482.3,0],[648931,6876483.7,0],[648926.990000002,6876486.98,0],[648926.68,6876487.23,0],[648923.090000004,6876482.9,0],[648917.390000001,6876476.02,0],[648915.340000004,6876473.55,0],[648911.899999999,6876476.37,0],[648908.520000003,6876479.17,0],[648932.020000003,6876508.25,0],[648936.649999999,6876513.98,0],[648940.280000001,6876518.5,0],[648941.109999999,6876519.51,0],[648941.93,6876519.85,0],[648946.200000003,6876510.79,0],[648949.93,6876502.82,0],[648949.100000001,6876499.17,0],[648941.229999997,6876489.55,0]]],[[[648391.619999997,6876309.15,0],[648385.509999998,6876299.72,0],[648382.409999996,6876301.82,0],[648362.049999997,6876315.62,0],[648355.140000001,6876320.3,0],[648346.710000001,6876326.02,0],[648339.619999997,6876330.83,0],[648332.009999998,6876335.96,0],[648325.479999997,6876340.38,0],[648315.609999999,6876347.07,0],[648305.729999997,6876353.74,0],[648293.130000003,6876362.27,0],[648282.479999997,6876369.47,0],[648272.5,6876376.23,0],[648262.259999998,6876383.16,0],[648252.109999999,6876390.03,0],[648247.399999999,6876393.21,0],[648245.07,6876394.79,0],[648236.789999999,6876400.41,0],[648225.990000002,6876407.72,0],[648218.969999999,6876412.5,0],[648208.530000001,6876419.58,0],[648205.130000003,6876421.89,0],[648201.810000002,6876424.14,0],[648195.659999996,6876428.31,0],[648189.710000001,6876432.35,0],[648181.990000002,6876437.59,0],[648181.18,6876438.16,0],[648172.450000003,6876444.08,0],[648164.25,6876449.64,0],[648157.039999999,6876454.56,0],[648145,6876462.73,0],[648135.57,6876469.17,0],[648127.350000001,6876474.76,0],[648112.770000003,6876484.68,0],[648092.939999998,6876498.17,0],[648083.32,6876504.73,0],[648068.950000003,6876514.55,0],[648064.130000003,6876517.84,0],[648060.369999997,6876520.49,0],[648063.140000001,6876521.47,0],[648064.829999998,6876522.52,0],[648069.130000003,6876526.14,0],[648072.200000003,6876530.06,0],[648074.090000004,6876533.69,0],[648082.009999998,6876548.93,0],[648084.979999997,6876554.63,0],[648089.590000004,6876555.15,0],[648095.079999998,6876551.42,0],[648098.25,6876549.25,0],[648106.920000002,6876543.35,0],[648115.920000002,6876537.23,0],[648118.32,6876535.6,0],[648138.090000004,6876522.14,0],[648147.950000003,6876515.43,0],[648152.560000002,6876512.28,0],[648161.219999999,6876506.39,0],[648170.229999997,6876500.26,0],[648170.25,6876500.24,0],[648182.43,6876491.99,0],[648190,6876486.85,0],[648198.100000001,6876481.36,0],[648206.969999999,6876475.34,0],[648215.460000001,6876469.59,0],[648221.189999998,6876465.73,0],[648227.68,6876461.32,0],[648234.039999999,6876457.01,0],[648244.960000001,6876449.6,0],[648251.780000001,6876444.98,0],[648262.710000001,6876437.54,0],[648270.960000001,6876431.95,0],[648277.960000001,6876427.21,0],[648288,6876420.41,0],[648298.200000003,6876413.49,0],[648308.159999996,6876406.75,0],[648318.770000003,6876399.53,0],[648331.329999998,6876391.03,0],[648340.960000001,6876384.5,0],[648350.670000002,6876377.91,0],[648357.799999997,6876373.09,0],[648364.969999999,6876368.22,0],[648372.329999998,6876363.24,0],[648380.590000004,6876357.63,0],[648381.140000001,6876357.26,0],[648387.960000001,6876352.71,0],[648406.799999997,6876340.11,0],[648407.420000002,6876334.13,0],[648403.490000002,6876327.93,0],[648397.479999997,6876318.43,0],[648391.619999997,6876309.15,0]]],[[[648930.630000003,6876539.14,0],[648936.579999998,6876526.42,0],[648936.32,6876523.95,0],[648923.670000002,6876508.29,0],[648916.159999996,6876515.79,0],[648912.189999998,6876519.76,0],[648909.030000001,6876522.9,0],[648904.560000002,6876527.37,0],[648894.710000001,6876514.05,0],[648885.600000001,6876501.74,0],[648876.270000003,6876489.12,0],[648868.350000001,6876478.39,0],[648868.25,6876478.45,0],[648865.68,6876480.87,0],[648910.93,6876546.39,0],[648916.829999998,6876554.93,0],[648923.32,6876564.32,0],[648924.149999999,6876561.63,0],[648925.829999998,6876556.16,0],[648924.630000003,6876554.47,0],[648930.590000004,6876539.23,0],[648930.630000003,6876539.14,0]]],[[[649113.630000003,6876477.16,0],[649087.100000001,6876463.31,0],[649075.859999999,6876482.86,0],[649076.020000003,6876485.42,0],[649101.310000002,6876499.4,0],[649115.380000003,6876507.18,0],[649127.649999999,6876513.94,0],[649178.390000001,6876541.97,0],[649217.340000004,6876562.67,0],[649221.590000004,6876564.92,0],[649227.899999999,6876562.95,0],[649232.189999998,6876552.39,0],[649208.520000003,6876538.88,0],[649200.710000001,6876534.53,0],[649200.299999997,6876534.3,0],[649195.399999999,6876531.56,0],[649189.759999998,6876528.41,0],[649184.530000001,6876525.5,0],[649176.670000002,6876521.13,0],[649163.969999999,6876514.08,0],[649151.439999998,6876507.14,0],[649140.75,6876501.23,0],[649136.07,6876498.64,0],[649133.020000003,6876487.29,0],[649127.710000001,6876484.51,0],[649113.630000003,6876477.16,0]]],[[[648385.659999996,6876543.17,0],[648404.490000002,6876530.36,0],[648414.5,6876523.53,0],[648424.439999998,6876516.76,0],[648437.060000002,6876508.17,0],[648440,6876505.5,0],[648440.189999998,6876505.3,0],[648455.030000001,6876489.34,0],[648459.969999999,6876484.04,0],[648464.770000003,6876478.87,0],[648481.090000004,6876461.35,0],[648485.43,6876456.68,0],[648492.909999996,6876448.64,0],[648481.439999998,6876437.49,0],[648480.210000001,6876436.3,0],[648473.310000002,6876429.25,0],[648465.530000001,6876421.31,0],[648457.450000003,6876413.07,0],[648453.969999999,6876413.07,0],[648425.979999997,6876432.07,0],[648416.07,6876438.77,0],[648405.939999998,6876445.62,0],[648392.740000002,6876454.6,0],[648384.159999996,6876460.41,0],[648377.909999996,6876464.68,0],[648367.969999999,6876471.43,0],[648360.520000003,6876476.49,0],[648351.869999997,6876482.35,0],[648342,6876489.05,0],[648333.380000003,6876494.91,0],[648325.170000002,6876500.47,0],[648316.810000002,6876506.14,0],[648307.079999998,6876512.75,0],[648306.990000002,6876512.81,0],[648292.899999999,6876522.37,0],[648286.189999998,6876526.93,0],[648284.740000002,6876531.9,0],[648302.18,6876557.44,0],[648302.560000002,6876557.99,0],[648304.090000004,6876560.23,0],[648304.509999998,6876560.85,0],[648312.219999999,6876572.14,0],[648320.109999999,6876583.7,0],[648325.039999999,6876584.46,0],[648340.759999998,6876573.78,0],[648348.200000003,6876568.69,0],[648365.859999999,6876556.67,0],[648373.390000001,6876551.54,0],[648385.549999997,6876543.25,0],[648385.659999996,6876543.17,0]]],[[[649076.469999999,6876495.15,0],[649071.880000003,6876492.6,0],[649070.149999999,6876493.14,0],[649067.689999998,6876497.67,0],[649058.759999998,6876514.08,0],[649055.950000003,6876519.24,0],[649049.369999997,6876531.36,0],[649044.270000003,6876540.73,0],[649037.990000002,6876552.3,0],[649031.530000001,6876564.17,0],[649025.130000003,6876575.96,0],[649021.030000001,6876583.54,0],[649021.280000001,6876587.05,0],[649023.130000003,6876589.6,0],[649037.789999999,6876598.74,0],[649049.609999999,6876606.1,0],[649049.659999996,6876606.1,0],[649052.259999998,6876606.1,0],[649054.159999996,6876605.17,0],[649055.439999998,6876603.76,0],[649062.189999998,6876591.87,0],[649065.18,6876589.27,0],[649066.289999999,6876588.56,0],[649080.43,6876579.31,0],[649092.859999999,6876571.18,0],[649098.229999997,6876567.66,0],[649099.960000001,6876565.8,0],[649102.920000002,6876560.72,0],[649110.880000003,6876547.05,0],[649111.210000001,6876545,0],[649110.75,6876543.02,0],[649109.18,6876541.13,0],[649103.469999999,6876538.07,0],[649097.799999997,6876535.04,0],[649092.130000003,6876532.02,0],[649086.25,6876528.89,0],[649082.259999998,6876526.76,0],[649094.090000004,6876504.81,0],[649092.079999998,6876503.8,0],[649092.009999998,6876503.76,0],[649076.469999999,6876495.15,0]]],[[[648231.890000001,6876472.08,0],[648226.759999998,6876471.23,0],[648210.229999997,6876482.54,0],[648200.100000001,6876489.45,0],[648190.189999998,6876496.21,0],[648180.259999998,6876502.96,0],[648170.219999999,6876509.78,0],[648160.460000001,6876516.43,0],[648150.57,6876523.17,0],[648141.520000003,6876529.35,0],[648132.670000002,6876535.38,0],[648120.840000004,6876543.45,0],[648110.969999999,6876550.19,0],[648093.57,6876562.08,0],[648091.609999999,6876567.35,0],[648096.229999997,6876576.24,0],[648102.07,6876587.53,0],[648108,6876599.02,0],[648111.799999997,6876606.4,0],[648116.380000003,6876615.25,0],[648120.719999999,6876623.68,0],[648125.43,6876625.35,0],[648136.869999997,6876617.56,0],[648150.020000003,6876608.56,0],[648159.939999998,6876601.8,0],[648168.880000003,6876595.7,0],[648182.359999999,6876586.49,0],[648186.32,6876583.79,0],[648198.200000003,6876575.68,0],[648209.689999998,6876567.84,0],[648219.520000003,6876561.13,0],[648229.729999997,6876554.16,0],[648239.68,6876547.37,0],[648249.770000003,6876540.48,0],[648259.619999997,6876533.75,0],[648266.119999997,6876529.33,0],[648267.299999997,6876523.98,0],[648255.18,6876506.2,0],[648249.770000003,6876498.29,0],[648239.939999998,6876483.89,0],[648231.890000001,6876472.08,0]]],[[[648370.659999996,6876637.37,0],[648382.659999996,6876625.79,0],[648389.280000001,6876619.43,0],[648394.740000002,6876614.09,0],[648406.719999999,6876602.38,0],[648422.700000003,6876586.77,0],[648439.719999999,6876570.15,0],[648439.740000002,6876570.13,0],[648502.539999999,6876502.96,0],[648502.520000003,6876502.48,0],[648502.130000003,6876494.65,0],[648493.310000002,6876486.8,0],[648487.460000001,6876486.73,0],[648481.850000001,6876481.33,0],[648481.939999998,6876478.35,0],[648478.829999998,6876475.58,0],[648464.969999999,6876490.15,0],[648444.399999999,6876512.61,0],[648434.789999999,6876519.55,0],[648406.280000001,6876538.87,0],[648398.780000001,6876543.94,0],[648390.939999998,6876549.26,0],[648380.640000001,6876556.24,0],[648371.869999997,6876562.2,0],[648357.969999999,6876571.6,0],[648343.990000002,6876581.07,0],[648336.32,6876586.27,0],[648329.420000002,6876590.93,0],[648328.390000001,6876595.61,0],[648346.189999998,6876621.71,0],[648354.659999996,6876634.13,0],[648358.280000001,6876631.62,0],[648364.079999998,6876627.57,0],[648365.969999999,6876630.4,0],[648370.659999996,6876637.37,0]]],[[[648915.25,6876625.68,0],[648915.770000003,6876615.59,0],[648916.43,6876602.9,0],[648916.57,6876599.8,0],[648916.590000004,6876599.66,0],[648917.07,6876596.48,0],[648917.700000003,6876592.5,0],[648918.270000003,6876588.76,0],[648919.539999999,6876580.44,0],[648920.710000001,6876572.84,0],[648920.719999999,6876572.82,0],[648910.619999997,6876566.68,0],[648901.600000001,6876554.25,0],[648878.409999996,6876571.45,0],[648882.090000004,6876576.6,0],[648882.399999999,6876577.04,0],[648886.789999999,6876582.96,0],[648888.939999998,6876585.97,0],[648892.600000001,6876591.11,0],[648889.810000002,6876594.34,0],[648889.75,6876594.41,0],[648883.600000001,6876598.96,0],[648893.359999999,6876607.21,0],[648893.789999999,6876607.57,0],[648897.219999999,6876610.47,0],[648898.700000003,6876611.72,0],[648900.25,6876613.03,0],[648897.329999998,6876616.29,0],[648900.170000002,6876619.04,0],[648902.25,6876621.05,0],[648900.399999999,6876623.08,0],[648898.25,6876621.02,0],[648897.539999999,6876620.36,0],[648895.350000001,6876618.27,0],[648894.020000003,6876616.98,0],[648889.240000002,6876612.4,0],[648878.850000001,6876602.47,0],[648873.75,6876606.24,0],[648865.869999997,6876612.07,0],[648860.030000001,6876616.37,0],[648857.270000003,6876618.42,0],[648855.090000004,6876620.04,0],[648853.189999998,6876621.58,0],[648838,6876632.67,0],[648842.380000003,6876646.23,0],[648846.280000001,6876657.5,0],[648848.350000001,6876663.48,0],[648870.789999999,6876674.89,0],[648875.259999998,6876675.17,0],[648879.280000001,6876675.44,0],[648880.859999999,6876675.53,0],[648890.82,6876674.34,0],[648890.880000003,6876674.33,0],[648899,6876668.61,0],[648899.109999999,6876668.49,0],[648902.799999997,6876664.09,0],[648904.719999999,6876661.79,0],[648909.969999999,6876653.11,0],[648910.020000003,6876652.86,0],[648912.32,6876642.32,0],[648913.740000002,6876635.8,0],[648913.520000003,6876635.64,0],[648914.049999997,6876632.59,0],[648914.409999996,6876630.51,0],[648915.25,6876625.73,0],[648915.25,6876625.68,0]]],[[[648761.109999999,6876642.9,0],[648755.130000003,6876642.24,0],[648754.609999999,6876643.49,0],[648749.229999997,6876652.42,0],[648742.07,6876664.36,0],[648738.359999999,6876670.5,0],[648738.079999998,6876670.97,0],[648733.950000003,6876677.84,0],[648737.289999999,6876680.09,0],[648738.579999998,6876680.95,0],[648743.740000002,6876674.21,0],[648748.25,6876668.32,0],[648756.399999999,6876657.72,0],[648765.719999999,6876645.62,0],[648765.409999996,6876643.72,0],[648761.850000001,6876643.03,0],[648761.109999999,6876642.9,0]]],[[[648275.990000002,6876536.73,0],[648271.32,6876535.59,0],[648264.159999996,6876540.44,0],[648254.329999998,6876547.11,0],[648244.090000004,6876554.06,0],[648224.210000001,6876567.55,0],[648215.829999998,6876573.26,0],[648207.520000003,6876578.91,0],[648201.039999999,6876583.32,0],[648192.710000001,6876588.95,0],[648184.5,6876594.51,0],[648174.619999997,6876601.21,0],[648164.560000002,6876608.01,0],[648144.700000003,6876621.46,0],[648129.07,6876632.01,0],[648127.82,6876637.14,0],[648132.009999998,6876645.27,0],[648137.439999998,6876655.79,0],[648141.770000003,6876664.2,0],[648147.43,6876675.17,0],[648156.810000002,6876693.43,0],[648161.659999996,6876694.45,0],[648173.130000003,6876686.72,0],[648184.030000001,6876679.37,0],[648191.579999998,6876674.28,0],[648198.909999996,6876669.34,0],[648206.490000002,6876664.23,0],[648214.219999999,6876659.03,0],[648224.159999996,6876652.33,0],[648234.039999999,6876645.64,0],[648243.869999997,6876638.99,0],[648253.979999997,6876632.16,0],[648263.780000001,6876625.56,0],[648273.57,6876619,0],[648288.549999997,6876608.88,0],[648303.450000003,6876598.85,0],[648310.549999997,6876594.05,0],[648311.630000003,6876588.82,0],[648293.780000001,6876562.73,0],[648275.990000002,6876536.73,0]]],[[[648059.109999999,6876528.61,0],[648055.5,6876527.57,0],[648051.259999998,6876527.63,0],[648048.289999999,6876528.36,0],[648045.439999998,6876529.92,0],[648036.43,6876536.21,0],[648021.859999999,6876546.34,0],[648007.960000001,6876556.01,0],[647994.619999997,6876565.29,0],[647983.020000003,6876573.36,0],[647972.520000003,6876580.67,0],[647962.450000003,6876587.69,0],[647952.899999999,6876594.32,0],[647942.969999999,6876601.23,0],[647933.009999998,6876608.17,0],[647920.950000003,6876616.58,0],[647909.159999996,6876624.79,0],[647896.57,6876633.55,0],[647882,6876643.7,0],[647873.579999998,6876649.56,0],[647866.740000002,6876654.32,0],[647865.700000003,6876659.33,0],[647869.759999998,6876664.98,0],[647883.979999997,6876684.79,0],[647892.710000001,6876696.92,0],[647902.869999997,6876711.07,0],[647907.380000003,6876711.86,0],[647918.759999998,6876703.97,0],[647928.869999997,6876696.97,0],[647939.119999997,6876689.87,0],[647948.899999999,6876683.07,0],[647957.729999997,6876676.95,0],[647966.979999997,6876670.54,0],[647976.740000002,6876663.77,0],[647986.729999997,6876656.84,0],[647996.539999999,6876650.05,0],[648001.409999996,6876646.67,0],[648013.170000002,6876638.52,0],[648022.899999999,6876631.77,0],[648023.280000001,6876631.51,0],[648042.82,6876617.87,0],[648055.350000001,6876609.12,0],[648062.609999999,6876604.05,0],[648072.359999999,6876597.24,0],[648082.310000002,6876590.3,0],[648088.359999999,6876586.08,0],[648089.530000001,6876581.09,0],[648089.57,6876580.92,0],[648074.880000003,6876552.67,0],[648068.140000001,6876539.73,0],[648066.890000001,6876537.14,0],[648065.740000002,6876534.79,0],[648063.130000003,6876531.44,0],[648059.109999999,6876528.61,0]]],[[[648702.340000004,6876724.69,0],[648714.240000002,6876708.71,0],[648679.979999997,6876709.12,0],[648679.850000001,6876711.77,0],[648679.329999998,6876722.88,0],[648679.219999999,6876725.36,0],[648678.829999998,6876733.77,0],[648678.299999997,6876744.97,0],[648677.799999997,6876755.94,0],[648677.789999999,6876756.14,0],[648698.770000003,6876729.49,0],[648702.340000004,6876724.69,0]]],[[[649113.640000001,6876654.4,0],[649110.990000002,6876652.84,0],[649110.149999999,6876653.37,0],[649107.420000002,6876653.83,0],[649104.939999998,6876653.48,0],[649102.609999999,6876652.08,0],[649101.5,6876650.89,0],[649100.520000003,6876649.48,0],[649099.890000001,6876646.96,0],[649100.009999998,6876644.88,0],[649100.909999996,6876642.35,0],[649100.950000003,6876642.31,0],[649102.350000001,6876640.52,0],[649104.490000002,6876639.25,0],[649106.729999997,6876638.62,0],[649108.420000002,6876638.68,0],[649108.520000003,6876638.67,0],[649111.079999998,6876639.53,0],[649113.810000002,6876642.04,0],[649114.759999998,6876643.82,0],[649115.140000001,6876646.19,0],[649127.289999999,6876653.36,0],[649137,6876659.14,0],[649156.030000001,6876670.36,0],[649166.049999997,6876676.31,0],[649170.850000001,6876679.16,0],[649172.789999999,6876679.47,0],[649175.880000003,6876678.34,0],[649176.009999998,6876678.05,0],[649180.840000004,6876667.91,0],[649184.340000004,6876660.69,0],[649188.280000001,6876652.58,0],[649192.100000001,6876644.73,0],[649196.649999999,6876635.38,0],[649191.259999998,6876632.4,0],[649183.740000002,6876628.26,0],[649184.359999999,6876627.11,0],[649191.880000003,6876631.25,0],[649193.289999999,6876631.96,0],[649197.299999997,6876634.04,0],[649199.880000003,6876628.74,0],[649204.479999997,6876619.32,0],[649204.520000003,6876619.23,0],[649205.469999999,6876617.13,0],[649210.270000003,6876606.5,0],[649210.299999997,6876606.44,0],[649214.409999996,6876596.28,0],[649218.520000003,6876586.08,0],[649221.939999998,6876577.59,0],[649220.5,6876573.47,0],[649206.960000001,6876566.07,0],[649192.240000002,6876558.03,0],[649176.899999999,6876549.65,0],[649165.960000001,6876543.68,0],[649164.030000001,6876543.44,0],[649161.390000001,6876544.09,0],[649159.539999999,6876545.49,0],[649155.109999999,6876553.7,0],[649153.899999999,6876556.51,0],[649154.090000004,6876558.72,0],[649154.920000002,6876560.54,0],[649156.700000003,6876562.08,0],[649166.399999999,6876565.24,0],[649167.520000003,6876566.33,0],[649167.859999999,6876568.09,0],[649167.520000003,6876572.14,0],[649167.5,6876572.17,0],[649166.799999997,6876573.39,0],[649165.380000003,6876574.03,0],[649164.049999997,6876573.6,0],[649164.329999998,6876573.09,0],[649158.789999999,6876570.02,0],[649153.299999997,6876567.01,0],[649147.920000002,6876564.06,0],[649145.369999997,6876562.66,0],[649146.060000002,6876561.4,0],[649156.170000002,6876542.75,0],[649156.420000002,6876541.35,0],[649156.109999999,6876539.54,0],[649154.229999997,6876537.26,0],[649143.700000003,6876531.51,0],[649129.140000001,6876523.55,0],[649114.770000003,6876515.71,0],[649102.380000003,6876508.92,0],[649102.229999997,6876508.86,0],[649099.420000002,6876509.47,0],[649097.560000002,6876511.05,0],[649091.520000003,6876522.36,0],[649091.049999997,6876524.23,0],[649091.439999998,6876526,0],[649092.850000001,6876527.95,0],[649104.689999998,6876534.36,0],[649119.079999998,6876542.18,0],[649126.259999998,6876546.07,0],[649126.369999997,6876546.13,0],[649130.700000003,6876547.72,0],[649134.060000002,6876549.42,0],[649136.829999998,6876550.8,0],[649141.170000002,6876557.1,0],[649140.409999996,6876558.45,0],[649138.75,6876561.44,0],[649132.439999998,6876558.1,0],[649126.619999997,6876555.01,0],[649122.5,6876552.84,0],[649119.149999999,6876558.85,0],[649114.560000002,6876567.11,0],[649108.299999997,6876563.67,0],[649104.170000002,6876570.19,0],[649101.579999998,6876572.85,0],[649094.100000001,6876577.65,0],[649086.280000001,6876582.72,0],[649075.340000004,6876589.8,0],[649067.869999997,6876594.63,0],[649065.859999999,6876597.16,0],[649063.640000001,6876601.23,0],[649059.32,6876609.13,0],[649059.600000001,6876611.51,0],[649060.219999999,6876612.83,0],[649076.630000003,6876622.97,0],[649085.93,6876628.72,0],[649095.520000003,6876634.65,0],[649093.619999997,6876638.08,0],[649093.329999998,6876638.61,0],[649091.700000003,6876641.55,0],[649091.640000001,6876641.66,0],[649083.369999997,6876636.5,0],[649078.140000001,6876633.26,0],[649072.68,6876629.86,0],[649067.549999997,6876626.67,0],[649062.030000001,6876623.24,0],[649057.100000001,6876620.16,0],[649046.100000001,6876613.33,0],[649033.659999996,6876605.59,0],[649019.770000003,6876596.96,0],[649018.219999999,6876596.54,0],[649015.859999999,6876596.66,0],[649013.630000003,6876597.79,0],[649012.340000004,6876599.12,0],[649006.130000003,6876610.3,0],[649001.939999998,6876607.86,0],[649000.640000001,6876607.12,0],[649063.969999999,6876489.97,0],[649063.259999998,6876487.88,0],[649044.68,6876477.67,0],[649032.93,6876471.23,0],[649021.329999998,6876464.88,0],[649009.719999999,6876458.53,0],[648992.409999996,6876449.05,0],[648989.719999999,6876447.56,0],[648987.460000001,6876448.06,0],[648986.020000003,6876451.1,0],[648981.909999996,6876459.73,0],[648978.469999999,6876466.92,0],[648973.530000001,6876477.31,0],[648970.909999996,6876482.82,0],[648969.079999998,6876486.69,0],[648967.420000002,6876490.18,0],[648964.789999999,6876495.67,0],[648961.340000004,6876502.94,0],[648961.299999997,6876503.02,0],[648955.939999998,6876513.11,0],[648952.100000001,6876520.32,0],[648947.539999999,6876528.88,0],[648941.32,6876542.04,0],[648940.759999998,6876541.86,0],[648937.039999999,6876550.79,0],[648932.719999999,6876561.21,0],[648930.079999998,6876570.85,0],[648929.109999999,6876574.34,0],[648927.009999998,6876581.96,0],[648926.420000002,6876584.09,0],[648925.390000001,6876587.79,0],[648924.710000001,6876593.86,0],[648924.68,6876594.11,0],[648924.670000002,6876594.24,0],[648924.659999996,6876594.78,0],[648924.420000002,6876604.3,0],[648924.240000002,6876611.43,0],[648924.170000002,6876614.33,0],[648923.979999997,6876621.24,0],[648923.600000001,6876627.97,0],[648922.670000002,6876644.82,0],[648922.340000004,6876650.29,0],[648921.789999999,6876659.68,0],[648931.659999996,6876666.05,0],[648939.109999999,6876670.87,0],[648950.479999997,6876678.22,0],[648961.200000003,6876685.16,0],[648965.670000002,6876688.05,0],[648972.729999997,6876692.62,0],[648975.640000001,6876694.12,0],[648979.32,6876696.01,0],[648979.090000004,6876696.63,0],[648986.630000003,6876699.38,0],[648996.5,6876702.97,0],[649002.43,6876705.13,0],[649006.159999996,6876706.49,0],[649012.159999996,6876707.93,0],[649020.399999999,6876709.88,0],[649024.229999997,6876710.76,0],[649027.640000001,6876711.57,0],[649031.359999999,6876711.93,0],[649040.07,6876712.78,0],[649045.310000002,6876714.26,0],[649051.93,6876716.08,0],[649059.039999999,6876718.78,0],[649059.149999999,6876718.83,0],[649065.18,6876721.56,0],[649068.079999998,6876723.5,0],[649075.969999999,6876728.78,0],[649083.009999998,6876733.48,0],[649098.079999998,6876743.56,0],[649098.109999999,6876743.59,0],[649101.25,6876746.12,0],[649110.359999999,6876753.52,0],[649110.460000001,6876753.59,0],[649114.25,6876756.11,0],[649115.759999998,6876757.12,0],[649125.549999997,6876763.63,0],[649131.329999998,6876757.85,0],[649130.729999997,6876756.77,0],[649134.299999997,6876754.87,0],[649139.710000001,6876745.85,0],[649153.390000001,6876723.1,0],[649153.409999996,6876723.07,0],[649161.490000002,6876706.91,0],[649169.479999997,6876690.94,0],[649168.880000003,6876688.63,0],[649166.450000003,6876685.57,0],[649154.969999999,6876678.8,0],[649152.25,6876677.19,0],[649142.369999997,6876671.39,0],[649133.039999999,6876665.87,0],[649123.369999997,6876660.16,0],[649113.640000001,6876654.4,0]]],[[[648096.539999999,6876594.67,0],[648092.100000001,6876593.05,0],[648071.579999998,6876607.37,0],[648063.950000003,6876612.7,0],[648063.840000004,6876612.78,0],[648055.850000001,6876618.36,0],[648040.93,6876628.77,0],[648032.920000002,6876634.36,0],[648024.829999998,6876640.01,0],[648017.409999996,6876645.18,0],[648008.280000001,6876651.56,0],[647999.170000002,6876657.92,0],[647991.869999997,6876663.02,0],[647985.030000001,6876667.8,0],[647971.270000003,6876677.4,0],[647963.210000001,6876683.03,0],[647950.659999996,6876691.79,0],[647938.460000001,6876700.3,0],[647928.890000001,6876707,0],[647919.119999997,6876713.81,0],[647912.520000003,6876718.41,0],[647911.859999999,6876723.54,0],[647919.32,6876734.34,0],[647924.289999999,6876746.61,0],[647934.5,6876771.8,0],[647939.25,6876772.44,0],[647949.130000003,6876767.07,0],[647957.990000002,6876762.25,0],[647968.469999999,6876756.57,0],[647978.829999998,6876750.94,0],[647986.710000001,6876746.65,0],[647989.390000001,6876744.97,0],[647993.170000002,6876742.58,0],[648000.159999996,6876737.9,0],[648009.210000001,6876731.81,0],[648019.289999999,6876725.03,0],[648029.909999996,6876717.89,0],[648037.350000001,6876712.9,0],[648046.520000003,6876706.74,0],[648055.520000003,6876700.69,0],[648062.920000002,6876695.73,0],[648071.390000001,6876690.05,0],[648078.789999999,6876685.08,0],[648086.770000003,6876679.72,0],[648094.789999999,6876674.34,0],[648103.07,6876668.79,0],[648110.5,6876663.79,0],[648123.850000001,6876654.82,0],[648125.219999999,6876650.31,0],[648125.240000002,6876650.23,0],[648120.780000001,6876641.6,0],[648115.82,6876631.99,0],[648110.640000001,6876621.98,0],[648106.210000001,6876613.38,0],[648102,6876605.24,0],[648096.539999999,6876594.67,0]]],[[[648782.509999998,6876646.47,0],[648774,6876645.11,0],[648770.090000004,6876646.32,0],[648753.359999999,6876668.6,0],[648750.700000003,6876672.12,0],[648748.850000001,6876674.59,0],[648746.640000001,6876677.55,0],[648744.619999997,6876680.27,0],[648738.75,6876688.19,0],[648737.009999998,6876690.73,0],[648736.369999997,6876691.58,0],[648735.409999996,6876692.84,0],[648732.630000003,6876696.49,0],[648726.950000003,6876703.97,0],[648720.649999999,6876712.27,0],[648714.729999997,6876720.09,0],[648708.700000003,6876728.05,0],[648703.380000003,6876735.07,0],[648693.729999997,6876747.77,0],[648685.689999998,6876758.38,0],[648682.329999998,6876762.84,0],[648681.890000001,6876763.45,0],[648681.289999999,6876781.04,0],[648684.170000002,6876781.12,0],[648743.420000002,6876783.8,0],[648761.270000003,6876784.6,0],[648764.82,6876784.75,0],[648776.020000003,6876785.26,0],[648782.560000002,6876785.56,0],[648793.009999998,6876786.02,0],[648795.350000001,6876784.5,0],[648803.740000002,6876757.86,0],[648804.57,6876755.22,0],[648808.899999999,6876741.44,0],[648812.82,6876729.01,0],[648819.369999997,6876708.15,0],[648824.18,6876692.85,0],[648830.07,6876674.13,0],[648829.5,6876671.14,0],[648823.520000003,6876664.71,0],[648819.899999999,6876660.86,0],[648819.799999997,6876660.74,0],[648808.200000003,6876655.68,0],[648796.509999998,6876650.57,0],[648796.299999997,6876650.47,0],[648785.149999999,6876646.99,0],[648782.509999998,6876646.47,0]]],[[[648320.130000003,6876601.28,0],[648315.079999998,6876600.73,0],[648308.119999997,6876605.43,0],[648298.109999999,6876612.18,0],[648288.280000001,6876618.83,0],[648278.359999999,6876625.53,0],[648268.359999999,6876632.26,0],[648258.32,6876639.05,0],[648250.759999998,6876644.16,0],[648241.549999997,6876650.38,0],[648234.07,6876655.42,0],[648226.32,6876660.67,0],[648217.390000001,6876666.71,0],[648208.219999999,6876672.91,0],[648198.770000003,6876679.29,0],[648188.799999997,6876686.04,0],[648175.170000002,6876695.23,0],[648164.700000003,6876702.28,0],[648163.909999996,6876707.55,0],[648168.229999997,6876715.77,0],[648172.920000002,6876724.65,0],[648177.619999997,6876733.54,0],[648184.380000003,6876746.37,0],[648189.100000001,6876755.3,0],[648196.200000003,6876768.76,0],[648196.340000004,6876769.02,0],[648207.710000001,6876791.34,0],[648213.149999999,6876791.67,0],[648226.329999998,6876772.14,0],[648241.240000002,6876750.07,0],[648248.009999998,6876740.02,0],[648251.219999999,6876736.17,0],[648258.369999997,6876730.66,0],[648268.159999996,6876723.11,0],[648268.759999998,6876722.54,0],[648274.549999997,6876717.09,0],[648278.609999999,6876713.75,0],[648288.359999999,6876705.79,0],[648299.270000003,6876696.83,0],[648307.140000001,6876690.37,0],[648316.770000003,6876682.49,0],[648325.740000002,6876675.14,0],[648334.979999997,6876667.55,0],[648344.490000002,6876659.77,0],[648350.109999999,6876655.17,0],[648351.590000004,6876647.53,0],[648338.030000001,6876627.6,0],[648320.130000003,6876601.28,0]]],[[[648991.100000001,6876800.61,0],[648996.899999999,6876794.4,0],[648996.93,6876794.43,0],[648997.299999997,6876794.71,0],[648997.420000002,6876794.57,0],[648998.140000001,6876793.68,0],[648998.659999996,6876792.83,0],[648999.140000001,6876791.91,0],[648999.479999997,6876791.11,0],[648999.939999998,6876787.98,0],[649000.240000002,6876786.88,0],[649000.609999999,6876785.97,0],[649000.939999998,6876785.2,0],[649001.390000001,6876784.31,0],[649001.780000001,6876783.59,0],[649002.119999997,6876783.05,0],[649003.189999998,6876781.66,0],[649004.060000002,6876780.42,0],[649005.07,6876779.05,0],[649013.25,6876768.52,0],[649016.020000003,6876764.86,0],[649017.219999999,6876763.7,0],[649018.079999998,6876763.07,0],[649019.020000003,6876762.39,0],[649020.259999998,6876761.75,0],[649021.299999997,6876761.32,0],[649022.740000002,6876760.9,0],[649020.579999998,6876754.13,0],[649020.380000003,6876751.65,0],[649017,6876750.28,0],[649036.289999999,6876720.67,0],[649024.450000003,6876718.85,0],[649020.960000001,6876717.99,0],[649012.439999998,6876715.9,0],[649004.469999999,6876713.93,0],[649000.369999997,6876712.92,0],[648999.979999997,6876712.8,0],[648994.829999998,6876710.9,0],[648991.259999998,6876709.57,0],[648980.93,6876705.76,0],[648977.350000001,6876704.42,0],[648975.880000003,6876703.89,0],[648975.090000004,6876703.43,0],[648972.5,6876701.92,0],[648963.520000003,6876696.7,0],[648964.210000001,6876695.47,0],[648957.280000001,6876691.27,0],[648946.109999999,6876684.5,0],[648945.939999998,6876684.95,0],[648941.439999998,6876682.31,0],[648938.289999999,6876680.47,0],[648927.140000001,6876673.97,0],[648926.960000001,6876673.9,0],[648925.200000003,6876673.27,0],[648922.119999997,6876672.68,0],[648915.710000001,6876672.62,0],[648915.32,6876672.69,0],[648904.969999999,6876674.72,0],[648896.990000002,6876683.91,0],[648893.829999998,6876689.79,0],[648891.829999998,6876693.5,0],[648891.020000003,6876700.2,0],[648889.840000004,6876709.78,0],[648889.780000001,6876712.47,0],[648889.759999998,6876713.48,0],[648889.560000002,6876725.26,0],[648889.409999996,6876732.4,0],[648889.18,6876745.31,0],[648890.240000002,6876745.3,0],[648890.350000001,6876753.3,0],[648891.75,6876765.07,0],[648891.780000001,6876765.21,0],[648894.969999999,6876773.5,0],[648897.409999996,6876778.39,0],[648901.740000002,6876787.06,0],[648906.450000003,6876794.63,0],[648911.740000002,6876803.12,0],[648914.270000003,6876807.2,0],[648919.590000004,6876815.15,0],[648927.509999998,6876826.99,0],[648927.719999999,6876827.23,0],[648939.240000002,6876839.88,0],[648939.270000003,6876839.9,0],[648949.18,6876843.89,0],[648949.25,6876843.92,0],[648952.509999998,6876844.83,0],[648955.490000002,6876845.67,0],[648968.109999999,6876846.08,0],[648968.829999998,6876838.57,0],[648969.18,6876835.1,0],[648969.829999998,6876828.53,0],[648973.090000004,6876823.31,0],[648976.700000003,6876817.51,0],[648975.899999999,6876816.87,0],[648991.100000001,6876800.61,0]]],[[[648876.530000001,6876833.67,0],[648882.509999998,6876830.24,0],[648884.850000001,6876836.2,0],[648888.619999997,6876834.03,0],[648891.909999996,6876832.12,0],[648892.880000003,6876831.56,0],[648896.939999998,6876829.22,0],[648898.159999996,6876831.15,0],[648903.130000003,6876828.43,0],[648901.909999996,6876826.35,0],[648911.049999997,6876821.07,0],[648908.810000002,6876815,0],[648908.810000002,6876814.97,0],[648904.189999998,6876807.36,0],[648902.130000003,6876803.96,0],[648897.920000002,6876797.02,0],[648896.130000003,6876794.07,0],[648893.32,6876789.49,0],[648889.359999999,6876782.97,0],[648884.719999999,6876775.38,0],[648884.609999999,6876775.21,0],[648884.090000004,6876765.11,0],[648883.780000001,6876759.34,0],[648883.520000003,6876754.29,0],[648883.280000001,6876749.89,0],[648882.710000001,6876738.3,0],[648882.159999996,6876726.79,0],[648882.030000001,6876724.12,0],[648881.189999998,6876718.76,0],[648881.049999997,6876718.32,0],[648880.240000002,6876715.89,0],[648879.950000003,6876714.97,0],[648877.390000001,6876707.26,0],[648877.299999997,6876707,0],[648873.909999996,6876700.44,0],[648872.25,6876697.23,0],[648872.170000002,6876697.12,0],[648869.530000001,6876693.67,0],[648869.43,6876693.53,0],[648866.189999998,6876690.25,0],[648858.950000003,6876685.23,0],[648858.710000001,6876685.09,0],[648853.960000001,6876682.32,0],[648848.979999997,6876679.37,0],[648848.159999996,6876679.11,0],[648846.149999999,6876678.49,0],[648840.200000003,6876676.67,0],[648837.140000001,6876678.14,0],[648835.369999997,6876683.76,0],[648834.740000002,6876685.77,0],[648834.200000003,6876687.49,0],[648831.32,6876696.58,0],[648837.840000004,6876699.92,0],[648847.219999999,6876704.74,0],[648842.07,6876713.54,0],[648840.420000002,6876716.36,0],[648840.119999997,6876716.86,0],[648851.939999998,6876724.62,0],[648857.770000003,6876728.45,0],[648859.719999999,6876729.73,0],[648862.649999999,6876731.64,0],[648844.090000004,6876745.08,0],[648849.93,6876749.98,0],[648841.439999998,6876756.08,0],[648837.229999997,6876759.2,0],[648831.100000001,6876763.75,0],[648837.740000002,6876770.47,0],[648837.93,6876770.66,0],[648842.979999997,6876776.82,0],[648846.810000002,6876781.5,0],[648858.850000001,6876796.22,0],[648862.079999998,6876800.17,0],[648863.32,6876801.68,0],[648867.93,6876807.3,0],[648872.25,6876812.58,0],[648877,6876818.39,0],[648870.140000001,6876822.34,0],[648862.170000002,6876826.92,0],[648863.630000003,6876829.44,0],[648848.100000001,6876838.52,0],[648853.049999997,6876847.17,0],[648864.789999999,6876840.41,0],[648876.530000001,6876833.67,0]]],[[[647860.240000002,6876665.24,0],[647852.979999997,6876663.98,0],[647831.420000002,6876679.26,0],[647812.109999999,6876692.96,0],[647807.780000001,6876696.02,0],[647842.350000001,6876746.03,0],[647844.740000002,6876749.49,0],[647845.450000003,6876750.7,0],[647853.18,6876763.76,0],[647886.93,6876821.23,0],[647890.020000003,6876826.47,0],[647901.469999999,6876845.96,0],[647905.520000003,6876852.19,0],[647915.810000002,6876846.83,0],[647921.420000002,6876843.93,0],[647926.890000001,6876841.08,0],[647932.130000003,6876838.31,0],[647937.770000003,6876835.33,0],[647947.710000001,6876830.09,0],[647950.119999997,6876828.82,0],[647938.880000003,6876804.68,0],[647917.640000001,6876752.21,0],[647912.079999998,6876738.46,0],[647912.020000003,6876738.38,0],[647895.57,6876715.15,0],[647884.850000001,6876700.01,0],[647877.509999998,6876689.61,0],[647867.630000003,6876675.68,0],[647866.509999998,6876674.1,0],[647860.240000002,6876665.24,0]]],[[[649107.25,6876798.76,0],[649117.350000001,6876780.65,0],[649117.25,6876775.01,0],[649114.039999999,6876767.58,0],[649103.149999999,6876758.67,0],[649094.490000002,6876751.62,0],[649090.159999996,6876757.62,0],[649091.399999999,6876758.63,0],[649088.82,6876762.06,0],[649087.43,6876761.09,0],[649077.560000002,6876776.34,0],[649076.539999999,6876777.77,0],[649084.390000001,6876784.14,0],[649081.109999999,6876788.89,0],[649079.719999999,6876787.83,0],[649078.640000001,6876789.24,0],[649081.289999999,6876791.26,0],[649079.299999997,6876794.19,0],[649079.07,6876794.03,0],[649078.490000002,6876794.66,0],[649071.030000001,6876788.79,0],[649070.200000003,6876789.67,0],[649065.259999998,6876785.7,0],[649063.299999997,6876784.11,0],[649058.560000002,6876780.4,0],[649062.18,6876775.41,0],[649063.770000003,6876773.21,0],[649067.159999996,6876768.09,0],[649075.950000003,6876775.06,0],[649085.880000003,6876759.81,0],[649084.579999998,6876758.94,0],[649087.259999998,6876755.52,0],[649088.57,6876756.39,0],[649092.93,6876750.35,0],[649086.789999999,6876745.33,0],[649083.82,6876742.9,0],[649083.710000001,6876742.81,0],[649074.009999998,6876736.95,0],[649070.740000002,6876734.97,0],[649065.829999998,6876731.99,0],[649061.630000003,6876729.44,0],[649056.899999999,6876726.59,0],[649056.759999998,6876726.5,0],[649042.93,6876721.7,0],[649040.759999998,6876721.37,0],[649025.299999997,6876745.31,0],[649038.560000002,6876754.11,0],[649036.869999997,6876756.67,0],[649033.909999996,6876761.1,0],[649039.869999997,6876766.05,0],[649049.450000003,6876773.99,0],[649054.979999997,6876778.59,0],[649055.810000002,6876779.29,0],[649051.670000002,6876783.85,0],[649046.560000002,6876779.77,0],[649036.670000002,6876771.98,0],[649035.32,6876770.99,0],[649031.039999999,6876767.5,0],[649030.100000001,6876766.85,0],[649028.729999997,6876766.09,0],[649027.469999999,6876765.76,0],[649026.049999997,6876765.68,0],[649024.939999998,6876765.69,0],[649023.82,6876765.95,0],[649022.450000003,6876766.38,0],[649021.229999997,6876767.09,0],[649020.359999999,6876767.72,0],[649019.630000003,6876768.5,0],[649009.909999996,6876781.02,0],[649006.240000002,6876785.9,0],[649005.57,6876787.03,0],[649005.07,6876788.48,0],[649004.590000004,6876791.23,0],[649004.149999999,6876792.94,0],[649003.689999998,6876794.19,0],[649002.890000001,6876795.54,0],[649001.850000001,6876796.92,0],[649006.729999997,6876802.04,0],[649007.579999998,6876802.7,0],[648995.280000001,6876814,0],[648995.140000001,6876814.13,0],[648988.880000003,6876820.37,0],[648984.539999999,6876824.68,0],[648979.030000001,6876830.18,0],[648979.020000003,6876830.33,0],[648978.490000002,6876838.37,0],[648977.979999997,6876846.39,0],[648981.469999999,6876846.51,0],[648989.689999998,6876847.35,0],[648991.189999998,6876847.51,0],[648993.020000003,6876848.47,0],[648992.479999997,6876849.19,0],[648995.140000001,6876851.45,0],[649002.759999998,6876857.92,0],[649005.170000002,6876859.97,0],[649025.75,6876876.77,0],[649043.240000002,6876876.59,0],[649044.090000004,6876875.94,0],[649052.829999998,6876869.16,0],[649059.079999998,6876864.3,0],[649063.109999999,6876861.18,0],[649069.859999999,6876855.94,0],[649072.259999998,6876854.07,0],[649072.909999996,6876853.51,0],[649077.130000003,6876849.8,0],[649077.600000001,6876849.39,0],[649080.079999998,6876847.22,0],[649084.950000003,6876841.76,0],[649088.43,6876837.19,0],[649089.119999997,6876835.92,0],[649091,6876832.49,0],[649092.340000004,6876829.7,0],[649097.229999997,6876819.57,0],[649099.979999997,6876813.84,0],[649102.5,6876808.58,0],[649103.390000001,6876806.72,0],[649103.729999997,6876806.04,0],[649105.340000004,6876802.71,0],[649107.25,6876798.76,0]]],[[[647962.270000003,6876861.93,0],[647957.619999997,6876860.33,0],[647942.060000002,6876868.58,0],[647947.399999999,6876880.42,0],[647951.509999998,6876889.53,0],[647952.369999997,6876891.44,0],[647952.43,6876891.58,0],[647958.950000003,6876905.51,0],[647965.609999999,6876919.72,0],[647967.740000002,6876924.29,0],[647972.399999999,6876930.35,0],[647972.469999999,6876930.49,0],[647978.229999997,6876943.24,0],[647992.090000004,6876935.71,0],[647993.109999999,6876935.15,0],[647995.219999999,6876933.99,0],[647994.020000003,6876931.36,0],[647993.609999999,6876930.47,0],[647989.840000004,6876922.2,0],[647984.549999997,6876910.64,0],[647978.18,6876896.75,0],[647971.710000001,6876882.58,0],[647966.630000003,6876871.48,0],[647962.270000003,6876861.93,0]]],[[[648102.210000001,6876908.55,0],[648106.57,6876905.59,0],[648111.950000003,6876915.76,0],[648155.869999997,6876867.82,0],[648157.990000002,6876865.5,0],[648181.880000003,6876834.09,0],[648194.380000003,6876817.95,0],[648197.310000002,6876788.72,0],[648197.329999998,6876788.55,0],[648187.710000001,6876770.1,0],[648165.780000001,6876728.07,0],[648160.369999997,6876717.7,0],[648154.799999997,6876707.03,0],[648148.770000003,6876695.48,0],[648137.329999998,6876673.53,0],[648131.909999996,6876663.14,0],[648127.799999997,6876662.15,0],[648107.689999998,6876675.53,0],[648093.420000002,6876685.03,0],[648080.020000003,6876693.94,0],[648070.030000001,6876700.57,0],[648061.030000001,6876706.57,0],[648051.950000003,6876712.63,0],[648042.619999997,6876718.85,0],[648030.060000002,6876727.25,0],[648025.759999998,6876730.14,0],[648013.649999999,6876738.32,0],[648004.5,6876744.51,0],[647992.469999999,6876752.57,0],[647992.229999997,6876752.71,0],[647978.82,6876760.08,0],[647965.899999999,6876767.19,0],[647952.759999998,6876774.43,0],[647943.149999999,6876779.73,0],[647940.93,6876781.22,0],[647939.619999997,6876783.8,0],[647939.68,6876786.32,0],[647948.07,6876805.08,0],[647951.920000002,6876813.71,0],[647960.609999999,6876833.15,0],[647964.719999999,6876842.36,0],[647969.969999999,6876853.82,0],[647983.07,6876882.44,0],[647996.420000002,6876911.63,0],[648021.32,6876965.23,0],[648023.579999998,6876968.74,0],[648025.270000003,6876969.51,0],[648027.109999999,6876969.76,0],[648028.369999997,6876969.33,0],[648041.810000002,6876961.62,0],[648078.700000003,6876940.49,0],[648084.979999997,6876936.25,0],[648098.020000003,6876927.3,0],[648107.100000001,6876921.08,0],[648108.100000001,6876919.98,0],[648102.210000001,6876908.55,0]]],[[[648007.600000001,6876961.03,0],[648006.100000001,6876957.77,0],[647997.619999997,6876962.41,0],[647992.090000004,6876965.43,0],[647986.700000003,6876968.38,0],[647981.219999999,6876971.38,0],[647980.520000003,6876971.75,0],[647975.590000004,6876974.44,0],[647968.93,6876978.07,0],[647968.170000002,6876978.49,0],[647978.18,6876998.36,0],[648013.93,6876979.31,0],[648014.530000001,6876978.41,0],[648014.850000001,6876976.32,0],[648007.600000001,6876961.03,0]]],[[[649153.880000003,6876897.78,0],[649164.18,6876891.61,0],[649175.149999999,6876885.03,0],[649187.850000001,6876877.42,0],[649165.530000001,6876858.38,0],[649158.869999997,6876852.73,0],[649146.149999999,6876841.87,0],[649132.939999998,6876830.65,0],[649132.759999998,6876830.5,0],[649135.350000001,6876826.66,0],[649136.140000001,6876825.49,0],[649138.57,6876821.88,0],[649142.899999999,6876815.47,0],[649141.060000002,6876813.93,0],[649135.869999997,6876809.56,0],[649142.43,6876799.79,0],[649143.329999998,6876798.42,0],[649142.270000003,6876797.33,0],[649137.479999997,6876794.6,0],[649141.829999998,6876789.15,0],[649138.119999997,6876786.44,0],[649137.390000001,6876785.97,0],[649136.950000003,6876785.68,0],[649136.469999999,6876785.42,0],[649136.039999999,6876785.21,0],[649135.450000003,6876784.95,0],[649134.689999998,6876784.7,0],[649134.140000001,6876784.53,0],[649133.43,6876784.35,0],[649132.5,6876784.22,0],[649129.799999997,6876784.09,0],[649129.359999999,6876784.3,0],[649124.960000001,6876786.47,0],[649124.789999999,6876786.56,0],[649121.020000003,6876790.87,0],[649118.240000002,6876794.88,0],[649114.43,6876800.4,0],[649114.240000002,6876800.68,0],[649109.310000002,6876810.56,0],[649106.420000002,6876816.37,0],[649103.329999998,6876822.59,0],[649101.710000001,6876825.9,0],[649096.700000003,6876835.97,0],[649094.100000001,6876841.22,0],[649087.399999999,6876848.07,0],[649080.609999999,6876855.02,0],[649071.579999998,6876864.24,0],[649071.450000003,6876864.37,0],[649036.689999998,6876891.9,0],[649032.439999998,6876890.44,0],[649028.07,6876888.92,0],[649026.149999999,6876888.26,0],[649016.240000002,6876879.59,0],[649006.100000001,6876870.73,0],[649005.969999999,6876870.13,0],[649002.710000001,6876867.27,0],[648998.350000001,6876863.46,0],[648990.350000001,6876858.9,0],[648986,6876858.09,0],[648969.490000002,6876855.02,0],[648966.109999999,6876854.86,0],[648965.090000004,6876855.04,0],[648962.57,6876855.49,0],[648959.399999999,6876856.06,0],[648941.530000001,6876863.72,0],[648975.049999997,6876920.96,0],[649011.420000002,6876983.05,0],[649025.259999998,6877006.66,0],[649027.009999998,6877005.65,0],[649042.090000004,6876996.69,0],[649057.359999999,6876987.63,0],[649080.770000003,6876973.76,0],[649093.640000001,6876966.11,0],[649107.159999996,6876958.09,0],[649126.439999998,6876946.64,0],[649128.710000001,6876945.28,0],[649135.539999999,6876941.22,0],[649162.060000002,6876925.15,0],[649147.939999998,6876901.34,0],[649153.880000003,6876897.78,0]]],[[[648473.560000002,6876993.77,0],[648472.219999999,6876991.42,0],[648449.469999999,6877002.41,0],[648447.829999998,6877003.2,0],[648445.390000001,6877007.03,0],[648443.159999996,6877010.53,0],[648446.57,6877017.24,0],[648450.509999998,6877024.95,0],[648457.82,6877021.13,0],[648457.869999997,6877021.04,0],[648460.700000003,6877016.1,0],[648463.789999999,6877010.74,0],[648468.130000003,6877003.2,0],[648473.560000002,6876993.77,0]]],[[[648415.170000002,6877045.95,0],[648426.049999997,6877040.69,0],[648419.759999998,6877028.07,0],[648417.840000004,6877024.21,0],[648416.259999998,6877021.09,0],[648405.409999996,6877026.46,0],[648397.600000001,6877030.32,0],[648394.039999999,6877032.02,0],[648396.219999999,6877036.55,0],[648399.810000002,6877034.83,0],[648400.990000002,6877037.23,0],[648404.810000002,6877035.37,0],[648408.579999998,6877043.04,0],[648412.740000002,6877041.03,0],[648415.170000002,6877045.95,0]]],[[[649449.590000004,6877002.24,0],[649462.049999997,6876993.32,0],[649462.200000003,6876993.21,0],[649468.18,6876979.85,0],[649469.170000002,6876978.33,0],[649480.100000001,6876961.71,0],[649479.509999998,6876958.48,0],[649472.380000003,6876949.71,0],[649465.259999998,6876954.65,0],[649458.32,6876960.18,0],[649461.659999996,6876965.77,0],[649459.909999996,6876966.9,0],[649452.710000001,6876971.6,0],[649449.759999998,6876973.53,0],[649436.869999997,6876981.96,0],[649431.939999998,6876985.17,0],[649420.609999999,6876992.57,0],[649418.420000002,6876994.01,0],[649417.890000001,6876993.23,0],[649413.390000001,6876986.57,0],[649411.259999998,6876983.39,0],[649421.539999999,6876976.77,0],[649418.32,6876971.88,0],[649410.630000003,6876976.9,0],[649403.350000001,6876981.63,0],[649398.590000004,6876984.73,0],[649379.659999996,6876997.08,0],[649379.689999998,6876997.12,0],[649379.710000001,6876997.14,0],[649381.329999998,6876999.45,0],[649387.350000001,6877008.02,0],[649392.960000001,6877016.01,0],[649379.770000003,6877025.13,0],[649376.68,6877027.26,0],[649375.079999998,6877028.43,0],[649380.659999996,6877036.88,0],[649365.909999996,6877047.41,0],[649365.25,6877047.89,0],[649361.909999996,6877050.27,0],[649367.990000002,6877059.13,0],[649369.609999999,6877059.45,0],[649371.07,6877059.08,0],[649387.200000003,6877046.95,0],[649387.280000001,6877046.89,0],[649405.689999998,6877033.71,0],[649410.799999997,6877030.05,0],[649424.670000002,6877020.1,0],[649435,6877012.71,0],[649449.590000004,6877002.24,0]]],[[[648376.439999998,6877054.99,0],[648383.579999998,6877051.51,0],[648384.43,6877053.26,0],[648391.600000001,6877049.8,0],[648398.659999996,6877046.39,0],[648395.07,6877038.83,0],[648389.719999999,6877027.6,0],[648382.600000001,6877031.09,0],[648375.329999998,6877034.65,0],[648368.280000001,6877038.1,0],[648361.240000002,6877041.55,0],[648363.329999998,6877046.02,0],[648357,6877049.05,0],[648355.630000003,6877046.25,0],[648343.380000003,6877052.37,0],[648345.700000003,6877057.06,0],[648343.090000004,6877065.38,0],[648350.380000003,6877067.87,0],[648357.770000003,6877070.37,0],[648365.140000001,6877072.88,0],[648368,6877064.84,0],[648369.829999998,6877059.75,0],[648369.240000002,6877058.5,0],[648376.439999998,6877054.99,0]]],[[[648416.479999997,6877088.07,0],[648418.530000001,6877089.53,0],[648420.520000003,6877086.03,0],[648424.07,6877079.85,0],[648428.090000004,6877072.89,0],[648431.969999999,6877066.12,0],[648435.82,6877059.41,0],[648439.219999999,6877053.51,0],[648443.039999999,6877046.88,0],[648446.159999996,6877041.42,0],[648438,6877036.79,0],[648426.880000003,6877042.35,0],[648423.369999997,6877044.1,0],[648417.390000001,6877047.06,0],[648416.590000004,6877047.64,0],[648414.359999999,6877049.25,0],[648407.07,6877045.34,0],[648402.920000002,6877052.02,0],[648403.289999999,6877052.22,0],[648401.32,6877055.59,0],[648399.369999997,6877054.59,0],[648398,6877056.96,0],[648396.630000003,6877059.34,0],[648398.479999997,6877060.43,0],[648396.579999998,6877063.91,0],[648392.950000003,6877061.83,0],[648386.18,6877057.92,0],[648385.329999998,6877057.42,0],[648375.399999999,6877062.12,0],[648374,6877065.99,0],[648370.810000002,6877074.95,0],[648379.140000001,6877077.84,0],[648386.469999999,6877080.38,0],[648393.939999998,6877082.98,0],[648401.369999997,6877085.56,0],[648406.859999999,6877087.47,0],[648407.729999997,6877086.06,0],[648416.479999997,6877088.07,0]]],[[[648402.450000003,6877117.33,0],[648407.359999999,6877108.8,0],[648407.829999998,6877107.11,0],[648410.399999999,6877098.84,0],[648403.380000003,6877096.36,0],[648400.789999999,6877095.44,0],[648397.009999998,6877094.1,0],[648393.460000001,6877092.83,0],[648390.789999999,6877091.89,0],[648388.079999998,6877090.93,0],[648384.439999998,6877089.63,0],[648380.810000002,6877088.35,0],[648377.899999999,6877087.32,0],[648375.450000003,6877086.45,0],[648371.619999997,6877085.09,0],[648369.119999997,6877084.2,0],[648363.049999997,6877082.05,0],[648354.810000002,6877079.12,0],[648352.43,6877078.27,0],[648350.464699998,6877083.2165,0],[648356.810000002,6877096.06,0],[648358.219999999,6877096.55,0],[648366.340000004,6877099.34,0],[648365.399999999,6877102.02,0],[648363.729999997,6877101.46,0],[648361.149999999,6877108.69,0],[648357.880000003,6877117.84,0],[648361.450000003,6877118.94,0],[648361.210000001,6877119.74,0],[648364.130000003,6877120.88,0],[648366.770000003,6877121.9,0],[648367.119999997,6877121.14,0],[648370.899999999,6877122.49,0],[648378.359999999,6877125.15,0],[648377.630000003,6877127.3,0],[648383.090000004,6877130.41,0],[648390.229999997,6877134.5,0],[648391.990000002,6877135.5,0],[648393.159999996,6877133.47,0],[648395.18,6877129.96,0],[648396.659999996,6877127.38,0],[648402.450000003,6877117.33,0]]],[[[649638.990000002,6877062.13,0],[649632.380000003,6877047.58,0],[649628.219999999,6877051.19,0],[649617.75,6877040.81,0],[649617.609999999,6877040.78,0],[649607.780000001,6877039.21,0],[649607.75,6877039.2,0],[649600.039999999,6877036.11,0],[649599.649999999,6877034.73,0],[649569.240000002,6877023.49,0],[649567.380000003,6877025.51,0],[649574.450000003,6877036.31,0],[649578.850000001,6877041.71,0],[649590.649999999,6877054.16,0],[649590.740000002,6877054.26,0],[649595.07,6877059.39,0],[649595.079999998,6877059.41,0],[649603.850000001,6877072.28,0],[649610.57,6877086.03,0],[649618.060000002,6877105.26,0],[649621.380000003,6877113.77,0],[649623.289999999,6877118.68,0],[649634.530000001,6877147.45,0],[649638.789999999,6877144.72,0],[649647.280000001,6877138.88,0],[649654.609999999,6877131.92,0],[649655.869999997,6877128.31,0],[649657.210000001,6877121.57,0],[649657.130000003,6877118.15,0],[649651.590000004,6877099.62,0],[649650.43,6877095.69,0],[649644.43,6877075.56,0],[649638.990000002,6877062.13,0]]],[[[649471.100000001,6877128.5,0],[649465.590000004,6877122.9,0],[649457.079999998,6877128.57,0],[649451.119999997,6877132.56,0],[649444.490000002,6877136.97,0],[649436.299999997,6877142.46,0],[649431.189999998,6877145.87,0],[649428.350000001,6877147.77,0],[649433.859999999,6877155.8,0],[649471.100000001,6877128.5,0]]],[[[649535.079999998,6877198.88,0],[649527.200000003,6877193.38,0],[649522.369999997,6877198.22,0],[649519.350000001,6877195.34,0],[649524.409999996,6877189.84,0],[649528.109999999,6877187.31,0],[649529.229999997,6877186.8,0],[649531.719999999,6877185.68,0],[649542.850000001,6877205.37,0],[649558.359999999,6877196.19,0],[649569.130000003,6877189.83,0],[649579.600000001,6877183.62,0],[649583.030000001,6877181.55,0],[649590.119999997,6877177.24,0],[649595.149999999,6877174.18,0],[649601.340000004,6877170.42,0],[649605.020000003,6877168.18,0],[649615.57,6877161.76,0],[649619.259999998,6877159.51,0],[649617.829999998,6877156.06,0],[649627.659999996,6877152.15,0],[649632.990000002,6877148.36,0],[649614.649999999,6877100.97,0],[649608.439999998,6877084.89,0],[649603.590000004,6877075.69,0],[649599.340000004,6877068.84,0],[649593.539999999,6877060.94,0],[649593.509999998,6877060.9,0],[649584.990000002,6877050.91,0],[649578.32,6877043.08,0],[649574.700000003,6877038.95,0],[649566.75,6877027.93,0],[649567.049999997,6877027.7,0],[649562.420000002,6877020.19,0],[649557.490000002,6877017.27,0],[649541.130000003,6877007.54,0],[649523.060000002,6877020.85,0],[649527.140000001,6877026.46,0],[649524.390000001,6877028.42,0],[649523.159999996,6877026.34,0],[649520.079999998,6877024.35,0],[649516.810000002,6877024.35,0],[649514.340000004,6877026.08,0],[649512.859999999,6877023.99,0],[649518.549999997,6877019.8,0],[649524.200000003,6877015.65,0],[649526.450000003,6877014,0],[649531.009999998,6877010.65,0],[649537.850000001,6877005.6,0],[649528.369999997,6876999.95,0],[649522.75,6876995.93,0],[649516.270000003,6876991.26,0],[649516.200000003,6876991.21,0],[649505.030000001,6876981.61,0],[649499.93,6876977.23,0],[649489.460000001,6876968.2,0],[649487.189999998,6876967.25,0],[649484.409999996,6876967.13,0],[649481.57,6876967.86,0],[649479.079999998,6876969.64,0],[649471.43,6876983.4,0],[649475.520000003,6876988.75,0],[649469.759999998,6876993.15,0],[649457.640000001,6877002.42,0],[649440.289999999,6877015.34,0],[649427.670000002,6877024.72,0],[649427.479999997,6877024.43,0],[649399.619999997,6877044.12,0],[649399.509999998,6877044.19,0],[649390.710000001,6877050.83,0],[649373.579999998,6877063.76,0],[649373.350000001,6877067.32,0],[649380.490000002,6877077.78,0],[649391.189999998,6877093.4,0],[649395.780000001,6877100.11,0],[649403.090000004,6877110.78,0],[649408.439999998,6877118.62,0],[649411.149999999,6877122.61,0],[649414.810000002,6877127.96,0],[649419.280000001,6877125.15,0],[649428.719999999,6877119.24,0],[649453.350000001,6877103.82,0],[649453.210000001,6877103.6,0],[649455.640000001,6877103.12,0],[649456.509999998,6877104.59,0],[649454.740000002,6877106.02,0],[649454.090000004,6877104.99,0],[649419.840000004,6877126.28,0],[649415.490000002,6877128.98,0],[649417.25,6877131.54,0],[649420.549999997,6877136.37,0],[649423.240000002,6877140.29,0],[649426.149999999,6877138.45,0],[649427.609999999,6877140.6,0],[649430.420000002,6877140.58,0],[649439.380000003,6877134.51,0],[649462.969999999,6877118.56,0],[649471.340000004,6877112.9,0],[649471.409999996,6877112.85,0],[649487.399999999,6877099.86,0],[649489.280000001,6877096.71,0],[649492.109999999,6877100.14,0],[649494.539999999,6877103.12,0],[649490.630000003,6877103.75,0],[649477.549999997,6877114.56,0],[649483.009999998,6877120.3,0],[649492.759999998,6877130.44,0],[649503.009999998,6877141.09,0],[649515.880000003,6877154.5,0],[649515.149999999,6877155.2,0],[649510.530000001,6877150.35,0],[649482.789999999,6877121.79,0],[649474.219999999,6877128.2,0],[649466.810000002,6877133.79,0],[649466.240000002,6877133.23,0],[649438.450000003,6877153.91,0],[649441.039999999,6877156.6,0],[649438.670000002,6877158.29,0],[649437.619999997,6877161.31,0],[649447.950000003,6877176.43,0],[649463.649999999,6877199.39,0],[649474.210000001,6877191.52,0],[649476.759999998,6877187.49,0],[649485.390000001,6877173.87,0],[649488.170000002,6877176.47,0],[649478.420000002,6877191.52,0],[649478.509999998,6877193.88,0],[649472.450000003,6877198.57,0],[649466.329999998,6877203.31,0],[649473.909999996,6877214.38,0],[649485.399999999,6877231.2,0],[649489.409999996,6877232.11,0],[649498.810000002,6877227.98,0],[649502.399999999,6877226.4,0],[649510.100000001,6877223.03,0],[649510.25,6877222.96,0],[649514.939999998,6877220.68,0],[649520.280000001,6877218.1,0],[649526.100000001,6877215.26,0],[649526.130000003,6877215.25,0],[649530.109999999,6877212.9,0],[649536.359999999,6877209.2,0],[649539.509999998,6877207.34,0],[649535.079999998,6877198.88,0]]],[[[649449.829999998,6877348.42,0],[649452.479999997,6877331.85,0],[649452.509999998,6877331.67,0],[649456.479999997,6877320.37,0],[649409.259999998,6877332.7,0],[649406.920000002,6877333.31,0],[649397.439999998,6877335.79,0],[649397.170000002,6877334.79,0],[649397.82,6877334.53,0],[649405.439999998,6877332.36,0],[649405.530000001,6877332.63,0],[649409.479999997,6877331.62,0],[649418.82,6877329.22,0],[649430.960000001,6877326.11,0],[649430.920000002,6877325.18,0],[649437.090000004,6877323.8,0],[649440.399999999,6877323.05,0],[649448.640000001,6877321.2,0],[649456.829999998,6877319.35,0],[649456.859999999,6877319.28,0],[649462.549999997,6877306.36,0],[649464.159999996,6877302.72,0],[649464.170000002,6877302.7,0],[649469.890000001,6877288.59,0],[649473.630000003,6877279.41,0],[649469.420000002,6877280.34,0],[649458.270000003,6877282.8,0],[649456.229999997,6877283.26,0],[649446.960000001,6877285.31,0],[649435.890000001,6877287.77,0],[649425.159999996,6877290.16,0],[649425.090000004,6877290.18,0],[649419.579999998,6877291.74,0],[649404.740000002,6877295.99,0],[649398.609999999,6877297.73,0],[649400.219999999,6877304.2,0],[649404.490000002,6877321.46,0],[649396.079999998,6877324.85,0],[649394.159999996,6877318.85,0],[649374.859999999,6877327.4,0],[649377.850000001,6877333.49,0],[649382.460000001,6877342.89,0],[649383.100000001,6877344.2,0],[649386.159999996,6877350.42,0],[649386.399999999,6877350.91,0],[649386.770000003,6877351.66,0],[649387.18,6877352.49,0],[649390.420000002,6877359.06,0],[649390.799999997,6877359.87,0],[649395.840000004,6877370.25,0],[649402.329999998,6877368.62,0],[649410.020000003,6877366.69,0],[649428.829999998,6877361.98,0],[649431.549999997,6877361.29,0],[649444,6877358.17,0],[649448.450000003,6877357.07,0],[649448.43,6877356.98,0],[649449.829999998,6877348.42,0]]],[[[649442.780000001,6877391.68,0],[649444.270000003,6877375.13,0],[649446.409999996,6877365.87,0],[649447.590000004,6877360.77,0],[649429.409999996,6877364.76,0],[649421.850000001,6877366.43,0],[649416.030000001,6877367.87,0],[649412.520000003,6877369.69,0],[649410.539999999,6877370.18,0],[649410.719999999,6877371.35,0],[649409.159999996,6877371.95,0],[649403.119999997,6877374.27,0],[649383.039999999,6877381.98,0],[649381.450000003,6877385.19,0],[649379.140000001,6877386.75,0],[649387.369999997,6877406.62,0],[649410.590000004,6877394.23,0],[649415.539999999,6877391.64,0],[649416.729999997,6877395.78,0],[649417.039999999,6877396.87,0],[649417.520000003,6877398.64,0],[649417.530000001,6877398.76,0],[649417.780000001,6877402.28,0],[649417.82,6877402.88,0],[649418.130000003,6877407.16,0],[649418.259999998,6877409.16,0],[649418.369999997,6877410.63,0],[649419.990000002,6877410.73,0],[649421.299999997,6877410.81,0],[649423.520000003,6877410.88,0],[649439.549999997,6877411.38,0],[649441.280000001,6877411.43,0],[649442.490000002,6877404.94,0],[649440.240000002,6877403.67,0],[649440.740000002,6877401.35,0],[649442.780000001,6877391.68,0]]],[[[649108.509999998,6877427.18,0],[649102.810000002,6877416.59,0],[649072.619999997,6877435.29,0],[649082.439999998,6877449.32,0],[649104.799999997,6877435.52,0],[649108.689999998,6877427.27,0],[649108.509999998,6877427.18,0]]],[[[649430.719999999,6877470.74,0],[649431.960000001,6877464.97,0],[649432.200000003,6877465.09,0],[649434.090000004,6877452.37,0],[649433.5,6877452.28,0],[649436.439999998,6877432.5,0],[649424.759999998,6877430.4,0],[649417.310000002,6877449.66,0],[649417.240000002,6877449.83,0],[649416.759999998,6877449.76,0],[649414.630000003,6877452.47,0],[649411.950000003,6877455.9,0],[649410.68,6877455.31,0],[649412.740000002,6877451.47,0],[649414.270000003,6877448.65,0],[649411.259999998,6877446.48,0],[649426.770000003,6877420.09,0],[649423.630000003,6877418.44,0],[649423.270000003,6877417.26,0],[649422.079999998,6877416.82,0],[649401.109999999,6877434.51,0],[649404.969999999,6877438.99,0],[649403.759999998,6877440.14,0],[649405.100000001,6877441.84,0],[649392.909999996,6877455.28,0],[649401.939999998,6877468.69,0],[649402.75,6877467.65,0],[649403.909999996,6877466.19,0],[649422.479999997,6877486.18,0],[649430.719999999,6877470.74,0]]],[[[649081.880000003,6877453.34,0],[649080.170000002,6877450.72,0],[649070.57,6877436.63,0],[649054.219999999,6877447.36,0],[649046.030000001,6877452.72,0],[649038.479999997,6877443.42,0],[649033.280000001,6877448.09,0],[649021.060000002,6877459.05,0],[649008.630000003,6877470.19,0],[649000.020000003,6877477.92,0],[648996.810000002,6877480.71,0],[648993.619999997,6877483.63,0],[648993.68,6877487.08,0],[648993.409999996,6877487.54,0],[649004.799999997,6877500.08,0],[649006.159999996,6877501.56,0],[649009.539999999,6877502.6,0],[649010.409999996,6877502.1,0],[649010.43,6877502.09,0],[649023.25,6877494.58,0],[649037.310000002,6877486.41,0],[649051.090000004,6877478.34,0],[649067.020000003,6877469.01,0],[649079.899999999,6877461.48,0],[649081.880000003,6877453.34,0]]],[[[649170.450000003,6877529.69,0],[649163.649999999,6877516.23,0],[649161.859999999,6877512.7,0],[649158.560000002,6877514.63,0],[649153.960000001,6877516.96,0],[649150.109999999,6877510.37,0],[649153.270000003,6877508.51,0],[649177.909999996,6877494,0],[649173.57,6877485.31,0],[649148.460000001,6877500.31,0],[649145.920000002,6877496.24,0],[649139.009999998,6877485.19,0],[649140.890000001,6877484.04,0],[649138.670000002,6877480.53,0],[649135.409999996,6877475.37,0],[649130.990000002,6877468.37,0],[649121.030000001,6877452.58,0],[649124.369999997,6877450.5,0],[649125.469999999,6877449.81,0],[649116.75,6877435.41,0],[649091.829999998,6877450.42,0],[649090.75,6877457.63,0],[649096.840000004,6877467.66,0],[649106.640000001,6877483.75,0],[649107,6877484.33,0],[649110.219999999,6877490.88,0],[649111.530000001,6877497.16,0],[649113.07,6877501.15,0],[649111.170000002,6877502.32,0],[649113.049999997,6877506.2,0],[649115.270000003,6877510.81,0],[649116.859999999,6877514.11,0],[649118.82,6877518.15,0],[649120.259999998,6877521.18,0],[649121.32,6877520.61,0],[649122.82,6877523.56,0],[649129.560000002,6877536.67,0],[649134.950000003,6877547.22,0],[649136.119999997,6877550.25,0],[649141.530000001,6877564.41,0],[649146.990000002,6877578.69,0],[649152.43,6877592.94,0],[649156.490000002,6877590.54,0],[649158.219999999,6877589.52,0],[649170.329999998,6877582.39,0],[649172.579999998,6877581.06,0],[649184.289999999,6877574.16,0],[649191,6877570.21,0],[649184.079999998,6877556.57,0],[649177.869999997,6877544.35,0],[649177.289999999,6877543.21,0],[649170.450000003,6877529.69,0]]],[[[649109.380000003,6877656.82,0],[649115.549999997,6877653.19,0],[649119.189999998,6877659.19,0],[649125.219999999,6877655.69,0],[649126.079999998,6877654.69,0],[649127.32,6877653.23,0],[649136.789999999,6877628.82,0],[649137.859999999,6877626.06,0],[649137.460000001,6877610.3,0],[649137.130000003,6877596.28,0],[649136.859999999,6877596.3,0],[649136.439999998,6877580.53,0],[649136.259999998,6877573.12,0],[649129.5,6877555.62,0],[649127.479999997,6877550.16,0],[649122.75,6877540.99,0],[649115.659999996,6877527.35,0],[649115.350000001,6877526.76,0],[649112.740000002,6877521.76,0],[649110.340000004,6877517.12,0],[649109.57,6877514.84,0],[649109.340000004,6877514.19,0],[649107.490000002,6877509.51,0],[649107.299999997,6877509,0],[649101.030000001,6877491.43,0],[649099.740000002,6877487.79,0],[649092.380000003,6877476.15,0],[649088.479999997,6877470.06,0],[649083.039999999,6877468.6,0],[649082.119999997,6877468.37,0],[649049.090000004,6877487.56,0],[649018.210000001,6877505.5,0],[649017.799999997,6877506.69,0],[649016.039999999,6877512.12,0],[649018.670000002,6877518.04,0],[649018.539999999,6877518.11,0],[649017.670000002,6877518.58,0],[649023.130000003,6877532.5,0],[649027.82,6877543.31,0],[649030.039999999,6877548.42,0],[649045.060000002,6877583.06,0],[649047.009999998,6877587.55,0],[649047.060000002,6877587.69,0],[649053.189999998,6877602.65,0],[649059.719999999,6877617.55,0],[649059.689999998,6877617.56,0],[649062.789999999,6877622.69,0],[649062.93,6877623.01,0],[649064.399999999,6877626.17,0],[649067.109999999,6877632.04,0],[649067.159999996,6877632.14,0],[649071.219999999,6877641.77,0],[649081.170000002,6877665.32,0],[649084.899999999,6877674.14,0],[649085.07,6877674.57,0],[649089.75,6877676.07,0],[649100.719999999,6877669.78,0],[649111.090000004,6877663.84,0],[649107.630000003,6877657.84,0],[649109.380000003,6877656.82,0]]],[[[649074.920000002,6877670.81,0],[649068.469999999,6877655.35,0],[649068.109999999,6877655.5,0],[649061.700000003,6877639.89,0],[649055.170000002,6877624.09,0],[649049.119999997,6877609.43,0],[649048.719999999,6877608.52,0],[649049.68,6877608.11,0],[649040.659999996,6877586.79,0],[649039.539999999,6877587.22,0],[649032.950000003,6877571.96,0],[649026.420000002,6877556.81,0],[649019.899999999,6877541.68,0],[649013.329999998,6877526.4,0],[649006.840000004,6877511.26,0],[649003.119999997,6877502.58,0],[648991.82,6877490.45,0],[648973.030000001,6877508.03,0],[648970,6877518.76,0],[648971.450000003,6877524.93,0],[648975.299999997,6877541.29,0],[648979.119999997,6877557.54,0],[648979.75,6877560.25,0],[648985.530000001,6877572.72,0],[648992.549999997,6877587.91,0],[648999.509999998,6877602.97,0],[649009.630000003,6877624.87,0],[649016.859999999,6877640.5,0],[649024.060000002,6877656.07,0],[649030.880000003,6877670.86,0],[649031.030000001,6877670.8,0],[649037.590000004,6877686.25,0],[649046.530000001,6877704.7,0],[649056.520000003,6877705.5,0],[649064.439999998,6877697.67,0],[649076.729999997,6877686.26,0],[649078.030000001,6877679.67,0],[649074.579999998,6877670.95,0],[649074.920000002,6877670.81,0]]],[[[649464.420000002,6877323.72,0],[649459.789999999,6877336.46,0],[649459.770000003,6877336.62,0],[649463.640000001,6877338.11,0],[649461.799999997,6877343.84,0],[649460.729999997,6877351.84,0],[649459.670000002,6877359.7,0],[649459.25,6877359.64,0],[649451.840000004,6877406.6,0],[649452.350000001,6877409.12,0],[649449.280000001,6877431.72,0],[649442.869999997,6877462.8,0],[649439.93,6877462.4,0],[649443.68,6877475.23,0],[649445.130000003,6877478.08,0],[649472.68,6877463.92,0],[649478.68,6877475.57,0],[649483.009999998,6877483.99,0],[649483.920000002,6877485.77,0],[649458.899999999,6877498.64,0],[649470.039999999,6877517.48,0],[649470.5,6877519.32,0],[649509.25,6877509.41,0],[649520.130000003,6877552.03,0],[649481.159999996,6877562,0],[649479.509999998,6877592.64,0],[649469.259999998,6877638.97,0],[649468.520000003,6877639.06,0],[649468.109999999,6877651.08,0],[649468.590000004,6877657.35,0],[649471.25,6877667.56,0],[649471.880000003,6877668.8,0],[649509.880000003,6877661.06,0],[649524.469999999,6877657.81,0],[649525.840000004,6877664.29,0],[649536.390000001,6877662.65,0],[649537.07,6877668.6,0],[649539.149999999,6877668.52,0],[649545.149999999,6877684.84,0],[649548.57,6877694.12,0],[649549.93,6877697.81,0],[649564.740000002,6877693.89,0],[649569.670000002,6877705.77,0],[649575.100000001,6877704.95,0],[649617.140000001,6877696.01,0],[649622.280000001,6877713.48,0],[649620.340000004,6877714.21,0],[649623.82,6877719.16,0],[649627.5,6877724.39,0],[649630.75,6877729,0],[649637.310000002,6877738.32,0],[649658.890000001,6877724.85,0],[649666.200000003,6877730.98,0],[649666.219999999,6877731,0],[649675.270000003,6877740.98,0],[649678.659999996,6877748.38,0],[649678.68,6877748.41,0],[649683.880000003,6877757.99,0],[649689.079999998,6877767.6,0],[649694.82,6877778.18,0],[649703.539999999,6877793.07,0],[649706.490000002,6877798.13,0],[649706.630000003,6877798.05,0],[649735.280000001,6877782.2,0],[649743.969999999,6877777.39,0],[649744.32,6877777.2,0],[649747.859999999,6877773.11,0],[649744.68,6877770.39,0],[649778.240000002,6877730.94,0],[649778.850000001,6877721.88,0],[649772.25,6877705.06,0],[649766.68,6877685.44,0],[649762.119999997,6877679.97,0],[649752.630000003,6877649.66,0],[649751.57,6877648.49,0],[649751.579999998,6877648.37,0],[649750.32,6877648.02,0],[649716.079999998,6877650.47,0],[649725.039999999,6877533.19,0],[649722.210000001,6877532.88,0],[649720.25,6877509.9,0],[649729.460000001,6877487.32,0],[649729.619999997,6877486.86,0],[649730.369999997,6877480.94,0],[649734.329999998,6877469.7,0],[649730.25,6877468.2,0],[649731.649999999,6877464.24,0],[649735.759999998,6877465.67,0],[649744.600000001,6877440.66,0],[649753.960000001,6877421.72,0],[649759.68,6877412.81,0],[649760.399999999,6877411.36,0],[649749.479999997,6877385.75,0],[649706.5,6877338.8,0],[649695.700000003,6877324.53,0],[649673.229999997,6877294.84,0],[649596.530000001,6877216.81,0],[649581.130000003,6877201.14,0],[649521.689999998,6877238.38,0],[649523.829999998,6877241.8,0],[649518.710000001,6877245,0],[649516.579999998,6877241.58,0],[649497,6877253.85,0],[649491.170000002,6877258.75,0],[649486.329999998,6877268.36,0],[649485.119999997,6877271.36,0],[649483.490000002,6877275.44,0],[649478.719999999,6877287.46,0],[649472.189999998,6877303.92,0],[649469.159999996,6877311.47,0],[649465.640000001,6877320.38,0],[649464.780000001,6877322.74,0],[649464.420000002,6877323.72,0]]],[[[649122.109999999,6877779.59,0],[649111.899999999,6877758.04,0],[649107.729999997,6877760,0],[649104.460000001,6877752.45,0],[649097.780000001,6877736.97,0],[649098.859999999,6877736.48,0],[649092.229999997,6877721.23,0],[649083.539999999,6877701.3,0],[649079.539999999,6877700.11,0],[649078.890000001,6877700.04,0],[649073.439999998,6877704.92,0],[649071.670000002,6877707.06,0],[649065.07,6877713.35,0],[649063.460000001,6877716.6,0],[649063.450000003,6877722.24,0],[649062.850000001,6877724.83,0],[649061.689999998,6877727.7,0],[649058.890000001,6877732.09,0],[649060.259999998,6877735.2,0],[649067.039999999,6877750.75,0],[649073.740000002,6877766.1,0],[649080.439999998,6877781.48,0],[649089.049999997,6877801.25,0],[649104.719999999,6877790.73,0],[649109.549999997,6877787.65,0],[649122.109999999,6877779.59,0]]],[[[649207.850000001,6877776.96,0],[649199.950000003,6877767.4,0],[649198.460000001,6877765.58,0],[649200.159999996,6877764.47,0],[649194.770000003,6877758.13,0],[649194.719999999,6877758.07,0],[649191.920000002,6877754.52,0],[649186.079999998,6877747.09,0],[649185.359999999,6877746.05,0],[649183.219999999,6877747.19,0],[649176.979999997,6877740.57,0],[649168.82,6877725.26,0],[649160.560000002,6877709.84,0],[649153.670000002,6877696.99,0],[649151.310000002,6877692.59,0],[649152,6877692.2,0],[649144.619999997,6877678.6,0],[649138.119999997,6877666.26,0],[649133.210000001,6877665.11,0],[649113.960000001,6877676.19,0],[649101.829999998,6877683.17,0],[649092.100000001,6877688.75,0],[649091.600000001,6877690.46,0],[649090.049999997,6877694.5,0],[649101.789999999,6877721.2,0],[649107.170000002,6877733.08,0],[649112.640000001,6877734.8,0],[649117.090000004,6877736,0],[649124.439999998,6877752.52,0],[649121.259999998,6877754.06,0],[649130.780000001,6877774.98,0],[649131.93,6877774.37,0],[649132.5,6877775.5,0],[649131.310000002,6877776.13,0],[649124.640000001,6877779.68,0],[649118.359999999,6877783.47,0],[649109.990000002,6877788.54,0],[649109.960000001,6877788.56,0],[649089.469999999,6877802.22,0],[649087.590000004,6877803.48,0],[649096.25,6877822.85,0],[649097.329999998,6877825.27,0],[649104.32,6877840.9,0],[649106.909999996,6877846.52,0],[649121.210000001,6877839.38,0],[649130.75,6877834.57,0],[649156.060000002,6877822.12,0],[649168.609999999,6877815.77,0],[649178.630000003,6877807.51,0],[649207.170000002,6877784,0],[649207.850000001,6877776.96,0]]],[[[649282.32,6877839.24,0],[649282.509999998,6877823.85,0],[649282.579999998,6877817.81,0],[649282.600000001,6877816.53,0],[649282.710000001,6877807.77,0],[649292.159999996,6877802.81,0],[649304.119999997,6877796.52,0],[649304.619999997,6877796.27,0],[649299.880000003,6877786.17,0],[649295.590000004,6877777.03,0],[649274.799999997,6877794.21,0],[649274.759999998,6877794.24,0],[649259.740000002,6877805.72,0],[649243.32,6877786.87,0],[649254.43,6877777.84,0],[649257.979999997,6877774.95,0],[649258.810000002,6877774.28,0],[649260.479999997,6877772.94,0],[649256.390000001,6877767.9,0],[649251.359999999,6877761.68,0],[649278.090000004,6877740.69,0],[649274.68,6877734.15,0],[649274.469999999,6877734.32,0],[649244.990000002,6877757.42,0],[649238.130000003,6877748.41,0],[649233.990000002,6877742.97,0],[649235.32,6877741.96,0],[649225.140000001,6877728.24,0],[649224.659999996,6877728.6,0],[649216.810000002,6877715.99,0],[649215.399999999,6877713.73,0],[649215.100000001,6877713.27,0],[649211.219999999,6877706.96,0],[649206.670000002,6877699.57,0],[649206.109999999,6877698.66,0],[649205.770000003,6877698.11,0],[649197.420000002,6877684.59,0],[649194.939999998,6877686.21,0],[649185.710000001,6877672.14,0],[649189.450000003,6877669.75,0],[649188.170000002,6877667.7,0],[649185.880000003,6877664.02,0],[649180.469999999,6877655.35,0],[649179.609999999,6877653.97,0],[649178.899999999,6877654.41,0],[649171.729999997,6877642.92,0],[649163.710000001,6877630.05,0],[649150.640000001,6877638.31,0],[649144.359999999,6877642.27,0],[649140.939999998,6877650.84,0],[649140.920000002,6877653.62,0],[649141.840000004,6877655.29,0],[649144.780000001,6877660.66,0],[649150.82,6877671.65,0],[649151.490000002,6877672.89,0],[649160.340000004,6877688.36,0],[649162.420000002,6877692.29,0],[649168.299999997,6877703.49,0],[649176.350000001,6877718.87,0],[649183.479999997,6877732.53,0],[649184.039999999,6877733.6,0],[649185.130000003,6877735.67,0],[649186.630000003,6877737.57,0],[649196.359999999,6877749.82,0],[649199.979999997,6877754.4,0],[649207.270000003,6877763.26,0],[649211.909999996,6877768.9,0],[649219.130000003,6877777.66,0],[649217.280000001,6877779.13,0],[649231.590000004,6877796.41,0],[649231.630000003,6877796.47,0],[649247.939999998,6877814.75,0],[649253.329999998,6877822.16,0],[649254.82,6877824.3,0],[649258.93,6877830.2,0],[649260.090000004,6877831.87,0],[649263.43,6877838.31,0],[649264.240000002,6877837.71,0],[649264.93,6877839.12,0],[649265.490000002,6877842.21,0],[649268.390000001,6877846,0],[649266.18,6877850.61,0],[649263.210000001,6877857.91,0],[649250.799999997,6877874.37,0],[649250.329999998,6877876,0],[649251.689999998,6877885.86,0],[649255.039999999,6877895.14,0],[649257.100000001,6877896.18,0],[649280.469999999,6877888.63,0],[649283.490000002,6877887.4,0],[649289.039999999,6877885.13,0],[649290.299999997,6877848.76,0],[649282.189999998,6877848.74,0],[649282.32,6877839.24,0]]],[[[649252.759999998,6877826.18,0],[649240.770000003,6877811.24,0],[649239.619999997,6877812.27,0],[649239.43,6877812.03,0],[649230.729999997,6877800.81,0],[649225.859999999,6877794.73,0],[649220.729999997,6877788.26,0],[649220.159999996,6877788.2,0],[649215.25,6877787.7,0],[649180.369999997,6877816.44,0],[649175.299999997,6877820.63,0],[649174.390000001,6877818.94,0],[649168.079999998,6877822.44,0],[649169.170000002,6877824.45,0],[649138.829999998,6877839.8,0],[649120.710000001,6877852.82,0],[649113.079999998,6877856.19,0],[649112.609999999,6877858.97,0],[649116.039999999,6877866.44,0],[649129.609999999,6877858.76,0],[649130.880000003,6877859.52,0],[649145.380000003,6877854.36,0],[649151.460000001,6877866.25,0],[649155.899999999,6877864.22,0],[649159.939999998,6877861.81,0],[649165.299999997,6877858.61,0],[649182.159999996,6877848.57,0],[649188.049999997,6877844.36,0],[649185.119999997,6877838.86,0],[649183.219999999,6877835.34,0],[649190.549999997,6877830.52,0],[649199.219999999,6877824.84,0],[649204.640000001,6877832.42,0],[649209.189999998,6877838.8,0],[649209.399999999,6877839.48,0],[649220.189999998,6877850.63,0],[649222.909999996,6877853.38,0],[649226.210000001,6877856.75,0],[649229.880000003,6877860.36,0],[649230.840000004,6877861.47,0],[649206.460000001,6877896.55,0],[649213.100000001,6877899.27,0],[649223.799999997,6877903.49,0],[649225.140000001,6877904.01,0],[649230.469999999,6877906.1,0],[649225.07,6877913.86,0],[649233.109999999,6877921.58,0],[649252.939999998,6877897.05,0],[649249.530000001,6877889.9,0],[649246.68,6877877.64,0],[649246.57,6877873.68,0],[649261.859999999,6877849.01,0],[649262.590000004,6877847,0],[649262.710000001,6877844.29,0],[649262.219999999,6877842.06,0],[649260.359999999,6877837.85,0],[649259.469999999,6877836.17,0],[649257.210000001,6877831.98,0],[649256.850000001,6877831.28,0],[649252.759999998,6877826.18,0]]]]},"properties":{"OBJECTID_1":871,"CODE_INSEE":"95598","GlobalID":"0cc54506-cd63-4579-a814-ff91d888c75a","DATE_DELIB":"Wed, 19 Nov 2025 00:00:00 GMT"}}]}