{"type": "FeatureCollection", "features": [{"type": "Feature", "properties": {"code_commune": "95014", "nom_commune": "Andilly", "date_deliberation": "Wed, 18 May 2022 18:30:00 GMT", "source": "CA Plaine Vallée, open data"}, "geometry": {"type": "MultiPolygon", "coordinates": [[[[2.29549063222566, 49.00050387257936], [2.2954444843312505, 49.00043993566438], [2.2953860035871188, 49.000459015841436], [2.2953769474116332, 49.00046166038071], [2.295305448500333, 49.00048327187031], [2.295215241711734, 49.000513765823584], [2.2952222273029808, 49.000522709296575], [2.29525890017156, 49.00056977491757], [2.295353169045067, 49.00054209241904], [2.295422447303106, 49.00052298572843], [2.2954760888956183, 49.00050801361686], [2.29549063222566, 49.00050387257936]]], [[[2.2972090907342837, 49.00513466772809], [2.2973959702479827, 49.005061485224694], [2.297345423593985, 49.00495849688271], [2.2973297280292946, 49.00492648221242], [2.2972011010501197, 49.004664411863295], [2.297008987839742, 49.004710316655306], [2.297060725882152, 49.00487670809658], [2.2970734319142143, 49.00491751778176], [2.297083902137641, 49.004951839890154], [2.2970882419898526, 49.00496445457254], [2.2971143995707406, 49.00504149220367], [2.297145557358029, 49.00513285691116], [2.2972010156647116, 49.005125358342575], [2.2972090907342837, 49.00513466772809]]], [[[2.2973038275624327, 49.00520428353049], [2.2972778624640626, 49.005183718917195], [2.2971727420053063, 49.00522491772216], [2.2972135914960434, 49.00525663008059], [2.297296642763956, 49.005321141748944], [2.297385108188742, 49.0052683351574], [2.297341289480473, 49.00523381785289], [2.2973038275624327, 49.00520428353049]]], [[[2.29856977474859, 49.005357454384885], [2.2985687503951135, 49.00533209003453], [2.2985688121439436, 49.00530727157069], [2.298568678942105, 49.00528676828442], [2.298563037888521, 49.00523889612996], [2.2985618903912366, 49.00523277464023], [2.2985580252171625, 49.00522546826464], [2.2985525976728174, 49.0052123976674], [2.2985480685630413, 49.0052036486384], [2.2985440016822, 49.00519103560923], [2.2985398381977484, 49.00517545454658], [2.298493421085948, 49.00518147788199], [2.298482055376835, 49.00518303006912], [2.298476577531413, 49.00518380736059], [2.298436862236386, 49.005189510153265], [2.29844471774442, 49.00521509428559], [2.298409112327738, 49.005220101706215], [2.2984150039511784, 49.00523928980636], [2.298357883760467, 49.00524839783849], [2.298349705149927, 49.00522649866701], [2.2982999993152533, 49.00523313216448], [2.2982746662154447, 49.005236580982945], [2.298280972668904, 49.00525541182191], [2.2982261710213665, 49.005264893040334], [2.2982023637363245, 49.00523633807487], [2.2981837992598213, 49.005214288238086], [2.2982333125022856, 49.00519155739335], [2.29819803201448, 49.005162395799815], [2.298175866115921, 49.00517422598366], [2.2981190059325356, 49.005204557320106], [2.298088716758365, 49.00522074622348], [2.298038192036979, 49.00524751764067], [2.2979843798168784, 49.00527480934695], [2.2979784615564713, 49.00527783212184], [2.297918867679566, 49.005308147371906], [2.297766661062316, 49.0053947522696], [2.2978345608094024, 49.00543759331464], [2.297830005611501, 49.00544089382615], [2.2978994940409407, 49.00545721676113], [2.297996054205577, 49.005483050021674], [2.298082102828067, 49.005406758816484], [2.2981435196364366, 49.00535280432602], [2.298104375789879, 49.00532631781598], [2.2981157889227495, 49.00532125893389], [2.298150588364029, 49.00530509639994], [2.2981575957568334, 49.00531251108645], [2.2981461789855158, 49.00531783972108], [2.2981254076841813, 49.00532760981415], [2.2981820208409447, 49.00536615826609], [2.2981971010759583, 49.005362829362014], [2.2982456280039525, 49.005352412236476], [2.2982179021901263, 49.00538120541701], [2.2981725746336226, 49.005427970242614], [2.2980672429338975, 49.005525280704106], [2.2980646953257833, 49.00553174027969], [2.298265736417128, 49.005513132770425], [2.2983024111470916, 49.00550993010945], [2.298419682662204, 49.00550009465398], [2.2984659257503393, 49.00549685795117], [2.2984607969197737, 49.00546166797574], [2.2985756093846463, 49.005451728071456], [2.298572670730861, 49.00539604839384], [2.29856977474859, 49.005357454384885]]], [[[2.298635339569001, 49.005593526419304], [2.298618673647946, 49.00557256683267], [2.2985253163102084, 49.00558281202355], [2.298545175803685, 49.005640568897995], [2.298515937935942, 49.00564975003398], [2.2985201864456792, 49.00565903695977], [2.2984535447619687, 49.00566467230292], [2.2984020945456316, 49.005668867718306], [2.298349819417678, 49.00567341798219], [2.2982805796720487, 49.00567912796428], [2.298293757163969, 49.00576607086341], [2.298304093613749, 49.005830606258016], [2.2983048608611236, 49.00584463876855], [2.298307739600433, 49.005864258864], [2.2983881189067144, 49.00586364968606], [2.2984613899116466, 49.00586308882902], [2.2985973982511676, 49.00586262480869], [2.2985899392389952, 49.0058380321758], [2.2986044510332366, 49.00583631851761], [2.298673724943234, 49.00582809069761], [2.2987961183942835, 49.005813518871214], [2.298848885895365, 49.00578262378163], [2.298803247008848, 49.005741082389946], [2.2987794872582037, 49.00571909222934], [2.298635339569001, 49.005593526419304]]], [[[2.301891206511734, 49.006140087892064], [2.3018107355875124, 49.00598477208774], [2.3017840259348987, 49.00598893302309], [2.301721670761106, 49.006001069585274], [2.3016554548078023, 49.00601570150059], [2.301674815883669, 49.00605996643479], [2.3016568618615856, 49.006063548822105], [2.3016019027514387, 49.006074559353884], [2.3015818925448266, 49.006078579381146], [2.3015819578940735, 49.00608388522918], [2.3016104382384976, 49.006232693964414], [2.301624215140651, 49.006295810268654], [2.301871479729884, 49.00627557728858], [2.301865328084221, 49.006173928327236], [2.3018637699046316, 49.00614748185091], [2.301891206511734, 49.006140087892064]]], [[[2.3117523828994, 49.013220458195704], [2.3117114028324597, 49.01315619842749], [2.3108809638023997, 49.013369495947735], [2.310560299907402, 49.01344840504576], [2.310909675253718, 49.01392565123665], [2.3110411406238485, 49.01388791903803], [2.3112198307191774, 49.01383526078397], [2.311711922733021, 49.01369465706534], [2.311762859577303, 49.013678133620665], [2.311857457338787, 49.01364738293995], [2.312025373055192, 49.01359268342516], [2.3117523828994, 49.013220458195704]]]]}}, {"type": "Feature", "properties": {"code_commune": "95555", "nom_commune": "Saint-Gratien", "date_deliberation": "Wed, 18 May 2022 18:30:00 GMT", "source": "CA Plaine Vallée, open data"}, "geometry": {"type": "MultiPolygon", "coordinates": [[[[2.2829562696997363, 48.96290968249194], [2.2827061564594517, 48.96283399688405], [2.2826067683094164, 48.96297980355198], [2.282606490223071, 48.96298016159646], [2.2825785996721764, 48.96302190073406], [2.282550980959531, 48.96306373141722], [2.2825285254363363, 48.96309758947987], [2.2824437247840708, 48.963225407930864], [2.282333908002165, 48.96338455104813], [2.282579417430789, 48.96345751202888], [2.282627920268957, 48.9633868497968], [2.2827561159277696, 48.963202187147424], [2.2828317800130162, 48.96309310858258], [2.282834565828664, 48.96308916845453], [2.2828910231547934, 48.96300614373857], [2.2829562696997363, 48.96290968249194]]], [[[2.288417857917174, 48.964712696192436], [2.2885084802897784, 48.964667551060444], [2.2884772829786506, 48.964641826746224], [2.2884428450314953, 48.964613385389946], [2.288381224071604, 48.964635141744765], [2.2881971839735735, 48.96470014572164], [2.2881901133890237, 48.96468787370571], [2.2881559502143074, 48.96462939833812], [2.2881681452302507, 48.96462650314057], [2.288139516072765, 48.964572826735484], [2.2881103480984444, 48.96451860756091], [2.288103635439569, 48.96452009646864], [2.2878819464298186, 48.96457174714752], [2.2879145899288855, 48.96462149067204], [2.287931702568594, 48.964618534771965], [2.2879599883396677, 48.964667353137955], [2.287964524451344, 48.96467520370514], [2.2879937103529233, 48.96466827277339], [2.2880246789961687, 48.96466081285772], [2.2880746931319957, 48.96464887973239], [2.2881066087862214, 48.964672000538705], [2.288166246018501, 48.96471533957041], [2.2882315588219377, 48.96476311867026], [2.2882663142012785, 48.96478832460196], [2.288417857917174, 48.964712696192436]]], [[[2.295107391507862, 48.96472486560225], [2.2949957593582555, 48.96462771797717], [2.294935816491055, 48.96465686154292], [2.294920144273561, 48.964664413173615], [2.294889071738202, 48.964679607954224], [2.294762858505569, 48.96474118502658], [2.2948215612203096, 48.96479341796491], [2.294850980295533, 48.964819579783644], [2.294868525428455, 48.96483506042173], [2.294867837716114, 48.96483541608502], [2.2949053715829018, 48.964867470841114], [2.2950338065994496, 48.96480320888377], [2.295137766654222, 48.96475103297139], [2.295107391507862, 48.96472486560225]]], [[[2.2930160361051986, 48.9654339468609], [2.292999566748884, 48.96541973127454], [2.2929991545983133, 48.965419908698166], [2.292974124297367, 48.965432620651264], [2.292932866406349, 48.96545351018019], [2.292801664013204, 48.965520091648216], [2.292763705648413, 48.96553938189477], [2.2926392424070143, 48.96560249578404], [2.2926396459961733, 48.96560294779807], [2.2927642017577514, 48.96571375268736], [2.2928582513766473, 48.965717724507705], [2.2930214079622195, 48.96561140391598], [2.293050485646149, 48.965592331018435], [2.2931349578555946, 48.96553725424997], [2.2930649016224556, 48.96547632062659], [2.2930160361051986, 48.9654339468609]]], [[[2.2944609414949984, 48.96569317187318], [2.294439960110593, 48.965669217864544], [2.294337275589647, 48.96570773179318], [2.294344128327417, 48.96571604537011], [2.294348424089083, 48.96572155617413], [2.294411288912267, 48.96579926299852], [2.2944530676173236, 48.96585067707212], [2.2944545454752605, 48.96585248429993], [2.2944959194380865, 48.96590353626771], [2.2945485721178804, 48.96587830683497], [2.2946011076979893, 48.96585163786349], [2.294499409653656, 48.96573692269231], [2.2944609414949984, 48.96569317187318]]], [[[2.295447195672674, 48.96583350042729], [2.2953821053776293, 48.96578887409241], [2.295256024217975, 48.96586070404674], [2.295251480856543, 48.965863375146945], [2.295280773934929, 48.965888816675616], [2.2953139800276463, 48.96591778832875], [2.295406694503792, 48.96585907142704], [2.295447195672674, 48.96583350042729]]], [[[2.2971664358499586, 48.96643197837333], [2.296915553516702, 48.966228622593725], [2.296545240670821, 48.966201361477296], [2.2964209394129345, 48.9661921791903], [2.2964531133972024, 48.96621673805588], [2.2963016259244022, 48.96629885151512], [2.296273970735199, 48.96631379690706], [2.2964618169118407, 48.966461749173654], [2.296488028189658, 48.96648285583237], [2.296595934887299, 48.966431870924204], [2.2966012940055385, 48.96642947433901], [2.296656278851072, 48.96640344833561], [2.2966781347432197, 48.966393145029436], [2.296883499708945, 48.96629614940022], [2.2969170248187147, 48.96628141813519], [2.297026609073284, 48.96636892963025], [2.2972207293597626, 48.966527798579435], [2.297317431503989, 48.96660848979909], [2.2975064209480913, 48.966763101628786], [2.2975942353481953, 48.96683447810625], [2.2976381825989503, 48.966816660258395], [2.2973874562254197, 48.96661159786942], [2.2971664358499586, 48.96643197837333]]], [[[2.2767992076868433, 48.96679397216784], [2.276750824764293, 48.966727584218184], [2.276547164862878, 48.96676790198976], [2.2765888653684585, 48.9668237282803], [2.276668640507077, 48.96693095252747], [2.2767466693069247, 48.96703609786197], [2.2768300850253698, 48.967146761147774], [2.276896759475159, 48.967125580762975], [2.276942583557629, 48.967110839285375], [2.276942857953186, 48.967110751013], [2.2770139176351223, 48.96708851788106], [2.2769302872547557, 48.96697362686752], [2.2768946356977673, 48.966924761538905], [2.2768617984345227, 48.966879780017294], [2.2767992076868433, 48.96679397216784]]], [[[2.2765296400624098, 48.96684944977429], [2.276478958240357, 48.966781429166446], [2.2763500801132133, 48.966806820262825], [2.2764169364044387, 48.9668903159906], [2.276490774526441, 48.966982486762326], [2.27647196652906, 48.966989387580774], [2.276482836156703, 48.96700330187688], [2.2764600650532345, 48.96701035863756], [2.276446160358355, 48.96704768427489], [2.276471147332967, 48.96707769070451], [2.276393875339405, 48.96710465215076], [2.276398437451743, 48.967110524915256], [2.2765162170277495, 48.96726438072612], [2.276537145749024, 48.96729157492451], [2.2765905216304247, 48.96727400148277], [2.2767302033865295, 48.96722808206798], [2.276699353362962, 48.967187518909604], [2.276763186162478, 48.967164432999446], [2.2766062011994928, 48.96695206840777], [2.2765992283267957, 48.966942763892035], [2.2765771056008046, 48.96691304454333], [2.2765737538644113, 48.96690852798716], [2.2765296400624098, 48.96684944977429]]], [[[2.2894097279485384, 48.96785710848966], [2.289311414150965, 48.96768521585135], [2.2893108666249207, 48.96768530253332], [2.289213950904679, 48.96771089680952], [2.289152469317836, 48.96773220471068], [2.289151234001353, 48.967732647021464], [2.2890417758615573, 48.967816439222894], [2.289060148331234, 48.967831296090296], [2.2891066110948324, 48.96786952051487], [2.2891957533022076, 48.96794297930587], [2.2892411322711443, 48.96798056776392], [2.289305467184155, 48.96794039215647], [2.289358662277615, 48.96792577956922], [2.2894368110481293, 48.96790421061059], [2.2894097279485384, 48.96785710848966]]], [[[2.2836045062896555, 48.96811869994661], [2.2835164084816477, 48.967999740351054], [2.2833709401819116, 48.96805948173098], [2.28336036192229, 48.968063914850724], [2.2834017988725335, 48.96811964715307], [2.283446858998455, 48.96818007726735], [2.283449405594725, 48.96818359961914], [2.28355733509185, 48.96833037509716], [2.2835824125572577, 48.968364067510464], [2.2836415409952373, 48.968444365414825], [2.2837684363361506, 48.9684042966492], [2.283808632729142, 48.968391497346126], [2.283755639152581, 48.968321937420946], [2.2836045062896555, 48.96811869994661]]], [[[2.2880714109363787, 48.96851903413617], [2.287999469307951, 48.96844630614789], [2.287981462061049, 48.96845465233384], [2.2879376159015576, 48.96847471540644], [2.2878760368119146, 48.96850303633504], [2.287893875058535, 48.96852697277688], [2.2879641503749695, 48.96862163299524], [2.288037269603011, 48.96859841641541], [2.288082814976936, 48.96858393883776], [2.288122871407336, 48.96857131711857], [2.2880714109363787, 48.96851903413617]]], [[[2.27999064010253, 48.96938534628382], [2.2799130749040244, 48.96926572796503], [2.2797620532376857, 48.96931167284233], [2.2797346808946597, 48.96935503289475], [2.279774804015603, 48.96940680174309], [2.2798028518901785, 48.96944285085144], [2.279806474736471, 48.96944754878501], [2.279991178944162, 48.9693858890778], [2.27999064010253, 48.96938534628382]]], [[[2.2919380961344875, 48.96913849696326], [2.291954213112303, 48.96893796627353], [2.2919007770021054, 48.96894016873002], [2.2919004377831467, 48.969005183532445], [2.291900042822428, 48.969064262858275], [2.2918997213490244, 48.969117947029986], [2.2918667478746655, 48.969132050644745], [2.2918089043047, 48.96915697841957], [2.2918079433580916, 48.9691573324509], [2.291816144718687, 48.96932734178075], [2.291816270272638, 48.96932815185968], [2.291814585390096, 48.969341540943645], [2.2918072272629626, 48.9694003992819], [2.2918069075566314, 48.96940381459688], [2.2917947911687104, 48.96950113332597], [2.2918475492590944, 48.96952869254279], [2.291847956546462, 48.96952887480038], [2.2919114235810985, 48.96954237877778], [2.2919175602814077, 48.96943279474979], [2.2919204081462343, 48.96938416138751], [2.2919380961344875, 48.96913849696326]]], [[[2.279626482387747, 48.969376145271006], [2.2795626419074124, 48.96930112278628], [2.2794343491781914, 48.96934306716228], [2.2793458484960767, 48.96937194138458], [2.2792974131509682, 48.96938774718378], [2.2792679128837077, 48.969397371897806], [2.279268988058936, 48.96939863733028], [2.2792763652413677, 48.96940839372678], [2.2792975569607363, 48.9694364882206], [2.2793324329158873, 48.96948247038719], [2.279333237429944, 48.96948355433956], [2.2794446728332716, 48.96944573534374], [2.2794538672262434, 48.96944264315503], [2.2795556970926447, 48.9694080037008], [2.2795736736229064, 48.969401996682194], [2.2796317279570846, 48.969382022001774], [2.279626482387747, 48.969376145271006]]], [[[2.2857658465578927, 48.96991843032702], [2.285710129325593, 48.9699175589484], [2.2855864165639126, 48.97001412246433], [2.2856090574119463, 48.970026487317135], [2.2856579971551065, 48.97005339703055], [2.285649027994089, 48.9700599981626], [2.285600428988732, 48.97009774755514], [2.285697489167256, 48.97015156208415], [2.2858457731341617, 48.97023508748049], [2.285887834918375, 48.97021582390511], [2.2859106518478653, 48.970205438371565], [2.2859263221038346, 48.97019824763358], [2.2860167677518923, 48.97015688040244], [2.2860159569130327, 48.97015624609076], [2.2859744322740077, 48.970116521199635], [2.2857658465578927, 48.96991843032702]]], [[[2.284583374466959, 48.97072251864916], [2.2845683284879637, 48.97070417384974], [2.284567093061761, 48.97070461611207], [2.284384956188309, 48.97076836640995], [2.284398351993548, 48.97078751072295], [2.2844535371711303, 48.97086679530353], [2.284480597107214, 48.970905445214306], [2.284491582764277, 48.9709210680084], [2.2844918534541594, 48.97092124947592], [2.2845346553477173, 48.970907836008394], [2.2845432996533765, 48.97090500993156], [2.2846943452313604, 48.97085735064221], [2.2846754013884962, 48.97083439636854], [2.2846494740693672, 48.970802767510136], [2.284604201917289, 48.97074755248164], [2.284583374466959, 48.97072251864916]]], [[[2.2724354793575445, 48.9736181805434], [2.272399321387601, 48.97356643347319], [2.272271263497982, 48.97360018825511], [2.2722704414434745, 48.97360036311996], [2.272247402511705, 48.97360678794953], [2.272439693797651, 48.97388312876297], [2.2725490908626083, 48.97404080345089], [2.2725540402702675, 48.974048297342875], [2.27259060472673, 48.974100316583815], [2.2726187351531846, 48.97414005470275], [2.2726950872277927, 48.974248069416646], [2.272838870548242, 48.97419372650892], [2.272784299481404, 48.97412037559831], [2.2727327599825937, 48.974045154588325], [2.272697813120507, 48.973994673942606], [2.272697412155883, 48.97399404202789], [2.2726834885698417, 48.973973814129906], [2.272578103372762, 48.97382227886978], [2.2724354793575445, 48.9736181805434]]], [[[2.292116237962492, 48.97468331739354], [2.2923524978442837, 48.974617806590494], [2.292365174726908, 48.9746298415304], [2.292566531271647, 48.97482032337623], [2.292620595324181, 48.97487279926399], [2.2926612226729612, 48.97485865070771], [2.292728804542726, 48.97483126211702], [2.292791466547942, 48.97480402433222], [2.2929121033938475, 48.97475266844004], [2.2929822818693983, 48.974715133382446], [2.293164038992339, 48.974619264449316], [2.293203017451781, 48.97459575369387], [2.2933038481823385, 48.97452413728006], [2.293482009534351, 48.974401268884655], [2.2935830980225034, 48.9743307328573], [2.293583954379874, 48.97427777151129], [2.2935082183744084, 48.97422175119518], [2.2933131654767576, 48.97407995792607], [2.2931440761614894, 48.97395765141454], [2.2929952976438077, 48.97384859356517], [2.2929712691240542, 48.973837570881415], [2.2929363802555294, 48.973831609954296], [2.292907467123312, 48.97382820217332], [2.292756120189266, 48.97393809869462], [2.2926615609186536, 48.973980525721394], [2.2926608742939156, 48.97398079145021], [2.292549816265419, 48.974031034577514], [2.292524524436085, 48.97404257577895], [2.2924831559852823, 48.974061036372234], [2.292304901781113, 48.97414046853242], [2.292188925779073, 48.974190682305135], [2.292188237924721, 48.974191037949936], [2.2921036978893103, 48.974229926617554], [2.291996372078426, 48.974276863992756], [2.2919944499984393, 48.97427757205503], [2.2919615038973347, 48.97428942765899], [2.2918393236389716, 48.97433375927835], [2.291786057753734, 48.974353138571296], [2.291798112117123, 48.97437074530985], [2.2918031984727887, 48.97437841904897], [2.2918286339486396, 48.97441651798434], [2.2917046579773777, 48.97446227767701], [2.291661418273707, 48.97447766945054], [2.291591549773117, 48.97450243609165], [2.2913863136007824, 48.97457685150874], [2.2912782772118647, 48.97461569070027], [2.291209226672049, 48.97464055187666], [2.2911805353754104, 48.97465090366588], [2.291089662280618, 48.974683279517116], [2.2914218528797234, 48.97509629381376], [2.2916675118963292, 48.97515322905898], [2.291735152851736, 48.975131596637375], [2.291990389459045, 48.97504704439364], [2.2919624446062237, 48.974992564188256], [2.2919046292976657, 48.97488458156612], [2.2918552395033767, 48.97478986775953], [2.2920268403207076, 48.97470769924966], [2.292113495088817, 48.97468411053943], [2.292116237962492, 48.97468331739354]]], [[[2.2931170891931583, 48.97501798907344], [2.2928957016606075, 48.97486381011679], [2.2927934267018832, 48.97494108298923], [2.2927375799580223, 48.974959368367514], [2.2925391566427544, 48.97502501315878], [2.292394674884223, 48.97507182163307], [2.2923395193972893, 48.97508948142206], [2.292099684535192, 48.975166571525925], [2.2920183438737034, 48.9751910908456], [2.2919287707468055, 48.97521825928949], [2.2918842913341186, 48.97523436322472], [2.2918467046916273, 48.97525590339128], [2.2918179402861454, 48.975281632224615], [2.291775632769766, 48.9753388450745], [2.291757194325037, 48.97536868152524], [2.2917376269399776, 48.97541119085603], [2.29172220392218, 48.975450307470695], [2.291718033746849, 48.975475641944335], [2.291713340468615, 48.97549926473671], [2.2917137894148785, 48.97551644323004], [2.291722783121954, 48.97556820371393], [2.2917370354042546, 48.975645084561506], [2.291743925722429, 48.975690807584726], [2.2917507504873478, 48.97575136798465], [2.291760052337749, 48.975830647583265], [2.2917686008017597, 48.97590506673133], [2.2917736204234567, 48.976007881601504], [2.291776799445373, 48.97605529128461], [2.291780275567335, 48.976090922436526], [2.2917973476579196, 48.97609120308594], [2.291845854055227, 48.976090410356306], [2.2918883465378195, 48.97608985188208], [2.291976890829695, 48.97603803773198], [2.2920120848128165, 48.976021699113154], [2.2920299292688315, 48.97601541970287], [2.2920360956903996, 48.976014017285145], [2.2921906769314724, 48.97597814988897], [2.292212602089605, 48.97597315349286], [2.2923960941888253, 48.975930891837855], [2.2924525528596047, 48.97591791586215], [2.2924817432513533, 48.97591107382978], [2.292511619062437, 48.97590405598142], [2.292665516669541, 48.97586818394125], [2.2927400584511393, 48.97585144765334], [2.2927919921646196, 48.97583970379886], [2.2928196725751504, 48.97583339233658], [2.2928410487824804, 48.97582857244089], [2.2929290233015878, 48.97580849804574], [2.293175818218996, 48.97575213027724], [2.2932795449638173, 48.97572891111726], [2.293313390386113, 48.975721286976686], [2.293315310056497, 48.97572075873149], [2.2934926104560094, 48.975651481167304], [2.2935108766133365, 48.97564430476172], [2.293540412007419, 48.97563215887879], [2.2935693985631223, 48.97562018960787], [2.293627232860882, 48.975586358383936], [2.2936421060963097, 48.975577543311964], [2.2937667532722803, 48.975502559708374], [2.2937937567524798, 48.975485722710246], [2.293644624771153, 48.97538214925322], [2.293584809698316, 48.975340610947924], [2.2933845190377387, 48.97520193452837], [2.293377616307287, 48.97519721771785], [2.2932349556748433, 48.97510006657555], [2.293194889514892, 48.97507294264385], [2.2931170891931583, 48.97501798907344]]]]}}, {"type": "Feature", "properties": {"code_commune": "95288", "nom_commune": "Groslay", "date_deliberation": "Wed, 18 May 2022 18:30:00 GMT", "source": "CA Plaine Vallée, open data"}, "geometry": {"type": "MultiPolygon", "coordinates": [[[[2.357667701254524, 48.980066937741356], [2.3577012691251276, 48.98004805341004], [2.357714324640865, 48.980041828572816], [2.357727114716337, 48.98003497283902], [2.3577505091349944, 48.98002124966513], [2.357778160598574, 48.98000575078029], [2.3577924644507964, 48.97999800389508], [2.3578241019500985, 48.979980547991985], [2.357852986170381, 48.97996478591429], [2.357863018507579, 48.979959983675094], [2.3578697489344353, 48.97995705218229], [2.3578917638754597, 48.9799444006943], [2.3579228526575773, 48.979927121677235], [2.35794265630681, 48.97991652661558], [2.3579683908070552, 48.97983501257668], [2.357976877139307, 48.97981158760583], [2.3579922227151227, 48.97976373977936], [2.3580664325061558, 48.97977258985706], [2.3580664647282026, 48.97980316448477], [2.358065703966432, 48.9798426374297], [2.358103188720271, 48.97981631017989], [2.358138739838961, 48.97979168114419], [2.3581544485137407, 48.979780794361204], [2.358168932160722, 48.97976954132221], [2.358173881103033, 48.9797670499047], [2.3582017177675816, 48.97974759521654], [2.358219215629293, 48.97973563889872], [2.358237544226907, 48.97972278777384], [2.3582619412483212, 48.97970529301673], [2.3582784717323295, 48.979694230763556], [2.358303685036478, 48.979677010138964], [2.3583133828318146, 48.97964396966033], [2.3583313013698985, 48.97959793404585], [2.3583514188341246, 48.97953977032913], [2.358371484080812, 48.9794858327967], [2.358481758795173, 48.97950584635524], [2.3584863055531557, 48.979491662538024], [2.358492695889698, 48.97947200316111], [2.3585023058505286, 48.979446066258575], [2.358521721168344, 48.979389427474736], [2.35854379410065, 48.97932776710164], [2.3585553745228913, 48.979330346922815], [2.358572318743383, 48.97928574484907], [2.3585790500384296, 48.97927166263149], [2.3586059039258527, 48.97919896704045], [2.358615601561732, 48.979176987287794], [2.3586171530446585, 48.979173038886934], [2.358627050523681, 48.97914593448108], [2.3586549460807174, 48.979077380987114], [2.3586557934504957, 48.979075137394446], [2.358669645647628, 48.979037532910084], [2.3586802571645666, 48.979007914416165], [2.358683022549305, 48.97900523145269], [2.3587121461482563, 48.97892571366046], [2.358718880687215, 48.97891136167326], [2.358742751229815, 48.978847912349245], [2.358744297146297, 48.978844413540564], [2.3587559714640065, 48.97881722868994], [2.3587616264536244, 48.9788017918288], [2.3587814144532255, 48.97874812248699], [2.358795769626388, 48.97871402773923], [2.358816541517501, 48.978658115522855], [2.358824284355799, 48.9786395424429], [2.3588404107153575, 48.97859475608333], [2.3588209240559124, 48.97859078515317], [2.3587674995791663, 48.97858042798559], [2.3587505923656433, 48.97862206278847], [2.3587471217972813, 48.97862654048384], [2.3587348722569463, 48.97865606031214], [2.3587117868829623, 48.97871124074744], [2.358706639333305, 48.97871876692455], [2.358691564465852, 48.97875582533756], [2.3586781820861433, 48.978788576398564], [2.3586607482869715, 48.97882858971712], [2.358653997099455, 48.97884429048733], [2.3586351361893754, 48.97888924204191], [2.358629818718467, 48.97889946505427], [2.3586191149746183, 48.97892548605622], [2.3585987102941655, 48.978973756570305], [2.3585833864787236, 48.9790088352821], [2.358563113898609, 48.979057466192735], [2.358558749303238, 48.9790679640705], [2.3585500811423628, 48.97908401428083], [2.358533195786145, 48.97912385065365], [2.35852009419118, 48.97915597371377], [2.35851981321189, 48.979156601685645], [2.358513392859607, 48.97916762811707], [2.3585032554008096, 48.97919203348254], [2.358485348253447, 48.9792371699505], [2.3584685060831245, 48.979273499468555], [2.3584528789123795, 48.979311004504844], [2.358436928224778, 48.979308311375625], [2.3584329733171723, 48.97930775067434], [2.358398094371205, 48.979300100360106], [2.358336346291829, 48.97928888916709], [2.3582819682849894, 48.97927825691814], [2.358292344660006, 48.97925664052303], [2.358322970606706, 48.97918828156661], [2.3583487220414727, 48.97912745021822], [2.3583609130788608, 48.9791026961487], [2.3583803262742222, 48.97905729797396], [2.358394387495862, 48.97902491028368], [2.3583981846109423, 48.97901611794977], [2.3584253307793017, 48.97895295598756], [2.3584289868394577, 48.978944522597494], [2.3584334292290015, 48.978938791160886], [2.3584501835465224, 48.97889850446957], [2.358480804635217, 48.97883050512589], [2.3585081182849557, 48.97876482613206], [2.358515545868955, 48.97874966853552], [2.358532433336763, 48.97870965231314], [2.358553787545167, 48.97866192642579], [2.3585661371737063, 48.978635374674525], [2.3585802447716127, 48.97859921035033], [2.3585875479132166, 48.97858306290719], [2.358591045124071, 48.97857642715948], [2.358604700711641, 48.97854367756249], [2.3585958469889152, 48.97854156194774], [2.3585841412332074, 48.97853808220776], [2.358530333680901, 48.97852556468585], [2.358466848380683, 48.97851128680814], [2.358443969997504, 48.97850540925244], [2.3584213637168943, 48.978499623072636], [2.3583494578978836, 48.97848134339614], [2.35828218221752, 48.97846425747021], [2.358208628371974, 48.978446688291676], [2.3581876624952236, 48.97844082091879], [2.35817350347885, 48.97843687838724], [2.3581130358758684, 48.97842162729142], [2.358064552758377, 48.97840940782403], [2.3580497162959153, 48.97840501202742], [2.35803432453747, 48.97840133265708], [2.3579670368463552, 48.97838523566262], [2.3579739980775347, 48.97837466177205], [2.3579782172300905, 48.97837594330356], [2.3580371998731935, 48.97838974772173], [2.3580848511298416, 48.978402951923854], [2.3581533538759984, 48.97842022437781], [2.3581691510172686, 48.9784242656017], [2.3581887608437766, 48.978429316397744], [2.3581982864447864, 48.978432334887536], [2.3582474548530272, 48.97844437811661], [2.358261756031639, 48.97844787177499], [2.3583223603123886, 48.9784631235262], [2.358357762898753, 48.97847257517204], [2.35838663960544, 48.97847947400286], [2.3584491519708335, 48.97849509559492], [2.3584496972755575, 48.978495188436305], [2.3584925997901185, 48.97850575925248], [2.358538514261711, 48.9785158066097], [2.358542735659207, 48.9785169082831], [2.3585823808050304, 48.97852575307369], [2.3585947640282754, 48.978529686061194], [2.358639443559213, 48.97854017640094], [2.358640260962523, 48.97854036062123], [2.3586676561838527, 48.97854554288821], [2.3587248711189877, 48.97855870803841], [2.35874033796637, 48.978523090509725], [2.3587445403597997, 48.97851466002766], [2.358764522711056, 48.978467376386746], [2.3587769232147844, 48.9784366883328], [2.3587806769586748, 48.97843140282477], [2.3588073025662317, 48.978366079763354], [2.358818388179027, 48.978342308897794], [2.358832320095759, 48.978309290970856], [2.358853425060538, 48.978259585332545], [2.358858870151515, 48.978250082386765], [2.358884489437037, 48.978188800544295], [2.3588939035790712, 48.978167628559724], [2.35889920872285, 48.97815839463843], [2.3589262804483835, 48.97809010639454], [2.3589306393422356, 48.978080058089155], [2.3589362099123434, 48.97807145505907], [2.358936494207867, 48.97807055732835], [2.3589533877849385, 48.978030001506696], [2.358961264865206, 48.978011608975144], [2.3589685833316896, 48.977994202632715], [2.3589802163094995, 48.97797034474479], [2.3590068314498382, 48.97790583088264], [2.35898064931613, 48.97790200404621], [2.3589745232930257, 48.977900262734124], [2.3589467041578143, 48.97789624729221], [2.3589168348870473, 48.977892310812145], [2.358912060469669, 48.97789174574559], [2.358880829620235, 48.97788744227955], [2.35884510311025, 48.97788212560093], [2.358791380639359, 48.97787383511599], [2.358758647188777, 48.977869523585895], [2.35873859775884, 48.977866898505134], [2.358709147201996, 48.97786224481124], [2.3586788825861795, 48.9778571371327], [2.358635787379687, 48.97785115152015], [2.35861710509189, 48.977848443803666], [2.3585776937128085, 48.9778428375672], [2.35855069979899, 48.9778383768204], [2.3585504277048432, 48.977838285440356], [2.358499017570251, 48.97783081651399], [2.358476240570087, 48.97782781710228], [2.3584750133729186, 48.97782763068906], [2.3584364238558386, 48.97782184895123], [2.358427423671929, 48.97782054186387], [2.3583726151767386, 48.97781170583143], [2.358320795288533, 48.977804234636466], [2.358286569292476, 48.97779910566733], [2.3582751169449314, 48.97779724590003], [2.3582321562158444, 48.9777914407111], [2.358210880757501, 48.97778853920715], [2.3581485636784616, 48.97777930319825], [2.3581420190092603, 48.97777827900341], [2.3580677043249443, 48.97776709032835], [2.358027199142637, 48.97776156798152], [2.3579954386979285, 48.97775591257372], [2.3579809822441513, 48.97775394677485], [2.357949595971041, 48.97780647485795], [2.357945134742009, 48.977813734907286], [2.3579292444498217, 48.97783936841363], [2.357896018928559, 48.97789701236095], [2.357891452185862, 48.97790175394214], [2.357865359929859, 48.97794594730788], [2.3578481901461577, 48.9779756205775], [2.3578323297523793, 48.9779988262521], [2.357816391575834, 48.978028326259135], [2.3577974370166674, 48.97805870936474], [2.3577719321213686, 48.97809957862354], [2.3577461173142917, 48.9781434137416], [2.3577185210712215, 48.978187688939165], [2.357701344456736, 48.978217901695345], [2.357681152555871, 48.97824890762758], [2.3577236315681853, 48.978260555555444], [2.3577819332195493, 48.97827417660544], [2.3578248331940435, 48.978284927500745], [2.357852478076063, 48.97829199971779], [2.3578501091646773, 48.97829576388632], [2.357834582938608, 48.978325086243274], [2.35781319603821, 48.97836435889636], [2.3578021832878395, 48.97838219501179], [2.35778039786309, 48.97837632317939], [2.357773049060984, 48.97837403571034], [2.3576924454835564, 48.97835211206897], [2.3576834596722525, 48.97834963597887], [2.35766531453691, 48.97838083271454], [2.357634087507063, 48.97843147311588], [2.357595017236785, 48.97849771845099], [2.3575745341738785, 48.978530161598435], [2.357537013078118, 48.97859263835699], [2.3575110812313533, 48.97863485413023], [2.357480115991153, 48.97868639513283], [2.3574642263144456, 48.97871193863759], [2.357439809224435, 48.97875317333036], [2.3574195947260463, 48.97878597758309], [2.3573971356093364, 48.97882353582988], [2.357372735090162, 48.97886342171974], [2.3573548761397993, 48.978893540829084], [2.3573426069939387, 48.97891352836278], [2.3573314340123774, 48.97893325199274], [2.3573294804074756, 48.97893656874937], [2.357319619136995, 48.97894964495935], [2.357297035503322, 48.978986213340924], [2.357272213896487, 48.97902699619837], [2.357262197086079, 48.979041600293286], [2.3572469835473195, 48.97906768693427], [2.3572269065221105, 48.97910040195779], [2.3572014273566597, 48.979139112999945], [2.3571799475217654, 48.97917478801932], [2.3571582211379183, 48.979208303514376], [2.357139256866292, 48.979239405834], [2.3571198560619067, 48.979272664008484], [2.357098392799581, 48.97930699022442], [2.3570794306806033, 48.9793379126938], [2.3570617157894302, 48.97936740304556], [2.35705114575652, 48.97938254370321], [2.357031604899122, 48.979416070883595], [2.3569998424419962, 48.979465719033406], [2.356975310272464, 48.97950515449144], [2.35696359504903, 48.979524515471375], [2.356917281297629, 48.97951356613451], [2.356912102497067, 48.97951254919752], [2.3568430155798765, 48.97949824044778], [2.356815753306407, 48.979493328257995], [2.3568317790341093, 48.97946787550928], [2.356853930020081, 48.979433193332476], [2.356866022814882, 48.979416442208176], [2.3568870464173717, 48.979384541651875], [2.3568924997739717, 48.97937440937273], [2.3569113109480893, 48.979344655148005], [2.356924398883692, 48.9793247619794], [2.3569453069453656, 48.97929115221764], [2.3569603585081347, 48.979267133024166], [2.356971226229462, 48.979250015620266], [2.356997116549645, 48.97921121690878], [2.3570097968272736, 48.979191141693704], [2.35702567797481, 48.97916631761244], [2.357030257143511, 48.979160586961186], [2.357057987757686, 48.97911658245152], [2.3570811158122087, 48.979080196885945], [2.357083324852344, 48.979078320301745], [2.3571113174654874, 48.97903521643042], [2.3571443234554437, 48.978984405872865], [2.357165487765654, 48.97895214631093], [2.3571913911373223, 48.97891226851877], [2.3572071088190376, 48.978889601730764], [2.357223700603693, 48.978862533301346], [2.3572519495135746, 48.97882077963743], [2.357291656785536, 48.97875831469192], [2.3573079374720853, 48.97873430202996], [2.357335110088859, 48.978691193701174], [2.357365186921827, 48.97864522332426], [2.357392357221112, 48.97860229481695], [2.357427429504496, 48.97855005643328], [2.3574689444415933, 48.97848499327408], [2.357488150324136, 48.97845641007656], [2.3575197762062, 48.9784066710997], [2.357543022441569, 48.9783717248571], [2.357576034256598, 48.978320374634826], [2.3575486648261155, 48.9783131239794], [2.357520611276321, 48.978305959578506], [2.357507002094273, 48.978301750137234], [2.357428645400389, 48.97828595325054], [2.3573917093484797, 48.978279011012454], [2.357387894468667, 48.97827818125084], [2.357371718752656, 48.97827161999476], [2.3573513045703947, 48.97829848813022], [2.357325729313717, 48.97833396141063], [2.3572804728174943, 48.97839226010817], [2.357247260848197, 48.97843767412565], [2.357188259112384, 48.978513794204616], [2.3571371270364208, 48.9785832120516], [2.357125064551833, 48.97859753540287], [2.357076020299645, 48.97866381703434], [2.3570635401812527, 48.978678767614944], [2.3570389463541925, 48.97871217780952], [2.3570100576939472, 48.978750420925294], [2.357003251731568, 48.97875946686537], [2.356998127290291, 48.97876510466979], [2.3569631234037827, 48.97881176793953], [2.35693018528215, 48.97880187947186], [2.3569118249030723, 48.97879521652091], [2.3568954957930366, 48.97879000325644], [2.3568811807662904, 48.97880971000255], [2.3568696489997016, 48.97882529512053], [2.356847980420767, 48.97885413478275], [2.356811254740753, 48.978907443220535], [2.356783314248589, 48.97894632083474], [2.3567541131110348, 48.97898770957983], [2.3567331307638675, 48.97901628312254], [2.3567126658780233, 48.97904719748444], [2.3566911181433974, 48.97907729671051], [2.356675290286177, 48.97909780463899], [2.3566524663147344, 48.979131673859875], [2.356625634009181, 48.97916929842471], [2.3565951686648106, 48.97921346801626], [2.3565737462671947, 48.97924446713881], [2.356567653247544, 48.979251088901734], [2.35654371402906, 48.97928675061429], [2.35652410306933, 48.97931488184523], [2.3565109128883988, 48.9793319867501], [2.3564787746804017, 48.97937884508019], [2.356457626470621, 48.97940975572389], [2.3564503926935862, 48.97942023813152], [2.356426946559425, 48.979416065724614], [2.3563789803838597, 48.979406186411424], [2.3563674011661586, 48.979403516461375], [2.356343835143513, 48.97939799452108], [2.3563606673460615, 48.97937362525824], [2.356383890296522, 48.979340657488876], [2.3564088181794616, 48.9793023932908], [2.356413111968999, 48.9792976503065], [2.3564621201470834, 48.97922336546542], [2.35647712404065, 48.97920321284634], [2.356505118337051, 48.97916001920258], [2.3565237641057495, 48.97913260219296], [2.356529185223044, 48.97912507757799], [2.3565612055475373, 48.979076689867966], [2.3565790082504603, 48.979051156749655], [2.356582484599638, 48.97904622952391], [2.356600309543686, 48.97901889802216], [2.3566200703123177, 48.978989688475885], [2.3566406428964957, 48.9789611127543], [2.3566699996348492, 48.97891819614563], [2.3567010222902334, 48.97887313026323], [2.356716299199108, 48.978852979072755], [2.3567239771565625, 48.9788397113524], [2.3567560981176796, 48.97879420171784], [2.3567599708921456, 48.9787903557113], [2.3567840496762478, 48.97875442491443], [2.3567856822511084, 48.9787549732182], [2.3568455533646713, 48.97877426840368], [2.3568478667371364, 48.97877500020667], [2.356862871464247, 48.978754757611846], [2.3568847942875335, 48.97872744803206], [2.3569073124573396, 48.97869618494062], [2.3569459269830624, 48.97864477501429], [2.3569507681977013, 48.97863994501799], [2.356982731096591, 48.9785961430432], [2.3570195162310683, 48.97854903968199], [2.3570560481129825, 48.9785003163006], [2.357078403895725, 48.978471120575826], [2.3571018702768143, 48.9784404919986], [2.3571249268199743, 48.978409861219596], [2.357143107687278, 48.978386847930835], [2.357168385421814, 48.9783533514459], [2.3571968594871007, 48.97831546575785], [2.3572043361407906, 48.978307412572505], [2.357142191002158, 48.97828423859351], [2.357097452134257, 48.97826754254737], [2.3570714866457383, 48.97825724185641], [2.357087030874547, 48.97823754166661], [2.3571224107061193, 48.978193578103365], [2.3571648717629965, 48.978140390199826], [2.3571865187391867, 48.97811325892316], [2.357223421045471, 48.97806768483411], [2.3572543604289997, 48.97802927278354], [2.3572749022624886, 48.97800312474225], [2.3572950331567513, 48.97797706442016], [2.35730875913791, 48.97796077160649], [2.3573886122320635, 48.97798808699905], [2.35743458482052, 48.97800442985038], [2.3574501499567373, 48.97798302114646], [2.357454848902534, 48.977978639990475], [2.357464987605638, 48.97796520554456], [2.3574842987769333, 48.977939140799535], [2.3575199935100337, 48.97789176164503], [2.3575430462290314, 48.97786140052712], [2.3575908052556622, 48.97779951810608], [2.3576242886090193, 48.97775419534842], [2.3576602507344373, 48.9777072672025], [2.3575992920863955, 48.97769866765608], [2.3575844391955365, 48.977695620585465], [2.357542162746488, 48.97768972888765], [2.3574981204914955, 48.977683018391296], [2.3574768384491582, 48.97768065627144], [2.3574563179650307, 48.97770509589241], [2.3574155390253884, 48.97775487577658], [2.357375084351277, 48.97780052083018], [2.3573427736153247, 48.977839375197114], [2.3573251883561834, 48.97785843501587], [2.3573046610592923, 48.97788341412128], [2.357265273430433, 48.977931133126205], [2.357243372270247, 48.97795673433358], [2.357208568024367, 48.977998362974496], [2.357193470418151, 48.97801509805131], [2.3571747566386323, 48.9780370293988], [2.357149649028547, 48.97806782905525], [2.357128575154491, 48.97809280519737], [2.3571005788147534, 48.97812520801102], [2.3570709009411033, 48.97816101895534], [2.357054553796853, 48.97817936596564], [2.3570542761421374, 48.978179724177515], [2.3569809998829934, 48.978150825172925], [2.356985845497948, 48.978145635496745], [2.3570160464720926, 48.97811171580205], [2.3570498368907318, 48.97807475788731], [2.357079750117756, 48.978042005657784], [2.357118674809188, 48.97799860063772], [2.3571265478902226, 48.97799162867995], [2.357171038904595, 48.97793998036977], [2.3571962374482296, 48.97791286811927], [2.357225331989906, 48.977880021537274], [2.3572495609191693, 48.977853983179166], [2.357279347298615, 48.977820420889344], [2.3573091403106967, 48.97778631907654], [2.357345420269194, 48.977746856506634], [2.3573923841359976, 48.977694052327415], [2.357413022348943, 48.97767114207358], [2.357367887314845, 48.97766442567514], [2.3573257697536376, 48.977656736250715], [2.35731106763466, 48.97767464249156], [2.357270715063458, 48.97772307573717], [2.3572256623589563, 48.97777598003417], [2.357197099826339, 48.97780999849559], [2.3571924064342307, 48.97781393004677], [2.357174644491603, 48.97783622619887], [2.357135806523517, 48.97788367833429], [2.3571161354403416, 48.97790569446986], [2.357083133648928, 48.97794517453599], [2.357028871875211, 48.97792528004105], [2.3569855038230387, 48.97790823159326], [2.356943354092599, 48.97789208891102], [2.356933109817076, 48.97790300484737], [2.3569092838375276, 48.97792958485182], [2.356898211034084, 48.97794121574336], [2.3568760631870083, 48.97796465736108], [2.356844899314861, 48.97799911141273], [2.35681790691192, 48.978027652770464], [2.3567884100121415, 48.97805986761822], [2.356770674519052, 48.97808000564795], [2.356747839091151, 48.97810380325269], [2.3567205455532383, 48.97813459109698], [2.3566835885135857, 48.97817351028625], [2.356666141728298, 48.97819239089691], [2.3566456473731985, 48.978214672310365], [2.356593414491998, 48.97819640715592], [2.3565577714907326, 48.97818434586909], [2.356524728411188, 48.978171938818164], [2.356482834002828, 48.978157236148434], [2.356459439648987, 48.97814892746667], [2.356431138740177, 48.97813969320604], [2.356388942344433, 48.97819351174906], [2.3563853517003386, 48.97819663985932], [2.3563605033891815, 48.978228519840336], [2.356330092935226, 48.97826828337077], [2.3563163721339775, 48.97828412647255], [2.3562923556072506, 48.97831502172557], [2.3562630634908874, 48.978352722962406], [2.3562523868981597, 48.97836543501726], [2.356226694302426, 48.97839928878555], [2.3562198971595985, 48.97840761533197], [2.356157721152055, 48.978386958577886], [2.356134948394791, 48.978416691447855], [2.3561252435763733, 48.97842814975686], [2.3560656626011727, 48.978506784083855], [2.356060277130184, 48.978511431273795], [2.356034454417901, 48.9785447447489], [2.3560031960532375, 48.97858675175981], [2.3559951694153054, 48.97859507169167], [2.355968803546538, 48.97862811245948], [2.355933811084951, 48.978673786325885], [2.355920357692665, 48.97869008043826], [2.3558799462055857, 48.97874309903852], [2.355866365089278, 48.97875867305833], [2.3558481701537906, 48.97878276517344], [2.3558128964718565, 48.97882906696373], [2.3557981957290743, 48.978846793161466], [2.355744014926009, 48.97891952125574], [2.355737514253843, 48.978925960939584], [2.3557105648508654, 48.978961966031804], [2.3556815418136963, 48.97899993832804], [2.355650031974959, 48.97904014538218], [2.355598962283488, 48.979027191631914], [2.355583849298624, 48.97902306382212], [2.3555540342658827, 48.97901472047947], [2.3555781792406436, 48.978984545480216], [2.355586353758774, 48.97897532712343], [2.355631477172964, 48.97891693844418], [2.355648810267546, 48.978896258883516], [2.3556984905362808, 48.978833937953944], [2.355717221945068, 48.97881065806837], [2.3556844552208767, 48.978797982503714], [2.355633581446048, 48.97878026379261], [2.3556184830226177, 48.97877496703938], [2.355542713283324, 48.9787488414525], [2.3555356405468277, 48.97875734632758], [2.355525125941336, 48.978767990910065], [2.3554690714024167, 48.97883756144633], [2.3554560499373935, 48.978852059326464], [2.35542942488294, 48.97888392955304], [2.3553984736054523, 48.97892315037287], [2.3553815747512856, 48.978941853881686], [2.3553682320709477, 48.97896021679843], [2.3553292969318873, 48.978949216564594], [2.3552875165323988, 48.97893631260174], [2.355263152400914, 48.97892907758111], [2.35525077045005, 48.978925054332194], [2.355212980361584, 48.97897592859114], [2.3552077269085263, 48.97898093615089], [2.355163151613978, 48.97903914776662], [2.3551441321614703, 48.979063595038454], [2.355110087108518, 48.97910990321901], [2.355083165068951, 48.97914366019026], [2.355042764649086, 48.97919568937748], [2.3550227553689798, 48.97922282905357], [2.355016655459268, 48.979229990251525], [2.355005548479202, 48.97924431852242], [2.3549647414340376, 48.979296075718096], [2.354924340777158, 48.97934810485799], [2.3549126761625403, 48.979363329369605], [2.354846418099292, 48.97934130113193], [2.354839610566728, 48.97935043686316], [2.3548233553353275, 48.979372291121905], [2.3548032327075066, 48.97939754172467], [2.354786409813283, 48.979421101498076], [2.354760848998047, 48.97945522541037], [2.354740569607637, 48.97948209380644], [2.354726854699592, 48.97949739719485], [2.354701441578132, 48.9795306226377], [2.3546916174920023, 48.97954064138123], [2.3546746846892725, 48.97956204234703], [2.354656520181629, 48.979583616533695], [2.3546430494059583, 48.979601259272535], [2.3546112852842778, 48.97963984602093], [2.354591052641412, 48.97966293779311], [2.3545703733115952, 48.97968899468011], [2.354559559423572, 48.97970170583334], [2.3545549933347067, 48.97970635736056], [2.3545370907737335, 48.97972883218522], [2.354517244432692, 48.97975381444495], [2.354495613248108, 48.97977950649582], [2.3544813506447357, 48.97979489683044], [2.3544742731250192, 48.97980376131016], [2.3545615877166237, 48.979813403476825], [2.35456554373758, 48.97981387438657], [2.354636469981049, 48.97982306862101], [2.3546847585475623, 48.9798289936656], [2.35470220294725, 48.97983241472692], [2.3547519473226712, 48.97984212442117], [2.3547701979785276, 48.979846628908], [2.3548157265339236, 48.97985478717644], [2.354861391710855, 48.979862946162235], [2.354875414257309, 48.97986688834476], [2.3549362868333072, 48.97988259285005], [2.3549411890695944, 48.979883878159484], [2.3549895384526325, 48.979895918299995], [2.3550702698493944, 48.97991865373012], [2.355137379626235, 48.979938168509555], [2.355144724071028, 48.97994081581227], [2.3551493508718617, 48.97994227948219], [2.355267926545191, 48.979975919266764], [2.3552687417283678, 48.979976283347554], [2.3552811027381897, 48.97998201504941], [2.355325849190382, 48.97999817223276], [2.355321576971474, 48.98001217755396], [2.3553435339859945, 48.98001526307266], [2.3554007034207762, 48.980021145626715], [2.3554084677501286, 48.980022985845316], [2.355430947786643, 48.98002796258068], [2.355494030972652, 48.98004170032958], [2.35553201405611, 48.98005242560466], [2.3555386676938808, 48.980055698645614], [2.3555697161355003, 48.98006377883205], [2.355654655018611, 48.980088784586954], [2.355671523040335, 48.98009463038112], [2.3556738353403066, 48.980095452124694], [2.3557258300303086, 48.98011101861331], [2.3557802703187414, 48.98012767731091], [2.3558013576088763, 48.98013480469312], [2.355867481594882, 48.98015674173452], [2.3559121018006803, 48.98017208869317], [2.3559416153678026, 48.980182768361566], [2.3559422961793794, 48.98018295186648], [2.356003041753171, 48.980197935741415], [2.356038735027171, 48.98020604073992], [2.3560479920690383, 48.98020869825328], [2.3560749602621502, 48.980215317606216], [2.356084226219701, 48.98021725576579], [2.3561154270463533, 48.98022407767887], [2.3561684239235987, 48.980235962432815], [2.35618053861067, 48.98023953452136], [2.3562128211908933, 48.980247261463], [2.356236256545302, 48.980252333097184], [2.3563080452810365, 48.98026917457505], [2.356367848165333, 48.98028307410644], [2.3563735701246324, 48.980284363754585], [2.356440465543546, 48.98029920055138], [2.3564475402291594, 48.98030157655109], [2.3565027196555417, 48.98031374263889], [2.3565061270720506, 48.980314390390944], [2.3565697673422337, 48.98032732123186], [2.3565806603944353, 48.98033025725309], [2.3566421183064143, 48.9803429065754], [2.3566763302332703, 48.9803492948656], [2.3567146103742203, 48.980358132932196], [2.3567312365468984, 48.98036145938253], [2.3568018306131497, 48.98037550648553], [2.356843120634195, 48.980384000949556], [2.356844483381702, 48.98038427803028], [2.3568679177468694, 48.98038943945929], [2.356904984048905, 48.98039701200927], [2.356944782534361, 48.980404599193726], [2.3569488718929112, 48.98040534051349], [2.356969594129952, 48.98040886873712], [2.3570139162935604, 48.9804152211993], [2.3570390222523225, 48.980417783734346], [2.3570535007565523, 48.98040698043106], [2.357075410623009, 48.98039181063786], [2.3571054382190493, 48.98037200825443], [2.357120184352624, 48.98036165600121], [2.3571309343554137, 48.98035407000057], [2.3571614783138726, 48.98033669834026], [2.3571914680335255, 48.98031995317592], [2.357196693628267, 48.980317193507425], [2.357206601718675, 48.98031140148509], [2.357211813966755, 48.98030972084239], [2.357234378986787, 48.9802968026506], [2.35725778254945, 48.980282360225154], [2.3572869625645856, 48.98026480137454], [2.357304023188274, 48.98025509097226], [2.3573473627636656, 48.98023041397979], [2.3573774978645967, 48.98021295014805], [2.3573919406650554, 48.980205024206136], [2.3573993686434136, 48.98020092745383], [2.357419443496455, 48.98019051378263], [2.3574386731245194, 48.98018216385192], [2.357471937923028, 48.98016570593331], [2.3574937975442793, 48.98015458241025], [2.35751895464328, 48.980141947821465], [2.357532150146891, 48.9801354539796], [2.3575531812032597, 48.980125045406766], [2.357572293072367, 48.980115166101335], [2.3575864492632213, 48.980108317698836], [2.357602255858344, 48.98010057888429], [2.3576193052555667, 48.98009176762462], [2.357636065872672, 48.980084213764], [2.3576384015412177, 48.9800831471729], [2.3576448554471177, 48.98008048398675], [2.357667701254524, 48.980066937741356]]], [[[2.3575592161773264, 48.979669967990795], [2.3575631900998846, 48.97965793933872], [2.3576028215014433, 48.97966795338969], [2.357629252075843, 48.97967385011894], [2.3576206222446316, 48.97970887460999], [2.3576076864597377, 48.979749631232664], [2.3575864428972535, 48.97982145736786], [2.3575757127787167, 48.97986060714739], [2.3575580021272056, 48.97992292015515], [2.3575418763669904, 48.97997858720555], [2.3575213256622733, 48.980049607701766], [2.3574786352594628, 48.98004389363745], [2.3574433072285452, 48.98003938801728], [2.357455964441139, 48.9799990795545], [2.3574788720003883, 48.97992528401871], [2.3574979443734296, 48.97986333801512], [2.357518413894396, 48.9797988815916], [2.3575306267124803, 48.97976135840351], [2.3575351715293795, 48.9797473544636], [2.3575522556954316, 48.9796915126854], [2.3575592161773264, 48.979669967990795]]], [[[2.35629101551937, 48.97859971707594], [2.356292401603475, 48.9785981058642], [2.3563691533378637, 48.978622167974756], [2.3563737789423063, 48.97862372151827], [2.3563490302773054, 48.97865856954425], [2.356324466067063, 48.9786895517799], [2.3562827386896967, 48.97874957760063], [2.35627011503613, 48.9787650668784], [2.356232303786963, 48.97881773984594], [2.356217151053975, 48.978838880817435], [2.3561320840217785, 48.978813335184256], [2.3561514062013895, 48.978786461403665], [2.3561839251916594, 48.97874194322863], [2.3561948895663476, 48.97872806370369], [2.356221419790153, 48.978692775647396], [2.3562455987528663, 48.97865981301556], [2.356251414081357, 48.97865354947514], [2.356273785973238, 48.978623095038444], [2.35629101551937, 48.97859971707594]]], [[[2.3581795942057266, 48.978939321729115], [2.3581946050914424, 48.97890747868889], [2.358236165162862, 48.97891615398493], [2.358250611957212, 48.978918929021916], [2.3582931360517296, 48.97892697998079], [2.3583150750219994, 48.97893150366274], [2.3583084658723257, 48.97894675554776], [2.358295242010381, 48.97897770891098], [2.35827618080516, 48.97901672428847], [2.3582511712094982, 48.97907279357535], [2.3582284116414978, 48.97912365924645], [2.3582073212727517, 48.979172105868734], [2.358202031447221, 48.97918008088497], [2.3581785532242434, 48.97923382029432], [2.3581681590399772, 48.97925687538359], [2.3581583445326078, 48.97925511429751], [2.358139817248341, 48.97925087861868], [2.3581058790757563, 48.97924449220124], [2.358046721078146, 48.97923374434194], [2.3580442677310245, 48.97923328158827], [2.3580601239608754, 48.97919937482353], [2.3580803604187874, 48.9791537113307], [2.3580846906913324, 48.979146000959574], [2.3580994284843197, 48.97911415647545], [2.3581204933891593, 48.97906777800619], [2.3581392859617525, 48.97902840151748], [2.3581606528765646, 48.978979686605456], [2.3581795942057266, 48.978939321729115]]], [[[2.349828005018307, 48.9783474223424], [2.3498073976970932, 48.97833481106229], [2.3497759732189127, 48.97835694214538], [2.3497253999960823, 48.97839182870108], [2.3497185068344435, 48.97839682713691], [2.349695068274852, 48.97841396568594], [2.349646286537896, 48.97844760296818], [2.349581780035509, 48.97849329485163], [2.3495360293119796, 48.97852488024563], [2.349501985501331, 48.978548885476926], [2.3494865485939505, 48.978559772621004], [2.3494042690995856, 48.978617417979265], [2.3493517570293414, 48.97865436213212], [2.349306269100741, 48.97868675818603], [2.34926148327447, 48.97871762930507], [2.3492125576124883, 48.97875180517387], [2.3491931207812597, 48.97876572802963], [2.3491564564018117, 48.978791697292394], [2.349109458826951, 48.978824624628196], [2.3490492244134047, 48.97886728194363], [2.348991758033168, 48.97890707664895], [2.348917877912466, 48.97895937174255], [2.34888163997012, 48.978983994357314], [2.3488788819658333, 48.97898604766253], [2.3488362779260377, 48.97901720023459], [2.3487857296256873, 48.97906089916635], [2.3487013558052876, 48.97913292065622], [2.348656482467738, 48.97917071529103], [2.3485999775680524, 48.979220946322016], [2.348560615635587, 48.97925499399673], [2.348534230950578, 48.979278231210166], [2.348458106878633, 48.9793459809206], [2.348428672811593, 48.97937270862158], [2.3484112282617273, 48.97939113841592], [2.348373464960362, 48.979439312931845], [2.348331410428967, 48.979491960371455], [2.348295325717081, 48.97953699660356], [2.3482759054359446, 48.97956045144108], [2.3482664718840285, 48.97957191058627], [2.348151654617197, 48.97971831406083], [2.34809519628093, 48.97978653007958], [2.348059374222802, 48.97983237698245], [2.3480475033353203, 48.9798638761271], [2.348078894902623, 48.97987717577287], [2.3482043416403084, 48.9799290247475], [2.3482784329149085, 48.97995811335548], [2.3483748027511435, 48.979997304605185], [2.3484809769146624, 48.980039066922686], [2.3485386077300205, 48.98006258054393], [2.348584958764447, 48.98008135678838], [2.348636476133356, 48.980102139415386], [2.3487232014356594, 48.98013696161181], [2.3487748543962246, 48.9801578348388], [2.3488176718206413, 48.98017515300902], [2.3489231557783583, 48.98021754065204], [2.348944359624265, 48.98022619860004], [2.348986224283733, 48.98024324176274], [2.349055137721542, 48.98027131260378], [2.3491044787440427, 48.98029136381517], [2.34914716541019, 48.98030823153044], [2.349219351991634, 48.980336769657626], [2.349261766641454, 48.98035354593039], [2.3493289269785986, 48.98037980860175], [2.349353238378918, 48.98036941925217], [2.349504682322545, 48.980298210718665], [2.3496575099341865, 48.98022557069422], [2.349809926170049, 48.980153018167684], [2.3499518844467318, 48.980086433744376], [2.3500501369208364, 48.98004074471435], [2.3501366943895374, 48.98000164669182], [2.3502842594778275, 48.97993455269467], [2.3503576146365894, 48.97990239714912], [2.3503712185478776, 48.97989608615057], [2.350489248464021, 48.97984196098941], [2.350559319180084, 48.97981023716033], [2.3507030345991384, 48.979745010224], [2.3508425036209046, 48.97968065938355], [2.3510168645819363, 48.979600940135256], [2.351072104822909, 48.97957525066497], [2.351192596682632, 48.979520778421644], [2.351305829088642, 48.9794677955237], [2.3513603725491836, 48.97944318125055], [2.3513903254698096, 48.9794294947648], [2.3513785933610225, 48.97941720153434], [2.3513522806360543, 48.97939098101743], [2.3513458032299877, 48.97938456131956], [2.3513319067708656, 48.97937054780611], [2.3513002174005924, 48.97933728405467], [2.3512563772234767, 48.979292444184864], [2.351232241332987, 48.979266954810214], [2.351219838617287, 48.97925366876034], [2.3511669066334715, 48.979203923731966], [2.351166095981184, 48.97920319994741], [2.3511472282891916, 48.97918250507207], [2.3511242085699533, 48.97916610413346], [2.3510997064146486, 48.97914807652121], [2.3510707535613102, 48.97912543865241], [2.351043286548709, 48.97910415768914], [2.3510094316809096, 48.97908023433491], [2.3509679752468053, 48.97905240306734], [2.3508884450663343, 48.97899936661581], [2.3508472597249908, 48.97897171662065], [2.3508156924973633, 48.9789505932627], [2.350785887678022, 48.97893055853425], [2.350739157819503, 48.97889838224161], [2.350701769481193, 48.97887300086943], [2.350689839273512, 48.97886565236718], [2.3506749284844393, 48.97885630937952], [2.3506300629152785, 48.978828009908604], [2.350625724154317, 48.97882537859566], [2.3505432754201956, 48.97877637272691], [2.3505135804429216, 48.97875849672173], [2.350456498211092, 48.978723926209426], [2.3503943898019894, 48.9786870803242], [2.350367132444725, 48.97867092605693], [2.350331333121161, 48.97864959979408], [2.350302313440603, 48.9786323568663], [2.3502859057658534, 48.978622556094955], [2.350222991466009, 48.97858462665072], [2.350192347227497, 48.9785662058694], [2.3501478739942794, 48.978539347133704], [2.350116418057865, 48.97852029245926], [2.3500301813739997, 48.97846838809484], [2.3500147255283004, 48.97845895214196], [2.3499844901233815, 48.978440623444904], [2.349886856636795, 48.97838245238524], [2.349828005018307, 48.9783474223424]]], [[[2.3522592845003625, 48.97994874050277], [2.35261735624574, 48.97985004746227], [2.3527345192250713, 48.9798653374582], [2.3528744475330914, 48.97988461692094], [2.352831495684392, 48.97980120466352], [2.3527300920639247, 48.97960650964354], [2.352727483114557, 48.97959660382348], [2.35266807949371, 48.97958369378769], [2.3526157525537976, 48.97957298011184], [2.35257773570014, 48.97956504139425], [2.352560703589307, 48.979561442397234], [2.3525011824873383, 48.97954700291988], [2.3524708055401207, 48.97953991473011], [2.352365250597106, 48.97950310515122], [2.352271124770825, 48.97947004411371], [2.3521375413571017, 48.979424090488656], [2.3520434034877895, 48.97939201837796], [2.351954714271122, 48.97936123457648], [2.3519099593242343, 48.97934588539616], [2.3519034257930107, 48.97934396167342], [2.3518707525379816, 48.979334792648814], [2.351792318830036, 48.979314225655656], [2.3517025727128824, 48.97929152920018], [2.351618000859771, 48.9792702095187], [2.35156081947482, 48.97925443333932], [2.351498580355681, 48.97923889956477], [2.3514337603568456, 48.97922218277896], [2.3513960339829008, 48.979212896377724], [2.3513626408411104, 48.97920669084463], [2.3513497988113015, 48.97920671132922], [2.351390345876607, 48.979252702387356], [2.3514700651890013, 48.97934539642246], [2.3515422391825176, 48.97942968658628], [2.351582237924026, 48.979475854453916], [2.3516258791143314, 48.97952572891626], [2.351683663287169, 48.97959177636177], [2.3517170594054804, 48.97963062457181], [2.3517566654595536, 48.97967544137469], [2.351758413308397, 48.97967769894327], [2.3518256791532086, 48.97977221382398], [2.3519110923218567, 48.97989047695442], [2.3519566330506283, 48.979952411473974], [2.3519982772926307, 48.980009109279415], [2.352070924240794, 48.980110397423466], [2.3521245049074326, 48.98018496477427], [2.3521502864293193, 48.98022098404188], [2.3522112843965677, 48.98030332494178], [2.352242701608523, 48.98034755778131], [2.352298152704652, 48.98042555228012], [2.352373278740851, 48.98053629569054], [2.352381602836495, 48.980548030860625], [2.35238461943748, 48.98054714789739], [2.3524235709864474, 48.98053494854287], [2.352488160237397, 48.98051551372452], [2.3524996846716286, 48.98051161923556], [2.3525383674299345, 48.980499058693404], [2.352595291941809, 48.98048075147138], [2.3525516155121307, 48.98041163330425], [2.3524653368221426, 48.98027493142816], [2.352366328459355, 48.98011828734504], [2.3522592845003625, 48.97994874050277]]], [[[2.3596600774604464, 48.9800260625753], [2.3596528371738623, 48.98005929611464], [2.3596484711460133, 48.980076907067826], [2.3596600774604464, 48.9800260625753], [2.3595106183849115, 48.980015013244234], [2.359507883219611, 48.98002632916986], [2.3594984230698115, 48.980073399272115], [2.359491320389252, 48.98010654361073], [2.3594139656815183, 48.980097857476906], [2.3594156670382933, 48.980092830771675], [2.3594213493835325, 48.98006408516917], [2.3594318514840857, 48.98002115717857], [2.359434593314992, 48.98000930174111], [2.3593693602629515, 48.98000364782372], [2.3593568067716078, 48.98000241175967], [2.359315464546746, 48.979998144346986], [2.359268791307454, 48.97999411822048], [2.359208334014159, 48.97998893934776], [2.35919346041897, 48.97998751102348], [2.3591548448268065, 48.97998370774473], [2.359062998871483, 48.97997584321504], [2.3590084179610913, 48.97997051578862], [2.3590102825753467, 48.97996333176441], [2.3590274661396555, 48.97989930716534], [2.35903081901319, 48.979893300115556], [2.35903941909323, 48.97986061342127], [2.359047963718056, 48.9798324226719], [2.3590518494920816, 48.97981643680946], [2.3590583984391595, 48.97979497975963], [2.359060400756084, 48.97978770654442], [2.3590652538604737, 48.97977082660073], [2.3590735795760067, 48.9797382283594], [2.3590869584023655, 48.97969468628057], [2.35910686592805, 48.979620244923225], [2.3591103587072872, 48.979613968842635], [2.3591216739600505, 48.979571584753735], [2.359139367095052, 48.97951053035999], [2.35914726849041, 48.97947909886267], [2.3591541193940877, 48.97945530536736], [2.359153029870787, 48.979455029772204], [2.3590382818036972, 48.97945432677963], [2.3590229796959736, 48.97945442486613], [2.3590187449049855, 48.97945440223815], [2.3589803042332687, 48.979458603148814], [2.3589484295245207, 48.97946211973645], [2.3589240914427605, 48.97946378817014], [2.3589141025547473, 48.979465083660855], [2.3589067147294416, 48.9794659434272], [2.3588875199861246, 48.979471506111096], [2.358851878140797, 48.979481387206754], [2.358819260477213, 48.9794897557331], [2.358815141213347, 48.97949144228829], [2.3588074502190803, 48.979494728400006], [2.3587801091552167, 48.97950726166439], [2.358748521078667, 48.9795207613934], [2.3587401503724386, 48.97952377409263], [2.358722161748689, 48.979531231620065], [2.3587086977723404, 48.979537364460136], [2.358660759184336, 48.97955842037084], [2.3586093776543735, 48.979581705975654], [2.3586036168792424, 48.979583563596485], [2.3585766988554706, 48.979595019977324], [2.3585584280926417, 48.979603195370416], [2.3585451017946313, 48.97960923900322], [2.3585289034260564, 48.97961553705098], [2.358501985369257, 48.97962699341473], [2.3584712079085244, 48.97964121680386], [2.3584324806046455, 48.979657555864684], [2.358389070906767, 48.9796769273145], [2.358357063924569, 48.979691144097785], [2.3583291784418283, 48.979703494496455], [2.358309504898366, 48.97971462986838], [2.3582946281293586, 48.979724531948655], [2.3582858131270297, 48.97973032991022], [2.358236339356236, 48.97976504601714], [2.358194740950744, 48.979792610248595], [2.358176685532011, 48.979805462827876], [2.358113575346902, 48.97984918833335], [2.358106280750724, 48.97985355561894], [2.3580723855200723, 48.97987684463201], [2.358064130223306, 48.9798815664735], [2.3580612414799997, 48.97988316966248], [2.358053905789175, 48.97992404621749], [2.358050761599786, 48.97993526999883], [2.358039343216013, 48.97998592651183], [2.358036021318512, 48.98000047656065], [2.3579774921970285, 48.97999404843772], [2.3579739681397682, 48.98001390296905], [2.35797174687384, 48.98001676867596], [2.357966183678258, 48.98004686372575], [2.3579543142649344, 48.98010084503116], [2.357950343731399, 48.980112603934494], [2.3579461388377356, 48.980132274969215], [2.357936761676475, 48.980172511107874], [2.35792997230351, 48.980202329814375], [2.3579276621602405, 48.980212389031074], [2.357847710891237, 48.98020377791463], [2.357852839866427, 48.980186719651336], [2.3578572990901216, 48.98017963945938], [2.3578699693470133, 48.98013825193152], [2.357882666245565, 48.98009470634717], [2.3578876974392466, 48.98008556094375], [2.3579066316652733, 48.98002370407219], [2.3579130333951372, 48.980003145546924], [2.357916246463983, 48.97999740755441], [2.3579280736574066, 48.979957903923264], [2.3578990506343693, 48.979973845125755], [2.3578786971915155, 48.979984707011425], [2.3578463877797544, 48.980001260083434], [2.3578393785758185, 48.98000463970676], [2.3578172380991482, 48.98001639126408], [2.3577919311930184, 48.9800301042124], [2.3577525958426815, 48.98005138566196], [2.3577444926530067, 48.98005484934746], [2.357722343244015, 48.9800673202379], [2.3576936010910674, 48.9800826334196], [2.357668155289701, 48.9800965254473], [2.357648895724696, 48.980107303225616], [2.3576304680238667, 48.980117096282015], [2.3576212652844197, 48.980121093620184], [2.3576073923130187, 48.980127134219785], [2.3575767064615265, 48.98014495485992], [2.357549205921116, 48.98015928548232], [2.3575338057897453, 48.980167296241014], [2.357508636455035, 48.98018091994035], [2.3574973634540632, 48.98018661475278], [2.357466284379876, 48.98020308438539], [2.357437956347698, 48.980218040023466], [2.3574035619519815, 48.98023745940073], [2.357369333045621, 48.98025454160872], [2.357362321552881, 48.980258101041144], [2.3573071102245047, 48.98029269609205], [2.357286872014467, 48.980305267064544], [2.3572692482578916, 48.9803163233193], [2.3572532949311333, 48.98032487062632], [2.3572280920851623, 48.98034119183094], [2.3571954778885984, 48.98036026098648], [2.357158869766969, 48.980381916550435], [2.357145926239645, 48.98039012027235], [2.3571520432184, 48.98041470252958], [2.357155085121694, 48.9804228120647], [2.357252540487214, 48.980419017877516], [2.3572548650585494, 48.980418850482884], [2.3573207549135256, 48.98041560650773], [2.3573282672781457, 48.98041573667921], [2.3573409729956656, 48.98041571482279], [2.3574239810365096, 48.980420206106], [2.3574673981396965, 48.98042241701048], [2.3574697182640634, 48.98042260928713], [2.3575200868527206, 48.9804261163532], [2.3575262275747306, 48.98042668879019], [2.3575701688933184, 48.98043070096133], [2.35760195204291, 48.98043464800904], [2.357690793195676, 48.980442497562095], [2.3577663811034526, 48.9804504559456], [2.3577678826886874, 48.980450553909456], [2.3578001001350914, 48.98045252488361], [2.3578581210884515, 48.980455892923814], [2.357872308404314, 48.980457587513435], [2.357872991448176, 48.98045759116964], [2.357934848566331, 48.98046008045873], [2.357935941436608, 48.98046008630809], [2.3580066559183823, 48.980464421463196], [2.3580960724928137, 48.980469935749696], [2.3581180531861383, 48.98047113246304], [2.3581583272478817, 48.98047341622405], [2.3582334210213554, 48.98047714520259], [2.3582627785983674, 48.980478381354025], [2.3582947295242844, 48.98047981122049], [2.3583729464493333, 48.98048508553989], [2.3584413497502297, 48.98048850882852], [2.3584470740034793, 48.980489618539764], [2.3584541599059423, 48.98049109523202], [2.358508244813281, 48.98049237363679], [2.358529000484868, 48.98049320402465], [2.358578979361566, 48.98049508991475], [2.358599178612704, 48.98049672663854], [2.358609829667697, 48.980497143285874], [2.3586421937703035, 48.98049830549435], [2.3587321813138895, 48.98050184401287], [2.358779283653571, 48.98050434391604], [2.35885657546063, 48.98050709508013], [2.3588867549412424, 48.980508155621806], [2.3588969873008665, 48.98050928940433], [2.358967175456745, 48.98051200253305], [2.3589880688614238, 48.98051274365258], [2.3590324456978595, 48.98051468934364], [2.35907381270524, 48.98051697863658], [2.3590867827939257, 48.98051767740599], [2.3591561624044837, 48.980519486856224], [2.359163128352785, 48.98051961399367], [2.3591917940617657, 48.980521565619824], [2.3592252488470553, 48.98052291334666], [2.3592487345046975, 48.980523938041706], [2.359310054199285, 48.98052570435185], [2.359316337103935, 48.980525827832366], [2.359332303728505, 48.98052726197735], [2.3594154553781217, 48.980531213098416], [2.359436486514212, 48.980531864950464], [2.359463255228658, 48.98053254743502], [2.359477049413258, 48.98053289086329], [2.3594864610284327, 48.98053411013792], [2.3595461281385104, 48.98053694660102], [2.3595867164816435, 48.98034742196335], [2.3596083870260602, 48.98025248802452], [2.3596213218065034, 48.98019583969371], [2.3596145277595717, 48.98023021855227], [2.359613356231717, 48.98023659696026], [2.3596114706404796, 48.980245489451114], [2.3596083870260602, 48.98025248802452], [2.359600975290615, 48.980287877935], [2.359589661709862, 48.98034123287483], [2.3595867164816435, 48.98034742196335], [2.359569651880565, 48.98043509747041], [2.3595671297669796, 48.98044020971924], [2.3595594163797435, 48.9804785664283], [2.3595504247470425, 48.980520873002135], [2.3595461281385104, 48.98053694660102], [2.3595685220446283, 48.98053787547989], [2.3596111274387472, 48.98053945180027], [2.3596269674376615, 48.98054007590687], [2.359629695186556, 48.980540450167204], [2.35963514736069, 48.98054146844434], [2.3597073913806126, 48.98054365256512], [2.3597566839803914, 48.98054580407534], [2.3597599614896807, 48.980545911492484], [2.359780842735301, 48.98054764158156], [2.3598246731950234, 48.98054958406322], [2.3598472037205767, 48.980550513619086], [2.3598955378543627, 48.980552839807004], [2.35989867764781, 48.980553036410306], [2.3600018854485283, 48.98055916241064], [2.3600698769126294, 48.980562762421755], [2.3601183410346236, 48.98056562876192], [2.3601202480267247, 48.98056608855787], [2.360168906778258, 48.980575340575314], [2.360254372539757, 48.98059108360293], [2.3603196644585975, 48.980603122004716], [2.3603282520243467, 48.98060469651797], [2.36037540593434, 48.980614120276165], [2.360445477021298, 48.980626363940566], [2.3604488845074356, 48.980627011580445], [2.3604944002544332, 48.98063633663308], [2.3605490644165874, 48.9806460701332], [2.360553147207732, 48.980647350843185], [2.360588936072063, 48.980658872129844], [2.3606761531405684, 48.980687753205295], [2.360683781146866, 48.980689592353265], [2.360730234455058, 48.98070045103299], [2.360773821195346, 48.980711114570205], [2.3607926246456183, 48.980715171454506], [2.3608249170535487, 48.98072217780057], [2.360870295236096, 48.98073159190074], [2.3608775090040717, 48.9807337885283], [2.3609048845962888, 48.98074067873226], [2.3609159179066683, 48.98074334532987], [2.361006534431957, 48.98076244247268], [2.361012386535666, 48.98076427213986], [2.36108295909285, 48.98078020501447], [2.3610931418827614, 48.98072981145809], [2.3611038273304383, 48.980671866895364], [2.361115170377974, 48.98061599410059], [2.3611231120929737, 48.98057008483747], [2.3611321893247434, 48.98053182522535], [2.3611405795234344, 48.98048277097871], [2.36114983975698, 48.980440735495904], [2.361162644283024, 48.98036598626219], [2.3611671090377797, 48.98034730568202], [2.361173627110188, 48.98030606491239], [2.361187230888653, 48.98024408924506], [2.3611961917355404, 48.980193059674875], [2.3612040150616997, 48.98015677171297], [2.361209594076629, 48.980125237813354], [2.3612166165235524, 48.98008741686187], [2.361225334614705, 48.98004501877215], [2.36124035338794, 48.97996794324868], [2.361254852209104, 48.979888706753485], [2.361267050346943, 48.97981881018372], [2.361279820984336, 48.979757909140716], [2.3612223978521163, 48.979750409390896], [2.3612162353121215, 48.97977384695907], [2.3612134136550695, 48.97978111584574], [2.3612089699635193, 48.97979808797746], [2.3611979152107225, 48.97984164265545], [2.361192171312143, 48.97986436305116], [2.361188200424033, 48.97987621198321], [2.3611740253320725, 48.979929102221554], [2.3611660996737673, 48.97996260197467], [2.361164121959833, 48.97996789700717], [2.3611556012279227, 48.98000535028157], [2.3611419691828663, 48.98005851317651], [2.3611372920186096, 48.98007224676464], [2.3611272144035906, 48.980114098057975], [2.361112047557983, 48.9801698605899], [2.3610986919576247, 48.980222755170054], [2.361071821040253, 48.980219284836224], [2.3610247674897225, 48.98021282940019], [2.3610357267603224, 48.98016594702563], [2.3610415160839193, 48.98013953996802], [2.3610562316311494, 48.9800760415051], [2.361070201096653, 48.98001766477785], [2.361081676223568, 48.97996215235524], [2.3610823891061723, 48.97995972818182], [2.3610920215338083, 48.97992075210962], [2.3611003132966384, 48.9798797006238], [2.3611128425322487, 48.97982734117481], [2.361125902040465, 48.979765182738426], [2.3611340246443264, 48.97973788884492], [2.361060643970607, 48.97972823575963], [2.3610268262579406, 48.97972310976446], [2.3610250525792034, 48.979722920467076], [2.3610184292806333, 48.97975049211471], [2.36100827756404, 48.9797983679805], [2.361002947830837, 48.97982073087527], [2.3609998241838297, 48.97983033619392], [2.3609962066946872, 48.97984677316936], [2.360990010875403, 48.97987290829215], [2.3609853232584683, 48.97989860182394], [2.3609801876009615, 48.97991628965837], [2.3609713891076627, 48.979954101141836], [2.360965453211298, 48.979981316743384], [2.3609609873100172, 48.98000008724141], [2.3609595117808753, 48.980008981938596], [2.3609572829405376, 48.98001247713334], [2.3609460183533817, 48.98006196570096], [2.3609370566675936, 48.98010193450322], [2.360934952267799, 48.98010641953318], [2.360928005902786, 48.98013803606187], [2.3609178728234412, 48.98018438328097], [2.3609137055341427, 48.980201087094116], [2.36089570864088, 48.98019811362063], [2.360808246773191, 48.980189194691235], [2.360802379259369, 48.980188623877936], [2.3607705882757966, 48.98018530710966], [2.3607367603405898, 48.98018099030518], [2.360734577928969, 48.980180708900726], [2.3606662191259873, 48.98017369016203], [2.3606693926293425, 48.98016003850388], [2.360674325989975, 48.98013659441986], [2.360678591246357, 48.980123038504296], [2.3606942109383175, 48.98005271061466], [2.3607025013903047, 48.98002289975573], [2.3607027845599666, 48.98002209194141], [2.3607111612712703, 48.9799852674043], [2.360717065227154, 48.97996065946456], [2.3607330227519148, 48.97989617847431], [2.3607408231316094, 48.979861778830305], [2.360744389828689, 48.97984947813425], [2.3607498463298255, 48.97982792525004], [2.3607593655997334, 48.97978706017381], [2.360767696890704, 48.97975392230167], [2.360775212953401, 48.97972042038451], [2.360781999525194, 48.97969069142245], [2.3607871938392853, 48.979668237887864], [2.360792496003037, 48.97964812297352], [2.3607754467078133, 48.97964587392757], [2.3607140599668086, 48.97963853266133], [2.360646946825198, 48.979630261594664], [2.360600293724709, 48.97962461744348], [2.3605776468926134, 48.979622068758765], [2.360539309109266, 48.97961790770482], [2.36053658029593, 48.97961762338379], [2.360485982223461, 48.97961060928553], [2.36040645344791, 48.97960101294573], [2.360374666168779, 48.97959742631381], [2.3603651258420073, 48.97959557694666], [2.3603254342032067, 48.97959041943161], [2.3603184728032423, 48.97958993268569], [2.3602833992331234, 48.979586957979286], [2.360241225448622, 48.979583675621576], [2.360173676067049, 48.97957756015919], [2.360148019505739, 48.97957535503941], [2.36011963524482, 48.979572775664614], [2.3601193620319147, 48.97957277420726], [2.3601153444259726, 48.97958839970343], [2.3601087549804847, 48.97961318381659], [2.3601022058211805, 48.97964579160674], [2.3600958109734558, 48.979676961421], [2.3600932557361096, 48.979684771253105], [2.3600848930276483, 48.979720426811134], [2.360078399194962, 48.979748538649346], [2.36006739707815, 48.979798837874654], [2.360057222333356, 48.97984851203656], [2.360047472464608, 48.97988586875872], [2.3600399038718316, 48.979923596814906], [2.360028083142627, 48.979973801736776], [2.3600195483044923, 48.980012333957376], [2.3600132844337764, 48.98004395407988], [2.3599408243549402, 48.980037182819515], [2.359946749720752, 48.980010866459345], [2.3599544505721832, 48.97997349881672], [2.3599600860992473, 48.9799485297805], [2.359964018517157, 48.97993982805247], [2.359970255830232, 48.97991036598381], [2.3599808980702988, 48.979856018233974], [2.35998513137386, 48.97984506998872], [2.359994706610645, 48.97979970902673], [2.36000273154313, 48.97975820655972], [2.3600116097394195, 48.979725071654485], [2.360017448251378, 48.97969470820149], [2.3600191871814653, 48.97968662424141], [2.360024244110805, 48.97966425992994], [2.3600259531447265, 48.97965860378133], [2.360030869032959, 48.97963659841602], [2.3600381300551825, 48.97960165638042], [2.360045044782351, 48.979572647537196], [2.360047475593569, 48.97956384786792], [2.360023328358556, 48.979561111224086], [2.359983352494442, 48.97955685132772], [2.3599773495618153, 48.97955618982593], [2.359921148546628, 48.979549325444154], [2.3598684948829067, 48.979542839665115], [2.3598176049323247, 48.979537352448865], [2.3597757354436357, 48.97953155365447], [2.3597706876535436, 48.97953098716481], [2.359761374407209, 48.979577248768166], [2.359756806944203, 48.97959314109275], [2.359748227660659, 48.97963527006599], [2.3597389154833373, 48.97968144174411], [2.359735406160025, 48.97968906662685], [2.359729447492591, 48.97971808055295], [2.3597171524410645, 48.979773498565145], [2.35971390413726, 48.97978211401323], [2.3597011549221207, 48.97984112659046], [2.3596930983672166, 48.979874086006255], [2.3596832452075143, 48.979919805158374], [2.359673256530817, 48.97996543365961], [2.3596707289110337, 48.979970995507486], [2.3596638729817943, 48.98000629937201], [2.3596600774604464, 48.9800260625753]]], [[[2.3596318624480688, 48.980153874992254], [2.3596302623431873, 48.98015667300431], [2.3596403783688564, 48.980112357197505], [2.359639857812472, 48.980114800373975], [2.3596382509854656, 48.98012324473017], [2.3596318624480688, 48.980153874992254]]], [[[2.355844400132538, 48.980189260517854], [2.3557479117334172, 48.980159157082134], [2.355740844730831, 48.98031046265453], [2.3557382054785485, 48.98036907947805], [2.3557326402314427, 48.98046535908944], [2.3557276192998047, 48.98058385304682], [2.355724468885187, 48.98067268184825], [2.355719483952872, 48.980755206052955], [2.35571596554716, 48.98085167647163], [2.3557108491734846, 48.980966842655846], [2.3557099594094044, 48.98099453471227], [2.3557079574366693, 48.981056841836605], [2.3557302020042084, 48.98104778897768], [2.3557745823700325, 48.98102743454362], [2.355821833744198, 48.98100691566028], [2.3558465662293786, 48.980995538094845], [2.355862916450686, 48.98098807220653], [2.355895614650597, 48.98097332026068], [2.355912239192439, 48.98096576591365], [2.355968147029288, 48.98094124683369], [2.35601815718774, 48.9809185844881], [2.356022828666129, 48.98091645137054], [2.3560787441960938, 48.98089130280619], [2.3561304136276155, 48.98086703067344], [2.356178635464415, 48.98084534783442], [2.3562221969371766, 48.980824898913056], [2.356225083562061, 48.980823475607416], [2.356276752857811, 48.980799203410086], [2.356318814888663, 48.980778476632615], [2.35636868812819, 48.98075581340441], [2.356375425423465, 48.98075234248468], [2.356428631799178, 48.980725290798965], [2.356473171606172, 48.98070304853769], [2.35652128771018, 48.98067884709738], [2.356569259367671, 48.98065527433635], [2.356575582356064, 48.980652160882215], [2.356654782412603, 48.98061113031653], [2.3566860008230126, 48.98059448179535], [2.3566880644286887, 48.98059332383925], [2.3566979581598075, 48.98058870080542], [2.3567510732190042, 48.98055796156723], [2.3567864477025835, 48.98053665921438], [2.3568417550749086, 48.98050539214105], [2.3568864756311387, 48.98047955369993], [2.3569181359795692, 48.98046029966652], [2.356902387757205, 48.980430180351725], [2.3568019063389967, 48.98041354509418], [2.3567126101966056, 48.98039831860578], [2.356702933244549, 48.98039646821621], [2.3566061693276237, 48.98037751468319], [2.356597037704265, 48.980375757134645], [2.356508440315406, 48.980359275293104], [2.356397762519358, 48.98033862830584], [2.356397490415907, 48.98033853692113], [2.3563499577182494, 48.980326681588664], [2.35627599763357, 48.980308659462615], [2.3562749081077525, 48.980308383841546], [2.3561953560448137, 48.9802896122589], [2.3560760492247583, 48.98025974632694], [2.356055483769478, 48.98025460014219], [2.3560477204967074, 48.980252670047], [2.355974227271591, 48.980230064071286], [2.3559276877983035, 48.98021524638142], [2.355845080943857, 48.980189444023324], [2.355844400132538, 48.980189260517854]]], [[[2.3570026053867847, 48.98064482855161], [2.357005284837344, 48.98061597705048], [2.357114650958483, 48.980621239296134], [2.357113561223859, 48.980632024432886], [2.357104839081242, 48.98070760444872], [2.357090031258823, 48.98086651212403], [2.3570794181333063, 48.98097346573518], [2.3570711811466265, 48.9810539941874], [2.357068136862485, 48.98111233904632], [2.3571757503410304, 48.981115793339676], [2.3571769612975055, 48.981095207057386], [2.3571783075672093, 48.98108577217093], [2.3571865041739426, 48.98101954153718], [2.3571953417299483, 48.980945670727166], [2.357213292033578, 48.98080881146441], [2.3572177041053197, 48.980772415564815], [2.3572240666883606, 48.980721911922], [2.3572318644718937, 48.980654779878115], [2.3574246545153477, 48.98066408580005], [2.3574313757033685, 48.98060665985315], [2.357441945657952, 48.98051418384199], [2.3574448814004985, 48.98048668257388], [2.3574234194904102, 48.98047667588413], [2.3573367162504026, 48.980472704353986], [2.357255337430785, 48.980469031063684], [2.35720741220736, 48.98046679592667], [2.3571616638315076, 48.98046529183421], [2.3571302538196433, 48.98046431418859], [2.3571230146661, 48.98046418546889], [2.357043006199489, 48.980471220431845], [2.3570161986137306, 48.98047368456723], [2.35701305327376, 48.98047393748277], [2.3569324442299635, 48.980518467802455], [2.356873981539145, 48.98055079709874], [2.3568257024028907, 48.98057715600334], [2.356775365177664, 48.980604223251255], [2.356728716349016, 48.980631310256136], [2.356691438151442, 48.980651882983125], [2.3566785211952337, 48.98065792860038], [2.3566755377092385, 48.98071132793516], [2.356670223770977, 48.98077640499328], [2.3566587402830335, 48.98092049285042], [2.356655715056039, 48.980955187593175], [2.3566466457319932, 48.981069793047006], [2.356641316137899, 48.9811361289451], [2.3566406839884984, 48.98114304976197], [2.3566364943142566, 48.98119455418297], [2.356620961695917, 48.981400848190894], [2.3566601602182393, 48.98140177780993], [2.356867762582216, 48.98140666780373], [2.3569346865244616, 48.9814082855167], [2.3569356428033257, 48.98140829064285], [2.356944918017694, 48.9812990817955], [2.3569633790978086, 48.98109891831472], [2.356978888676581, 48.98091645415596], [2.356988604690599, 48.98080472972431], [2.3570026053867847, 48.98064482855161]]], [[[2.3374782837041868, 48.980744516448155], [2.3374409488591286, 48.980726055478044], [2.3374063064887136, 48.98073215888814], [2.3373041344388974, 48.98074139633062], [2.3372906112714205, 48.98074123169949], [2.3372531259303804, 48.980938140157036], [2.3372334050968466, 48.98103829753836], [2.33718485690609, 48.981288470291204], [2.3372163061818623, 48.98129709699427], [2.3372693951632884, 48.98131222790943], [2.3372913103785677, 48.98131855379804], [2.337467601178016, 48.9813681769383], [2.3374956524694395, 48.98137543592656], [2.3375567959272474, 48.981391060818396], [2.337569050147721, 48.98120138687621], [2.3375729868710375, 48.98116049276541], [2.3375737810913244, 48.981151774431346], [2.337568973607806, 48.98111092195826], [2.3375617112830307, 48.98104829408877], [2.337525206057568, 48.98091113678323], [2.3374782837041868, 48.980744516448155]]], [[[2.355435455504049, 48.98094234251309], [2.3554365773549186, 48.98085188419298], [2.355436788113714, 48.98081285796022], [2.355561096234496, 48.98081406536247], [2.355693042241885, 48.980816302831656], [2.3556965741802327, 48.98074078496382], [2.355713386572949, 48.98033234677162], [2.3557201742488525, 48.98017051849498], [2.355680991665956, 48.98015735886748], [2.3555280475274545, 48.98010788793806], [2.3554529265910467, 48.980084373644196], [2.355440927410348, 48.9800825106743], [2.3554338371886185, 48.98008139347903], [2.355344059699832, 48.98007200849214], [2.3552888083005254, 48.98006568659557], [2.355284228331664, 48.9800604463384], [2.3552808984981533, 48.98004253339284], [2.3552043782258347, 48.98002170916633], [2.3552032887117154, 48.98002143353544], [2.3551651713423234, 48.98001052758386], [2.3551034934064443, 48.97999364984478], [2.3550558392172816, 48.979980624315864], [2.354973887191294, 48.97995716291541], [2.354964630249159, 48.979954505318545], [2.35489222407908, 48.979932444063365], [2.3548434961152087, 48.979917883951195], [2.3547940326784667, 48.9799075463329], [2.354712121483499, 48.979891818511014], [2.3547062596522057, 48.979890797804956], [2.354651154062171, 48.9798837569974], [2.354574364790013, 48.97987363197856], [2.3545424489562334, 48.979869413634944], [2.354439888998284, 48.97985528309351], [2.3544227044197115, 48.9798529424911], [2.354391076345647, 48.97984755663194], [2.35433777913069, 48.979837917590096], [2.3542911611597233, 48.97982948350091], [2.354227520948905, 48.97981664136403], [2.354224660021584, 48.979815996488554], [2.3541598384262756, 48.979799281184825], [2.354129046814882, 48.97979255088581], [2.3540750286755303, 48.979785965291434], [2.3540495211699604, 48.979782770495554], [2.3540327431011208, 48.979780701800564], [2.3539690538362454, 48.97977181595713], [2.3538982599164684, 48.97976298173899], [2.3538348304951136, 48.979755176322364], [2.353743153661425, 48.979744790724936], [2.3537372862753876, 48.97974421956584], [2.353629389053392, 48.97973086889762], [2.3535989738222205, 48.979726838237006], [2.3535644659839186, 48.97972233588984], [2.353486876535956, 48.97971067713532], [2.3534628717777033, 48.97970749031309], [2.353390037880158, 48.97969792539938], [2.3533293530550137, 48.9796891453341], [2.3533279892256918, 48.979688958132165], [2.353252161221316, 48.97967847774446], [2.3532018451191963, 48.97967083261505], [2.3531962543177034, 48.97966999314591], [2.3532071248416386, 48.97969666953507], [2.3532232256915933, 48.97973119759068], [2.353260299533416, 48.97981493771973], [2.3532900939360224, 48.97987984428127], [2.3533183991575317, 48.979943663704354], [2.353321126829692, 48.97994403810836], [2.353440333746075, 48.97995978805427], [2.3534407312638232, 48.97996077937069], [2.3535723605863255, 48.97997731553773], [2.353595291368595, 48.98003391193495], [2.353640484580814, 48.980145932081804], [2.353690063059854, 48.980267867560976], [2.353697323809289, 48.98028822969961], [2.353703659614033, 48.98030606895794], [2.353559404973359, 48.98048073508719], [2.3534831202962576, 48.98057276672677], [2.3533925442130292, 48.98068243647239], [2.353371737335921, 48.98070768312222], [2.3533338712738483, 48.980753430595996], [2.352861256357938, 48.98085627387936], [2.352837784076203, 48.98082125642133], [2.352826401787632, 48.980802760425924], [2.3527766266247574, 48.98072965276997], [2.352738002037992, 48.980671712625906], [2.352702998790439, 48.98061918749712], [2.352675369117351, 48.980577942750664], [2.3526641335789673, 48.980580579867286], [2.3525879571827932, 48.98059797389896], [2.3524869895102896, 48.9806204497104], [2.3524379467595393, 48.980631155814265], [2.35245618055, 48.980658951094], [2.352466238033339, 48.98067411275752], [2.3525001829304375, 48.98072384457118], [2.3525278215036702, 48.98076437000201], [2.3525407052625766, 48.98078296405564], [2.35255211320853, 48.980799391946356], [2.3525888710699476, 48.98085363515155], [2.3526001166752684, 48.980872130431365], [2.352613739502787, 48.98089720305098], [2.3526255226058312, 48.98091642062681], [2.352653598061734, 48.98096576101018], [2.352684344178558, 48.98102006166016], [2.3527003835139726, 48.981048564448336], [2.352720438307237, 48.981083743335645], [2.3527514533054843, 48.98113840511166], [2.3528005558526006, 48.981221670621295], [2.35283144896225, 48.98127516268876], [2.3528623746046184, 48.98132604710191], [2.3528832358461007, 48.98136230939943], [2.352900897936791, 48.98139216977582], [2.352920443497608, 48.98142437835233], [2.3529379712583425, 48.98145405814716], [2.3529397102624676, 48.981457035044656], [2.3529571372565887, 48.98148383669942], [2.3529765955301047, 48.98151208810295], [2.352998452385705, 48.98154520837627], [2.35302461703937, 48.98158347758846], [2.353055208211631, 48.981628335172445], [2.3530695514520588, 48.981650444088324], [2.3530929022025098, 48.98168429179367], [2.3531190546846905, 48.98172355008614], [2.353134868256014, 48.98174827473809], [2.3531516448423813, 48.981772465031455], [2.353180227085455, 48.981781161995144], [2.3532540904437056, 48.98176312565525], [2.3533184917128733, 48.981747915855394], [2.3533970120917025, 48.98172891535947], [2.3535118475651693, 48.98170102812122], [2.3536066660018915, 48.98167878810194], [2.353652433051279, 48.98166788402828], [2.35372354931171, 48.9816510016199], [2.3537859000092585, 48.98163587044677], [2.353840855747274, 48.98162213820601], [2.353906214070066, 48.981606843320726], [2.3539570501572937, 48.9815947974095], [2.354021732058919, 48.98157895926998], [2.3540776372507692, 48.981565771581806], [2.3541276591756977, 48.98155327159077], [2.354178636240256, 48.98154086664559], [2.354189604272953, 48.981537778324935], [2.354224288782069, 48.981528163242054], [2.354274746165393, 48.981513597264325], [2.3543338357355714, 48.98149700945636], [2.354370446155232, 48.98148632559968], [2.3543855270286658, 48.98148209037403], [2.354428026237161, 48.98147026916986], [2.354468207500519, 48.98145807577853], [2.3544819211274257, 48.9814539231082], [2.3545352483206994, 48.98143928253824], [2.3545573242607545, 48.98143283680887], [2.3545794001953353, 48.9814263910754], [2.354644112960761, 48.981408034872636], [2.35467948593772, 48.981397973737785], [2.354712390968354, 48.98138861871542], [2.354734331370166, 48.98138208229956], [2.354763538949416, 48.981373426773054], [2.354810707318436, 48.9813596522018], [2.3548216763914542, 48.98135647390409], [2.3548733975405973, 48.98133912680295], [2.3549488528011078, 48.981313814073204], [2.3550061916527407, 48.98129514824982], [2.3550339042287978, 48.98128585514582], [2.355048858421551, 48.981280809832576], [2.3551029096143266, 48.98126284568558], [2.355138714549913, 48.98125098824166], [2.355183989122536, 48.98123567462192], [2.3552509374057755, 48.981213283492316], [2.3552984032605147, 48.98119753198255], [2.355300871176108, 48.981196825847384], [2.355327068660867, 48.981188513705526], [2.3553654646348865, 48.981177029816855], [2.3553660133079917, 48.98117685291566], [2.3554075602305202, 48.981164666547286], [2.355440338408252, 48.981154501320084], [2.3554372559985173, 48.9810505317105], [2.3554361937688775, 48.98099297413838], [2.355435455504049, 48.98094234251309]]], [[[2.3384034247326575, 48.981370284224816], [2.338397809056359, 48.98128554397649], [2.338393250050123, 48.98121438821366], [2.338389841964071, 48.981160144681695], [2.338384723552579, 48.9810792739309], [2.3383842801318466, 48.981071178240306], [2.3383819351829542, 48.98101927861285], [2.3382925041065676, 48.98102570956718], [2.3383061528685536, 48.98113405448652], [2.3383331212397525, 48.981322955669796], [2.3383228628390254, 48.98132388826218], [2.338296461469421, 48.981326530310064], [2.3382717017163044, 48.98132900155765], [2.338176765585089, 48.98133854943252], [2.338125451604226, 48.981087465681746], [2.3380958749823066, 48.98094252331946], [2.338001040629311, 48.98095485929033], [2.337990433686476, 48.98092953184264], [2.3379822731291244, 48.980905207068545], [2.3379768771528977, 48.98088908072181], [2.3378940186992008, 48.980905079696775], [2.3378632024794745, 48.98091111443085], [2.3377818478083676, 48.98092703170365], [2.3377584094490986, 48.98087942193416], [2.337725064838115, 48.98081584074828], [2.3377073254695953, 48.98078202094719], [2.33767797612982, 48.980726555047426], [2.337653813657791, 48.98068217854903], [2.3375992839475246, 48.980694377032286], [2.337547217760775, 48.98070622939497], [2.337521459595975, 48.98071202219865], [2.3375427011183594, 48.98079262235898], [2.3375689037376826, 48.98090202589437], [2.3375909309211975, 48.98099602918833], [2.337612684964029, 48.98109003096132], [2.3376289006086033, 48.98115765413296], [2.337630777868093, 48.98117115323988], [2.3376317870954217, 48.98117772333317], [2.337631655603633, 48.98125236030738], [2.337630970072715, 48.98129543056615], [2.3376285353851842, 48.98130422976651], [2.337605893823646, 48.98141920865703], [2.3375897444006006, 48.98149645491544], [2.3375803136437137, 48.981550357789125], [2.337575873544284, 48.98156642983059], [2.3375683651826678, 48.98159813186305], [2.3375651568713667, 48.98161403085552], [2.3375646670365553, 48.98163102395793], [2.337570282319084, 48.98165137799372], [2.3375793782240506, 48.98166662552896], [2.3375868093496694, 48.98167314115526], [2.3375908950937436, 48.98167415288974], [2.33759620461295, 48.98167562100592], [2.337745090999226, 48.98168876273263], [2.3377923025183116, 48.98169342967313], [2.337917831827645, 48.98170617247492], [2.3379833356134636, 48.98171201939287], [2.338083769665188, 48.98172138623385], [2.3381024614359895, 48.98172337778965], [2.3382383516413827, 48.981737885993425], [2.3382614115693423, 48.98174017139527], [2.3384420716544936, 48.98175798376312], [2.3385292579521457, 48.98176700739765], [2.338540581866334, 48.98176823885984], [2.338716452716111, 48.98178665388], [2.338878946003963, 48.98180418559437], [2.338856295031431, 48.98175900839749], [2.338856462527717, 48.981756581348776], [2.3388581002343076, 48.9817459792383], [2.338874123476259, 48.98163554985699], [2.3388769043962916, 48.98162099735008], [2.3388926890064616, 48.98154006200641], [2.3385451338589616, 48.981485719933886], [2.338550175455497, 48.98139015755035], [2.3384034247326575, 48.981370284224816]]], [[[2.340062249170763, 48.981468806550446], [2.340040010904648, 48.981444854114095], [2.3398938875276922, 48.98146158550206], [2.3396473440523233, 48.98148936429005], [2.339442251823239, 48.98151278465423], [2.3391080073454025, 48.98155051067984], [2.3389053702065614, 48.98157421342753], [2.3388916575119043, 48.98167485373928], [2.3388818094355104, 48.98176166690643], [2.3389026982000103, 48.98180575528855], [2.339021576372788, 48.981815133057346], [2.3390473720417293, 48.981817163606316], [2.3390863396467676, 48.98181477047452], [2.3391508605661837, 48.98181197855005], [2.339212380586217, 48.98180881036181], [2.339358936164606, 48.9818011645953], [2.3396719868333196, 48.98178643190671], [2.3399593360011814, 48.98177299579296], [2.3402975571697042, 48.9817557022129], [2.340268445421311, 48.98171354720374], [2.340225620774255, 48.98165387134202], [2.3402030547089767, 48.98162344254667], [2.3401734031367174, 48.981591535976165], [2.340150889260803, 48.98156776189759], [2.340121530383359, 48.981534328199075], [2.340062249170763, 48.981468806550446]]], [[[2.360831438492741, 48.980758452227015], [2.360793902203956, 48.98107784477689], [2.3607721063844065, 48.9812615347795], [2.360753588460132, 48.981411970073346], [2.360736075374934, 48.9815584540117], [2.360722011746168, 48.98167995724795], [2.360713948493591, 48.98174281299682], [2.360831438492741, 48.980758452227015], [2.3607573352064777, 48.980740791818775], [2.360683771772155, 48.98072367378986], [2.360681729265878, 48.98072312335601], [2.360575485809599, 48.980697198314004], [2.3605485167933224, 48.98069057997581], [2.3604594220746797, 48.98066996187616], [2.3604561523014094, 48.98066922504603], [2.3603617321058805, 48.98064839863186], [2.3603611867752603, 48.98064830579935], [2.3602723233639558, 48.98063110593402], [2.3602719146429196, 48.98063101382961], [2.360178631089915, 48.98061774701274], [2.360125162191553, 48.9806108073868], [2.3601175242530954, 48.980609777473056], [2.360063741188307, 48.9806061633607], [2.3600316590628183, 48.9806042836424], [2.3599839248745966, 48.980608705069166], [2.359972710739356, 48.980609634411586], [2.359906506610947, 48.98061620538317], [2.3599071955081024, 48.98059354801386], [2.3598385132163906, 48.98059057369777], [2.359697593495591, 48.980584875746], [2.3595322373935828, 48.98057769829414], [2.359455901709452, 48.98057495267162], [2.359335741113349, 48.98056981476195], [2.359239886980222, 48.980565615888025], [2.3589854973831894, 48.98055508449118], [2.3588092238449287, 48.98054694845541], [2.358718275516997, 48.98054376455837], [2.3585407714682782, 48.980535711474396], [2.3584496921170777, 48.98053207704887], [2.3583038547843334, 48.98052635115846], [2.358146561209842, 48.98051903507249], [2.358051390311074, 48.980514838903375], [2.357858588488556, 48.980506523094824], [2.3577617716624646, 48.98050285743397], [2.357615945601313, 48.98049623151849], [2.3575423500961796, 48.98049286987674], [2.357489513588989, 48.98049006900097], [2.3574866080016785, 48.980504081709554], [2.3574692868548603, 48.98066747223409], [2.3574534684319928, 48.98081981003188], [2.3574345986547036, 48.98099793987189], [2.357420683948848, 48.98112888572323], [2.3574091707621045, 48.981231338275016], [2.357459844478744, 48.98123232910091], [2.3574568399031985, 48.98125434457187], [2.3574508895375637, 48.98130467055934], [2.3574505951935247, 48.981306377552926], [2.357400866564203, 48.98130629103355], [2.3573865051731198, 48.98135180594912], [2.3573738086635814, 48.98139526151073], [2.3573621051029874, 48.98143575487225], [2.357354832165219, 48.9814604452132], [2.357352401921155, 48.98146915489344], [2.357337030641086, 48.98153004151514], [2.3573763758915685, 48.98153016236294], [2.3574195540489535, 48.98152967425566], [2.357472296128641, 48.98152914743324], [2.357618219538449, 48.98152813042114], [2.357777671934525, 48.981526825960714], [2.3578797396791233, 48.981525843615785], [2.358048070704119, 48.98152467624456], [2.3581584661938457, 48.98152418784958], [2.358172949243121, 48.98152408548818], [2.3582668125077015, 48.98152368839117], [2.3584946972905145, 48.981523558354006], [2.358728042098107, 48.981523816769894], [2.358958801269288, 48.981523251592755], [2.3589997869665322, 48.98152329074938], [2.3590018650630804, 48.98146557018586], [2.359188453019456, 48.98146845545386], [2.3593927982704974, 48.98147161510682], [2.359718847758659, 48.98147677291777], [2.3598312557535257, 48.98147926124086], [2.3598265493492128, 48.981528604789816], [2.3598696698922326, 48.981532791578005], [2.3599055666364417, 48.98153559093592], [2.359929179410117, 48.98153742549486], [2.360013124709868, 48.981543628541175], [2.360030731006332, 48.98154507133742], [2.3601172575606806, 48.981552457102026], [2.360179770366673, 48.98155728676309], [2.36019696794419, 48.9815586374303], [2.360217305378205, 48.9815601846898], [2.360248561789058, 48.981562599498325], [2.3602921032971, 48.9815658891322], [2.360299067134216, 48.981488501099456], [2.3603090899495474, 48.981340178773536], [2.3603102753219742, 48.98132157067795], [2.3603219163739917, 48.981174965526996], [2.360334733375698, 48.980999410857976], [2.360339608571291, 48.98093630968065], [2.360437795806852, 48.98093971078622], [2.360431412993183, 48.98101431429612], [2.3604247253575985, 48.98110258473528], [2.3604177258445165, 48.981171789461555], [2.3604034782853454, 48.98134149137604], [2.360403319542722, 48.98134328902399], [2.360388825224783, 48.98151083140142], [2.360383272509421, 48.98157347931079], [2.3603768994993084, 48.981647273504215], [2.360360134493626, 48.98183278865939], [2.360354682908456, 48.98189831467744], [2.3603743518032845, 48.98189868932377], [2.3604408345612518, 48.98190291053916], [2.3604607667252253, 48.98190409589685], [2.360571760876491, 48.981910532667925], [2.360587460267117, 48.98191151559378], [2.3606929833070764, 48.98191846263917], [2.360705686792877, 48.98181202625766], [2.360700033458519, 48.981867333075215], [2.3606929833070764, 48.98191846263917], [2.3607768004423657, 48.98192403498948], [2.3609504512541446, 48.981934761940984], [2.3610121570819276, 48.981938597693684], [2.361109219086829, 48.98194477990707], [2.3611946712413707, 48.98195072037101], [2.3612034336310397, 48.98188251421348], [2.361219207619241, 48.98177738634721], [2.361233882016496, 48.98167279216195], [2.3613211063795605, 48.981679011750096], [2.3613092171579644, 48.98175709299495], [2.3612939110710545, 48.981846396624356], [2.361282427603787, 48.98191368905593], [2.361275759542314, 48.98195600806703], [2.3613500238503575, 48.98196071983176], [2.361407224831021, 48.9819642616245], [2.3614204674330574, 48.981965051513846], [2.3615479687866534, 48.98197346366568], [2.361575133750574, 48.98197531680328], [2.3616562177109106, 48.98198096391712], [2.36174126125316, 48.98198681189194], [2.3617908185937955, 48.981989773286045], [2.361892251295157, 48.98199606804122], [2.36189375293282, 48.981996165953284], [2.361989042493908, 48.982002068251546], [2.361994230472545, 48.98200236561677], [2.362195521528956, 48.98202079142806], [2.362215447157519, 48.98202251600675], [2.362234465000676, 48.981964615717445], [2.362265482158278, 48.98187521565883], [2.362300064566897, 48.9817736047834], [2.3623058752969444, 48.981756549985924], [2.362320619159616, 48.98171292497222], [2.362344014060162, 48.981643447633914], [2.3623943226579383, 48.98149605871322], [2.3623955819466134, 48.98149363743986], [2.3624044015518764, 48.98146517819045], [2.3624161341109997, 48.981433137434], [2.362427587917675, 48.98140154481749], [2.3624419250529782, 48.98135764783966], [2.3624487349865686, 48.98133709127628], [2.3624730880294846, 48.981267439132786], [2.362697336760833, 48.981307478135406], [2.362823439645041, 48.98132955006858], [2.362885327727773, 48.98134075965592], [2.362894337591162, 48.98131904573052], [2.3629340500939677, 48.981222317806804], [2.3629582646636873, 48.98116390541411], [2.362985632142461, 48.98112691183715], [2.3630141410888887, 48.981052515632754], [2.3630351197822095, 48.981001729635146], [2.3630369453063773, 48.980997692715746], [2.363063140519455, 48.98093371547437], [2.363073438131561, 48.98090724235472], [2.3630810464795493, 48.98088839855735], [2.3630466990047805, 48.980881831533864], [2.362957249290706, 48.98086777792058], [2.362877494518221, 48.98085413542981], [2.362828265434324, 48.98084676990753], [2.362763234823198, 48.98083563351399], [2.36270105981504, 48.98082559135229], [2.3626461064039765, 48.980817116247145], [2.3626357538327474, 48.980814633275706], [2.362534306950945, 48.98079853725824], [2.362454825615177, 48.98078489593745], [2.3624058687730876, 48.98077762161229], [2.3623657860570018, 48.98077084405995], [2.362280700502975, 48.98075744260882], [2.362235435480842, 48.98074991806521], [2.362228347228745, 48.98074862143442], [2.362120495402808, 48.98073123206626], [2.362059555647963, 48.98072074651431], [2.3619638378955528, 48.980705399875845], [2.36190875916192, 48.98069602451656], [2.361899352980378, 48.98069435583774], [2.3618806695006813, 48.98069164863678], [2.361835664563555, 48.98068520442182], [2.361803226599745, 48.9806789169719], [2.3617248241582303, 48.98066644992554], [2.3616467015994194, 48.980653444768386], [2.361558076731125, 48.98063903479491], [2.3615286309788592, 48.98063384229205], [2.361459371549148, 48.980622233055556], [2.3613755203747395, 48.98060847782942], [2.3612650846012793, 48.980590174683215], [2.361220770610116, 48.98058310444163], [2.361140327052997, 48.9805699966685], [2.361140028413164, 48.98057206334787], [2.3611285123176016, 48.98063090274289], [2.3611227030877764, 48.980658928332346], [2.3611182084465225, 48.980680036715114], [2.3611061829924127, 48.98074696661794], [2.361098768232809, 48.98078334665491], [2.361097760663081, 48.98079862849717], [2.3610981180850614, 48.980814007533766], [2.360952171673114, 48.98078373483064], [2.360831438492741, 48.980758452227015]]], [[[2.35203919642547, 48.98192113209068], [2.352119102714285, 48.98190061119537], [2.3521875130631424, 48.9820022358918], [2.352282754781214, 48.981979010032795], [2.35241745849735, 48.9819465550281], [2.3524892709262595, 48.98192868793747], [2.352675916269746, 48.98188320412637], [2.3527851356865397, 48.98185654622597], [2.352896554223319, 48.98182882099155], [2.3529883576120962, 48.98180737452002], [2.3530087822402086, 48.981801909341975], [2.3529672809878672, 48.981733522550215], [2.35294949668421, 48.98170249251303], [2.3529383885062978, 48.981683908098546], [2.3529330348601554, 48.98167497667097], [2.3529047952748128, 48.98162779369833], [2.352892749879455, 48.981607675501735], [2.3528730766120196, 48.98157474683951], [2.3528401531431955, 48.98151971512488], [2.3528226153388214, 48.981490844586176], [2.352803092208176, 48.981456837621025], [2.35279626163825, 48.98144582994733], [2.352789831946969, 48.981435543834145], [2.3527737767663144, 48.98140829993065], [2.3527502281531207, 48.98136842612452], [2.3527387304417373, 48.9813482209371], [2.3527243975041827, 48.98132530270669], [2.3527100701786794, 48.981301934880335], [2.3526796821835343, 48.981251772725386], [2.3526612241226563, 48.98122001959561], [2.3526454165373347, 48.98119484527515], [2.352644881294722, 48.981193943138805], [2.3526320545175325, 48.981170763246894], [2.352593103939048, 48.98110607696134], [2.3525758429925405, 48.98107693809356], [2.3525538992795196, 48.98103986056556], [2.3525402417181356, 48.98101757542439], [2.352516150381612, 48.98097742885208], [2.352507580972388, 48.980963444252005], [2.352475452170574, 48.98091048496166], [2.3524698333059106, 48.98090092260069], [2.352439469304196, 48.98084887207153], [2.3524362612525453, 48.98084318948984], [2.3523923641706603, 48.98076984363029], [2.3523811276248257, 48.9807506289789], [2.3523557051762904, 48.980707687506715], [2.352350081873606, 48.9806984848135], [2.3523445884592693, 48.980689822370245], [2.35232642643187, 48.980656272271275], [2.35232562470507, 48.980654829145145], [2.352309115358772, 48.98063117969882], [2.352282793810754, 48.98059461801598], [2.3522672172327423, 48.980572862020715], [2.3522438462265187, 48.98054072257661], [2.3522195380396265, 48.98050704934348], [2.352214165585921, 48.98049964649373], [2.352184637291659, 48.98045731227624], [2.3521646378922587, 48.98042869809], [2.3521299757195324, 48.980381749962106], [2.352118690035565, 48.98036649170727], [2.3520877633040542, 48.98032675772861], [2.3520818511801123, 48.980318812407404], [2.35205618720833, 48.98028432248634], [2.3520428782276475, 48.980266985021906], [2.3520416666901176, 48.98026553967971], [2.352029555803248, 48.98025072658168], [2.352023949423497, 48.980240175086756], [2.352003905352796, 48.98021515762121], [2.3520028293046003, 48.98021380293532], [2.351988059152624, 48.98019313034958], [2.351961986602641, 48.9801585482716], [2.351958358731673, 48.98015367272907], [2.3519431743062786, 48.98013335759806], [2.3519060861077237, 48.98008378846209], [2.3518704726306874, 48.98003647540234], [2.35184332531927, 48.980000448687285], [2.3518207475635675, 48.97997047162457], [2.3517832553835385, 48.97992045063434], [2.35174360672088, 48.97986807992815], [2.3517188736494377, 48.97983566322169], [2.3517147061251866, 48.97983024520414], [2.3516642737422306, 48.97976621587253], [2.3516423859556745, 48.97973570294799], [2.3515788018836465, 48.97965271825301], [2.3515701925594996, 48.97964197064816], [2.3515599686410433, 48.97962923596611], [2.3515232113320033, 48.979586053144175], [2.3515095992031876, 48.97957114194211], [2.3514990863937335, 48.97955966464141], [2.3514596262323413, 48.97951412913608], [2.351456660166242, 48.979510965727], [2.3514190901225764, 48.97946723892374], [2.3513966034423617, 48.9794409491794], [2.351312510131984, 48.97947979167178], [2.3512149507163516, 48.97952485602172], [2.3511660326549557, 48.979547522305666], [2.3511231678890083, 48.97956680416476], [2.351085794290665, 48.97958395751408], [2.3510757625226, 48.9795886692693], [2.3511340277309434, 48.97964896438481], [2.3508682531902645, 48.97976290019594], [2.35078391832264, 48.97979913318073], [2.3506956037597693, 48.979836783363666], [2.3506292540638034, 48.97986591959122], [2.3505704603844646, 48.97989167954098], [2.3504763608073973, 48.97993307508913], [2.3504611142402334, 48.97993964697973], [2.35037690754224, 48.97997650984391], [2.350293787964524, 48.98001382816087], [2.3501697444694822, 48.98006810039818], [2.35012963354506, 48.980085598316535], [2.350141251954626, 48.98010697346276], [2.3501817480892258, 48.98017886299065], [2.3502080595363393, 48.98022702541596], [2.350221686661681, 48.980251648728334], [2.350263372027628, 48.98032678195553], [2.3503044048202204, 48.98039948365599], [2.350332990508618, 48.98045152512979], [2.3503440862519485, 48.98047100899499], [2.350370821310887, 48.980518094565305], [2.3503796430593353, 48.98053369934164], [2.3503996769774194, 48.98057040725332], [2.3504291910234802, 48.98062470184367], [2.350457928179005, 48.98067557507225], [2.350470495254393, 48.98069758478396], [2.350487462572554, 48.980728251104935], [2.350502831050167, 48.98075567147121], [2.3505143232665775, 48.98077623655925], [2.3505278219369092, 48.98080022965314], [2.3505680582861737, 48.980871128418165], [2.3505726030201703, 48.980879156333074], [2.350638314355437, 48.98085748046428], [2.3507399555342086, 48.98082493826912], [2.350912371234705, 48.980770027968056], [2.3509317117812594, 48.98076383787476], [2.350939668819583, 48.98076118318163], [2.3509716223454817, 48.98075146433064], [2.351010579993286, 48.98073881584337], [2.3510377409355905, 48.98072997029532], [2.3510654516743936, 48.980720857940675], [2.3511275860642744, 48.98070114080003], [2.3511307393047582, 48.98070025860735], [2.3511867961621036, 48.9807734009357], [2.3511680032031244, 48.980779504106785], [2.3510855640699306, 48.980806035646715], [2.350981056586875, 48.98083838277689], [2.3509414169316494, 48.98085093763896], [2.3508646021551622, 48.98087561103553], [2.3507733916037576, 48.98090434301712], [2.350711119103371, 48.98092414914994], [2.35064254115188, 48.9809456296908], [2.3506149544706236, 48.98095573179166], [2.3506311281377723, 48.98098432551648], [2.350639003883936, 48.98099911582171], [2.35070579699006, 48.980978345021796], [2.350842546410013, 48.9809351118554], [2.350949259021039, 48.98090124805584], [2.3511404666196443, 48.98084032421322], [2.3512730979472125, 48.98079859700233], [2.351386531916946, 48.98076252103885], [2.3514027676660083, 48.98078616913201], [2.3514176979276042, 48.980804954222535], [2.351397536643845, 48.98081122988102], [2.3513423940071783, 48.980829006619174], [2.3512354108259177, 48.980862689455606], [2.351181359835146, 48.98088056194803], [2.351028427995277, 48.980928743748564], [2.350967242828141, 48.98094900551996], [2.3508568281820414, 48.98098392839991], [2.3507261063430445, 48.981025845332134], [2.3506645178535455, 48.98104556521664], [2.3506786783701794, 48.98107127044094], [2.3506897766221426, 48.98109057442532], [2.3506911135178967, 48.98109291970693], [2.350715561656346, 48.981137205121705], [2.3507248091713437, 48.9811515532194], [2.3507729481613846, 48.98113670638363], [2.3507969515872635, 48.98112910275129], [2.3508339846604542, 48.98111743308187], [2.350880616381376, 48.98110293774558], [2.350927376825864, 48.98108907256136], [2.3509999322669386, 48.981066354431064], [2.3510535568415225, 48.98104982858777], [2.3510842810316976, 48.98104010305835], [2.3511683486329837, 48.98101447957923], [2.3512086613064804, 48.98100273760709], [2.351255024089378, 48.98098788097103], [2.3512702506610297, 48.9809829275237], [2.3513393782090866, 48.9809611798232], [2.3513844889845315, 48.980948114863644], [2.351429486691125, 48.9809331608543], [2.3514684241672503, 48.980922130758344], [2.351521500882568, 48.980905691668276], [2.3515837607119523, 48.98088687422096], [2.351666600574888, 48.98086106390582], [2.3517025358974917, 48.980849747733956], [2.351744912047898, 48.980836847709696], [2.351790726969578, 48.980822077830155], [2.351818909238062, 48.980862786210785], [2.3518064284065643, 48.980866675466], [2.3516351252789223, 48.980920064334725], [2.3515469350795097, 48.98094764420282], [2.351397857640039, 48.98099350925981], [2.3512856683785985, 48.98102833301226], [2.3512144893201894, 48.981050249435604], [2.351102163203007, 48.98108507227577], [2.3508883555304596, 48.98115054985302], [2.3507518844194073, 48.98119333494787], [2.3507793717897307, 48.981234939049095], [2.350785137099131, 48.98124369295692], [2.350815441685146, 48.98128944883505], [2.3508493708042746, 48.98134035003049], [2.3508992881221835, 48.98132533291931], [2.350960866747928, 48.98130642218805], [2.3510387660199994, 48.98128247400189], [2.351129428399959, 48.98125391871054], [2.351194162374135, 48.981233945828514], [2.351262056302267, 48.98121255120303], [2.3513436482703636, 48.98118826308852], [2.351410037117046, 48.981167040090426], [2.3514345869058526, 48.981159439285115], [2.3514877948746995, 48.98114345054595], [2.3515274346210355, 48.9811308955068], [2.3515744816011446, 48.98111595252262], [2.3516330386005273, 48.981098284060046], [2.3516687555489932, 48.981148295443894], [2.3517083658563034, 48.981203813267925], [2.3516840926728415, 48.98121114584928], [2.3515757674994067, 48.9812428433819], [2.351515009959544, 48.98126166894205], [2.351456732690015, 48.98127879930897], [2.351405305003114, 48.981294437959264], [2.3513475819601095, 48.98131094179591], [2.3512836777160797, 48.981330109923164], [2.351228549081791, 48.981346717656834], [2.351150110092045, 48.981370123496816], [2.351110483543951, 48.98138159938375], [2.3510557612649396, 48.9813984790102], [2.350995292297207, 48.98141604692028], [2.350943316767755, 48.981431772332954], [2.3509161655494504, 48.98143980858531], [2.350943391188294, 48.98148051197381], [2.350948357097122, 48.98148764290013], [2.3509749120804826, 48.9815273534782], [2.350987792104347, 48.98154621744139], [2.3510048284980796, 48.98157139862351], [2.3510241435174533, 48.98160009919586], [2.351053390432769, 48.981643061606434], [2.351054195507661, 48.98164423498362], [2.3510914999737023, 48.981698391641835], [2.3511262212368047, 48.98175154514054], [2.3510878340059373, 48.98176221839795], [2.351044254375217, 48.98177295347913], [2.3510516254520253, 48.98178441379867], [2.3511113464976816, 48.981881495888885], [2.3511187075007127, 48.98189376547128], [2.351169850600443, 48.981977582185216], [2.3512270404237516, 48.982069524797495], [2.351262121404198, 48.982126726794625], [2.3513532799626735, 48.98210231057051], [2.3514778707340733, 48.98207016163767], [2.351583429535367, 48.9820413268477], [2.3517096661012156, 48.98200864702104], [2.3518226230419166, 48.98197814342972], [2.351917065385955, 48.98195329489543], [2.35203919642547, 48.98192113209068]]], [[[2.365762460616441, 48.982041860608604], [2.3658834114445124, 48.98203854331666], [2.365995801204703, 48.98204264440075], [2.3660293959522583, 48.982043811112504], [2.366446180101229, 48.98205905201286], [2.366455193278174, 48.98205936938647], [2.366443650625086, 48.98204240260323], [2.366417487917917, 48.98200314722783], [2.3664018001785, 48.98197878472981], [2.3663598117028504, 48.98192649660949], [2.3663288060418726, 48.98186986017887], [2.3663073964404164, 48.98183296791894], [2.366302477728577, 48.98182179128355], [2.3662729168174343, 48.98176992846914], [2.3662347783545146, 48.98170444171071], [2.3662244730369033, 48.981686851964284], [2.3662078741572223, 48.98165879770902], [2.366181716207575, 48.981619182592674], [2.3661558775799225, 48.98157579232113], [2.3661326999464967, 48.981538261204335], [2.3660915486986944, 48.9814733879377], [2.366060614404363, 48.981422147267196], [2.366035951732921, 48.98138316948336], [2.3660338109218753, 48.981379471258805], [2.36599672394206, 48.9813734301572], [2.365925974066184, 48.98136064662037], [2.365845805730161, 48.98134718378085], [2.365802863166024, 48.981339582945324], [2.36573647287058, 48.98132781151453], [2.3657071596296233, 48.98132289051956], [2.3656897726240906, 48.98137063850865], [2.3656806794162653, 48.98139927639512], [2.3656673265270265, 48.98144111068114], [2.36564848991902, 48.981495685267994], [2.365552399361193, 48.98147710225817], [2.36541828318881, 48.981451034131155], [2.3652614024605545, 48.98142079879524], [2.3651188298570647, 48.981393606490265], [2.3650017520749853, 48.981370775428], [2.3649211884128656, 48.981356140856214], [2.364870625417055, 48.98134607137767], [2.3647833854666485, 48.98132996257077], [2.364729554846447, 48.98131897648298], [2.3646278660877735, 48.98130018323094], [2.364608387865555, 48.9812954039813], [2.364499743029179, 48.98127567452932], [2.364396426103239, 48.98125597320738], [2.3643342821699957, 48.98124332424915], [2.3642512708965104, 48.9812277770072], [2.364173848617046, 48.98121324850187], [2.364164170147601, 48.98121148863446], [2.3640792453243074, 48.98119602105477], [2.3639932419700593, 48.98117937867535], [2.36394880700129, 48.981170959938204], [2.3639249639495277, 48.981165617885466], [2.3638127820751653, 48.98114470003058], [2.3637975246074725, 48.98114111205253], [2.363740141414098, 48.9811301966008], [2.363672936593467, 48.981118060002885], [2.3636657215530774, 48.98111595346306], [2.3635741196335243, 48.98109910123367], [2.363508290907794, 48.98108616252084], [2.3634371421155094, 48.9810725660685], [2.363435740768377, 48.98107543622316], [2.3634087229745746, 48.981139678944324], [2.363390865675267, 48.98118103946987], [2.3633824454419146, 48.981199249499916], [2.36337596425585, 48.98123761295167], [2.3633755158730154, 48.98124075793655], [2.3633612500213736, 48.98126774956227], [2.363346981951853, 48.981294921023306], [2.3633429255031375, 48.98130263301882], [2.3633276383500808, 48.981334924775666], [2.3633224284219425, 48.98134757650627], [2.3633156639955826, 48.98136444644659], [2.363293967122723, 48.981418106253365], [2.363282261546505, 48.98144798904411], [2.3632797331392306, 48.9814536408791], [2.363272978599745, 48.98146970154583], [2.363258984761889, 48.98150793518243], [2.3632508134162618, 48.98152812486203], [2.363306850657223, 48.98153741475434], [2.363452169259534, 48.98156345476215], [2.3635004274110614, 48.981572073813155], [2.363599261759157, 48.981589683852285], [2.3637083211491396, 48.98160905661243], [2.363787797469898, 48.9816232366051], [2.3638649580341395, 48.981636864716926], [2.3639817913024297, 48.98165735754497], [2.364057449235683, 48.98167097756541], [2.364128063562473, 48.98168367155753], [2.3640552945841065, 48.98175774343098], [2.363995395414417, 48.9818183947916], [2.363959283987388, 48.981855432138175], [2.363934104668, 48.981881107007936], [2.363884982072693, 48.981931923736504], [2.3638570462098505, 48.98195956231383], [2.3638946533974425, 48.98196776502219], [2.3639392025415997, 48.981978072792096], [2.3639808905356254, 48.981987735903886], [2.3640107284327434, 48.981994458590464], [2.3640443815968477, 48.98200201081672], [2.3640795320121075, 48.98201002059338], [2.3640595430517246, 48.982046963577126], [2.3640660828737783, 48.98204843703894], [2.3641862433704115, 48.982076231186376], [2.3643500091431116, 48.98211333865474], [2.364465952522377, 48.9821396713799], [2.364514728144373, 48.98215072072035], [2.364606963621229, 48.98217180201558], [2.3646145853884866, 48.98217418042374], [2.3645650742294397, 48.982223286789264], [2.3646118128402533, 48.9822333361285], [2.364622578927035, 48.98223555134042], [2.3646395714672312, 48.98222017430626], [2.364675225556931, 48.98218700110484], [2.3647270480122247, 48.98213880617846], [2.364758430711887, 48.982108577843306], [2.3647861965920947, 48.982083635900366], [2.3648250277610896, 48.98204760188611], [2.3649026855425315, 48.98197589349141], [2.364921744687623, 48.98195908856115], [2.36493598391698, 48.981945405474015], [2.365001053401455, 48.981975874667455], [2.36498225761362, 48.98199349032558], [2.36489906506759, 48.98207092464409], [2.3648691918107247, 48.98210062146036], [2.3648212320626567, 48.98214577946431], [2.364776862646441, 48.98218780909758], [2.3647100671954475, 48.98225381974814], [2.3647611544175877, 48.98226578047368], [2.364781724827623, 48.982270655399915], [2.3647843127937955, 48.982271298575405], [2.3647965728539795, 48.98227424107892], [2.3648822948609225, 48.98221345628648], [2.3649718770278914, 48.98218335615387], [2.365148160089845, 48.982124129610106], [2.365231492219339, 48.98210235919592], [2.3654283066669017, 48.9820511542406], [2.365762460616441, 48.982041860608604]]], [[[2.337452118398809, 48.981800360473684], [2.3374712487771747, 48.981746511190714], [2.3374876996078937, 48.981688510558655], [2.3375052831971925, 48.98161666774137], [2.3375427036301732, 48.981467688958006], [2.3375556390822787, 48.98140679129212], [2.337484287611125, 48.981388142502304], [2.337422471441043, 48.981371704533444], [2.3372224402145436, 48.98131961211818], [2.337210732971177, 48.98131631013895], [2.337153321447865, 48.9815329817771], [2.3371424183306506, 48.98157374744421], [2.337068975209171, 48.981858313629075], [2.3370032387389292, 48.98211702392695], [2.3370843536351233, 48.98213078107018], [2.3371729460777266, 48.98176176925053], [2.3372686848228295, 48.981775067526414], [2.3373715205615198, 48.98178894447579], [2.3373356191610406, 48.98192588162145], [2.337323859741045, 48.9819695201557], [2.3373099639753665, 48.98201998117635], [2.3372712623437977, 48.98216220837309], [2.3373181574562536, 48.9821702908928], [2.3373534668461686, 48.982176241126965], [2.33737677287021, 48.98206279475399], [2.3373903330706365, 48.98199578569736], [2.337393573558024, 48.981977368996], [2.3373941612782403, 48.98197413494657], [2.3374026549397584, 48.981950891316195], [2.337426642314841, 48.981880432770204], [2.337452118398809, 48.981800360473684]]], [[[2.3397371007342427, 48.981995056284035], [2.33983523652679, 48.98199181952282], [2.3398502244941404, 48.982091808508045], [2.3398377733106557, 48.982093268712426], [2.3398429810855657, 48.982135022497715], [2.339858312571799, 48.98213267889416], [2.339923173307661, 48.98212467278238], [2.340051513747505, 48.982109821879384], [2.3401682283240817, 48.98209598599308], [2.3402083243766203, 48.98209081103322], [2.3402778355486586, 48.98208238068256], [2.340368002618028, 48.98207190567501], [2.3403960516025757, 48.98206864275685], [2.3404993551267266, 48.98205653130656], [2.340493591459655, 48.98204777691116], [2.3404742855125664, 48.98201880489996], [2.340443585473665, 48.981972594595184], [2.34037801220579, 48.9818752950666], [2.339824130661004, 48.98191963867165], [2.339820108578139, 48.98189209953022], [2.339818734911577, 48.98188193046128], [2.339816753569737, 48.98186582300705], [2.33986873017373, 48.98186107324005], [2.3399931923099877, 48.981850337601614], [2.3401299494892154, 48.981839669464634], [2.3402951561775223, 48.98182645987887], [2.340342334154941, 48.98182303239122], [2.3403036906597157, 48.98176760602456], [2.3401982829215773, 48.98177332106795], [2.3400640363270133, 48.98177995647443], [2.339843522412828, 48.9817912427533], [2.3396674450223407, 48.9817998057126], [2.3396484456651514, 48.98180051045424], [2.339505596940947, 48.981806738185426], [2.3393404586962654, 48.98181455156943], [2.3391317011233057, 48.98182527181051], [2.3390995744092704, 48.981826893320964], [2.3390536430083633, 48.981828978315306], [2.339029994245878, 48.98183001704239], [2.338939646234233, 48.98182250507369], [2.3389386048128693, 48.9819151219534], [2.3389392980615655, 48.98212914693871], [2.3389393982190785, 48.98230387146033], [2.338940484139102, 48.982325909028695], [2.3390383479929344, 48.982311880438125], [2.33904820931464, 48.9823099564235], [2.3391513513121938, 48.98228912253349], [2.339149951506455, 48.98225952955136], [2.3391457703928062, 48.98216931190321], [2.33914426713838, 48.98213711052719], [2.339143753293101, 48.982123798819], [2.3391394595994615, 48.98203169211681], [2.3391389720540876, 48.982016312280415], [2.339218250811915, 48.9820133318416], [2.339350695864297, 48.98200875572965], [2.339439951888686, 48.98200547038989], [2.3395456048392353, 48.9820020054824], [2.339648936504559, 48.98199843777941], [2.3397371007342427, 48.981995056284035]]], [[[2.3490659417687647, 48.98223389068843], [2.3490546248155595, 48.98217753638938], [2.3490360285297096, 48.9821787843532], [2.3489947319280415, 48.982181707624925], [2.348981598220982, 48.9821176998526], [2.349032182204648, 48.98211500683177], [2.3491756176221483, 48.98210553365209], [2.349202685009609, 48.98210424169723], [2.349222933005825, 48.98210201349548], [2.3491350001172715, 48.98205423602715], [2.3490790883884114, 48.98202416756988], [2.3490450249568364, 48.98200590786093], [2.348980028992377, 48.98197030465111], [2.3489470551523093, 48.98195232060029], [2.3488957648105435, 48.98192416555424], [2.3488448787287384, 48.98189646230337], [2.3488089209160705, 48.98187675344527], [2.348740399270891, 48.98183906269131], [2.348700774417228, 48.981817625320716], [2.348655857782666, 48.98179328161164], [2.348529129915256, 48.98172335138625], [2.3484749903387665, 48.98169365195722], [2.348383946069702, 48.98164351896966], [2.3482908415264876, 48.98159427396522], [2.3481635614231284, 48.981524879884105], [2.348146600026166, 48.981515615389725], [2.3479851255286572, 48.981427600713374], [2.347805189838637, 48.98133013326119], [2.347803928745749, 48.981332644300416], [2.3477585249453243, 48.98144516318296], [2.347707113484228, 48.98156826049953], [2.347704576606251, 48.98157445151758], [2.3476623177901863, 48.98167583676521], [2.3476162348374867, 48.98178799216861], [2.3476124311810955, 48.98179714381289], [2.347563488209532, 48.98191944513193], [2.347560392430465, 48.98192662227809], [2.347514602581078, 48.982037160566506], [2.3475051526223822, 48.98206075938396], [2.3474861036477424, 48.98210894537692], [2.347483139943884, 48.982116482937386], [2.34746315157129, 48.982163314943286], [2.3474625859261438, 48.98216484058754], [2.3474561357655346, 48.982188905339456], [2.3474364047651792, 48.982291402163426], [2.347434506854671, 48.98230110371311], [2.347420590327376, 48.98237575548065], [2.3474158269069036, 48.9823960525619], [2.3474165032010985, 48.982396595789275], [2.347444805952446, 48.98239486132668], [2.347550219798033, 48.98238869032652], [2.347654819579755, 48.9823820651834], [2.3478092991248896, 48.98237445218435], [2.3478789009260126, 48.982369614918944], [2.348004000571132, 48.9823624714323], [2.3481321124485786, 48.98235480463484], [2.3482350637032976, 48.98234888942653], [2.348417861536235, 48.98233828212714], [2.3485914937884336, 48.98232861395307], [2.3487330048914807, 48.982320120024], [2.3488963887570167, 48.982310575621696], [2.3489547711674708, 48.982307025710824], [2.349029833932978, 48.98230248718897], [2.3490779613035326, 48.98229960096844], [2.3490659417687647, 48.98223389068843]]], [[[2.338637843281268, 48.9823597612742], [2.3386432383630624, 48.98223641413808], [2.338650844642258, 48.98208960879038], [2.3387486719896198, 48.98208915888701], [2.338744332266203, 48.98216179424689], [2.338732869754985, 48.98235399037478], [2.338831455021518, 48.98234769946495], [2.3389249821347655, 48.98234165037553], [2.338923496543086, 48.9823402933166], [2.3389231073112766, 48.98224200332517], [2.3389210317235944, 48.98207221377428], [2.338919549625953, 48.98187724850289], [2.3389190624138854, 48.98181888457466], [2.3388849437064327, 48.981815998806574], [2.33885165497009, 48.98181230827902], [2.338837056924898, 48.98181069910199], [2.3387648806646504, 48.98180310730103], [2.338758058070674, 48.98180244022084], [2.3386575077245584, 48.98179145465765], [2.3385901072152677, 48.98178433870344], [2.3385790553760737, 48.98178319867095], [2.338516559185715, 48.98177718881377], [2.3384562453676034, 48.98177146073335], [2.3384075286973727, 48.98176696560415], [2.3383994766051917, 48.98176629172288], [2.338325654258846, 48.98175923012779], [2.3382326028575147, 48.98174945459173], [2.3382274173302102, 48.98174897636174], [2.338113768492816, 48.98173665913477], [2.338053992051385, 48.98173165321545], [2.337916699140174, 48.981720014657434], [2.33788722535462, 48.98171715424008], [2.3377940260423524, 48.98170827679518], [2.337729356848614, 48.98170126535748], [2.337693851541165, 48.981699990242845], [2.337689755480233, 48.98169978777905], [2.3375588261804188, 48.98169268018813], [2.337527458588962, 48.98176336779085], [2.33748848805083, 48.98185172859638], [2.33746696511393, 48.98190034902013], [2.3374465533768025, 48.981947536777035], [2.3374399365735217, 48.98196287738706], [2.3374395038098044, 48.981964673494495], [2.3374370300835245, 48.98197652991602], [2.3374175604591008, 48.982067696130514], [2.3374050079589628, 48.98211996307353], [2.3374040919856993, 48.98212751170306], [2.3374017928800193, 48.982147102624886], [2.3373984599113045, 48.98219420484333], [2.337397063211711, 48.98221802721641], [2.3373957861194903, 48.98225390018015], [2.3374743948825176, 48.98224992801784], [2.3374899791035078, 48.98224920475958], [2.3376104098247867, 48.98224402466649], [2.3376493686482287, 48.98224235135062], [2.337772668214356, 48.98223718693424], [2.337771829326605, 48.982249412083284], [2.337771358762185, 48.98225417550277], [2.3377652345426543, 48.9823166394653], [2.337774805499396, 48.98231606282489], [2.3380131448185684, 48.982299932837826], [2.3382930396200674, 48.982282053251716], [2.338349781073188, 48.9822786792963], [2.3383429141778382, 48.98232441316694], [2.3383349925247825, 48.98237787475364], [2.3383494804295344, 48.98237741511145], [2.338413325887113, 48.982374080306634], [2.3384503813494106, 48.982371676835044], [2.3385310565795088, 48.98236636650331], [2.338567565576716, 48.982363959982436], [2.338637843281268, 48.9823597612742]]], [[[2.347327007460224, 48.9824951160629], [2.3473538043738653, 48.98233042978819], [2.347360863157227, 48.9823014224941], [2.3473654673940314, 48.982282923042334], [2.347372674069153, 48.98225301730329], [2.3473905490177582, 48.98218953773735], [2.3474116653845423, 48.98210728152087], [2.347412509901862, 48.98210530776993], [2.3474209697489576, 48.98208440131773], [2.3474494913388226, 48.98201081814836], [2.347462034852536, 48.98198022202835], [2.347493474861105, 48.981902698025806], [2.3474991041796613, 48.98188959962538], [2.3475140208441223, 48.981854969788984], [2.3475345577587157, 48.98180796089577], [2.3475445541066766, 48.981784365042394], [2.3475697368737194, 48.98172641058213], [2.3475937318418363, 48.98166512243617], [2.347631839388852, 48.98156794110255], [2.3476589457522383, 48.98149821692199], [2.34767617550989, 48.981453438126984], [2.347727361106132, 48.98132656273944], [2.3477358184428265, 48.98130583608715], [2.3477424524360906, 48.981288876363244], [2.347736081381029, 48.981284885029666], [2.3476651237449935, 48.981245471815015], [2.347537176953502, 48.981174904389], [2.3474907869273007, 48.981148304088066], [2.347438409800903, 48.98111978277827], [2.347321085181742, 48.981128136992595], [2.34705826245068, 48.98114720963142], [2.3470325616127745, 48.981148508539476], [2.34703703900733, 48.98118360360375], [2.3470531492189224, 48.981293219757326], [2.347038520563868, 48.98129403938229], [2.3470271728276706, 48.98129469701432], [2.3470285467593603, 48.98130495592498], [2.347036304920886, 48.981361650803095], [2.3470405497830242, 48.981393507300346], [2.34705701439026, 48.98152929348447], [2.347070954405839, 48.98152891973311], [2.3470719512776332, 48.98153656876883], [2.3470863022590773, 48.981536107327635], [2.3470874651147633, 48.981541419221166], [2.347087847838403, 48.981543579499935], [2.3470973945471703, 48.98158841401913], [2.347099190760974, 48.98159768605134], [2.347109693771566, 48.981642525771846], [2.346665303064303, 48.98168300052986], [2.3466780827500027, 48.98174233057994], [2.3466859581475505, 48.98178967391783], [2.3466874855918207, 48.98179858479189], [2.346697400994186, 48.981857539535326], [2.3467078594780135, 48.98191676700641], [2.3466917199927964, 48.98191820783557], [2.3466926567549495, 48.9819415034586], [2.346697944114064, 48.9821729986436], [2.3467004703554406, 48.982211140504], [2.346510186025214, 48.98221954621151], [2.3465143301789526, 48.982313720016954], [2.3465220215920684, 48.98241915373087], [2.346524200058314, 48.98245234783108], [2.3467167873289543, 48.982445573284956], [2.346710415008481, 48.98236559547808], [2.346918355658013, 48.98236555864984], [2.346919204502997, 48.98238498701772], [2.346921335764681, 48.98242195769294], [2.347063576703218, 48.982420663684024], [2.3470655878626507, 48.9825324510868], [2.347065779677362, 48.982549807605295], [2.3470663040566864, 48.9826385661717], [2.3470681390770913, 48.982753499958015], [2.34706807242613, 48.98275880515374], [2.347069148919504, 48.98284711708404], [2.3470698551858673, 48.982921398737886], [2.3470699634830767, 48.98293452833434], [2.347070235280344, 48.982978143294694], [2.3471743778953504, 48.98297538284134], [2.347183399019633, 48.98297507223266], [2.347226941012538, 48.982945723938236], [2.3472563849765127, 48.982777005543255], [2.3472590484534726, 48.98276074366152], [2.3472960445013946, 48.98254548530754], [2.347318182764142, 48.982545066205994], [2.347327007460224, 48.9824951160629]]], [[[2.3550524987589507, 48.98256180698454], [2.355080630285908, 48.982540825923365], [2.354979159315502, 48.982482548750134], [2.3549390742715834, 48.982508950919396], [2.3548817795897596, 48.98254596156602], [2.354860151449221, 48.98256032312925], [2.354803491659577, 48.982513167665324], [2.3548018679179092, 48.98251189998717], [2.354764286610963, 48.982479684679234], [2.354762529606463, 48.98247814650975], [2.354736344656453, 48.98245237713872], [2.354731124298554, 48.98245468710116], [2.3546713144077316, 48.98239717328699], [2.354715819556995, 48.98237789902943], [2.3547210387915296, 48.98237567898617], [2.354665560443974, 48.98232142575181], [2.3546548476368505, 48.9823259542824], [2.3545676140234253, 48.98225444447829], [2.3546157920184605, 48.9822364489619], [2.354697167739667, 48.98220757126695], [2.3547582386482113, 48.982185508508564], [2.3548146467951336, 48.98216485943728], [2.3548693999127854, 48.982145460384906], [2.3549351423064437, 48.98212126446479], [2.355002255233142, 48.98209671617837], [2.3550883088355956, 48.9820651656264], [2.3551396386133794, 48.982046377519495], [2.3551702460966357, 48.982035031681626], [2.3551624570410628, 48.982013138110204], [2.3551428559364025, 48.981952243643974], [2.355136934853282, 48.981933957098754], [2.3551212759807703, 48.98188567327608], [2.3551081101235503, 48.98184567592519], [2.3550930897347753, 48.98180099251589], [2.354990774122795, 48.9818329052657], [2.3549134301090593, 48.981856229513056], [2.354835119692578, 48.98188035783561], [2.35476024014579, 48.981903245614134], [2.354723754961054, 48.98191482950755], [2.3546839854753143, 48.981926845346436], [2.354643058908432, 48.98186700509507], [2.3546238851034174, 48.98183776633521], [2.354647056333678, 48.98183114663382], [2.354811608442845, 48.98178230336365], [2.354942425324229, 48.981743619818346], [2.3550617275473185, 48.981708021592176], [2.3550511891302452, 48.981676491278584], [2.3550435658026507, 48.98165226053929], [2.3550390973049904, 48.98163802840651], [2.3550214374201457, 48.981585867034276], [2.355020782258888, 48.98158361539321], [2.354995868787773, 48.98151046254858], [2.3549712654366677, 48.981434343843816], [2.3549018956908876, 48.9814536643518], [2.35482607278683, 48.981475557931944], [2.3547549180523095, 48.98149558815295], [2.3546899353433295, 48.981513673188005], [2.3546213794735684, 48.98153344753527], [2.3545277454542815, 48.9815593816435], [2.354451242530635, 48.98158100155308], [2.354366788136688, 48.98160482673863], [2.3542883680453315, 48.9816267959251], [2.354220646069349, 48.981645405509624], [2.3541544234235787, 48.98166429290206], [2.354106027331646, 48.981677880754084], [2.354129867110779, 48.98171640697257], [2.354037051071573, 48.98174243502509], [2.353946854043557, 48.9817665886906], [2.3538763961652087, 48.98178545312026], [2.353829519391879, 48.98179770017214], [2.3538245856995017, 48.981798932543654], [2.3536646012037057, 48.98184294313798], [2.3536056621775296, 48.98185836240379], [2.353571118419513, 48.98186761836613], [2.3535407706455644, 48.981814129463636], [2.353499812894714, 48.98174592563901], [2.3534937840655177, 48.981747331944646], [2.3534510279729317, 48.981757802561475], [2.35335223526526, 48.98178101020674], [2.3533044065623048, 48.98179289222391], [2.353229732457511, 48.98181020482544], [2.353183955122431, 48.981821918004734], [2.3532250960357093, 48.98187537526498], [2.353259530607562, 48.9819188147082], [2.353279143723519, 48.98194562808844], [2.3532803542157126, 48.981947163334546], [2.353336276475394, 48.98200951285666], [2.353391537060225, 48.98207015021223], [2.3534238811778656, 48.982105934730534], [2.3534244197994028, 48.982106567106555], [2.3534889423247964, 48.982169502447185], [2.353490697044063, 48.982171220473155], [2.3535469802636273, 48.9822265576996], [2.35358302992513, 48.98226101326604], [2.3535888360824258, 48.98226652995842], [2.3535996499686442, 48.982275850470835], [2.3536306112676444, 48.9823020055315], [2.3536456176953306, 48.982314765767065], [2.3536742800912314, 48.98233902001052], [2.353694962814478, 48.98235675667894], [2.35374944007889, 48.98240354122374], [2.353766745521005, 48.982418202245746], [2.3537951381567352, 48.98244218523018], [2.3538212251504165, 48.982464806917946], [2.3538237928669, 48.982467068865624], [2.353864479932575, 48.982502178789126], [2.353918496239575, 48.98255309730138], [2.3539452496474143, 48.98257707141829], [2.3539570020784257, 48.98258783574416], [2.3539811699079896, 48.98261098660614], [2.3539977745294993, 48.982627082611955], [2.354048710429909, 48.98267303861414], [2.3540574909107552, 48.982681089186784], [2.354096312909945, 48.982723382953196], [2.3541076421511145, 48.98273522407988], [2.3541123622042064, 48.98274019534841], [2.3541461057889164, 48.9827733793642], [2.354155548145141, 48.98278314206039], [2.354197501270785, 48.98282635189216], [2.354199119420719, 48.98282806917126], [2.354233641468742, 48.98286458456153], [2.3542952858236745, 48.98292840316675], [2.3542969028628424, 48.982930210363], [2.354395142673766, 48.98303963781398], [2.3544044362226315, 48.983050388857706], [2.3544626153546533, 48.98311823532347], [2.354518229089936, 48.98318363998825], [2.35457291457027, 48.98324679151323], [2.3545836897529537, 48.98325925907931], [2.3546344682340625, 48.98331798324601], [2.354644032881649, 48.9833289155754], [2.3546535930668986, 48.98334020757827], [2.3546896859480113, 48.983382306591146], [2.3547023514876444, 48.983396582804865], [2.3547268774021757, 48.98342396187714], [2.3547703538345788, 48.98342158790355], [2.35479866051204, 48.9833975504282], [2.354838982274898, 48.983363146307845], [2.3548897872761896, 48.98332070533193], [2.3549207107573045, 48.98329497333015], [2.3548791339008304, 48.98327640514051], [2.3548854930265897, 48.98327041438789], [2.3549060850007613, 48.98324049029972], [2.3549883200429, 48.983109462688674], [2.3548909768883064, 48.98308178204192], [2.3548701472481843, 48.98307582493079], [2.354896678358468, 48.98304071714895], [2.3548699068550087, 48.983029152759194], [2.354843679592858, 48.98301777113932], [2.35475507407366, 48.982979616185865], [2.354745427969859, 48.98297524792141], [2.3548004170810675, 48.98292590527735], [2.3548077380609476, 48.98291947007691], [2.354857473173449, 48.9828751349278], [2.354886065020766, 48.9828501097838], [2.3549116301053536, 48.98282677692512], [2.3549431376871697, 48.98279799061025], [2.35499951935358, 48.98274649716497], [2.3548794160271953, 48.98269234620021], [2.3548916885740114, 48.982683239880934], [2.354921762969466, 48.98265984134064], [2.354959405818532, 48.98263207717904], [2.355005743492856, 48.98259725570495], [2.3550524987589507, 48.98256180698454]]], [[[2.3554210293892677, 48.98386805411887], [2.355524476874036, 48.983866361771824], [2.3555308979062834, 48.983866396265576], [2.3555311782746524, 48.983810734475604], [2.355531443077757, 48.983778363058974], [2.355532024602399, 48.98374248628503], [2.3555336850088455, 48.9836526605679], [2.355558549329471, 48.98365279413563], [2.355558466761365, 48.98363741659138], [2.355559696257267, 48.98361539167699], [2.3555611856061462, 48.983594447252834], [2.3555615614201177, 48.98358617621116], [2.3555620760810134, 48.98357772606612], [2.3555627641535604, 48.983566309341654], [2.35548957817324, 48.9835516181765], [2.3554097777585845, 48.98349741453738], [2.355336607031014, 48.983448462093094], [2.3553346943985267, 48.9834484518153], [2.355281821541227, 48.983448347532686], [2.3552454804087626, 48.98344824215129], [2.355077551824679, 48.98344949770979], [2.355046807509109, 48.98344978205375], [2.3549312086563363, 48.98345086910025], [2.354859890323181, 48.98345084529792], [2.354826921934201, 48.9834762065853], [2.354795748508185, 48.98350004879882], [2.3547945100269296, 48.983500761534756], [2.3548396135826883, 48.983554419301576], [2.3548565627652924, 48.983575822574274], [2.354908620976719, 48.98364156760263], [2.354913598797211, 48.98364779916459], [2.354981175072891, 48.98372918454753], [2.3549873489868194, 48.983738120273586], [2.355013522904725, 48.98377584946168], [2.3550503044104105, 48.98382856314536], [2.355057152509087, 48.983838221887716], [2.355072042714642, 48.98383839185989], [2.3551113076311694, 48.98385613822136], [2.355193643464023, 48.98386017776863], [2.355292508935854, 48.983864396014525], [2.3553382446342956, 48.98386715967475], [2.3554196632121336, 48.983868046778554], [2.3554210293892677, 48.98386805411887]]], [[[2.3541789749323065, 48.98297588676304], [2.3541762817338614, 48.982972724902375], [2.3541139767464965, 48.98290710418857], [2.354106827777895, 48.982899691878515], [2.3540439329190117, 48.98283757500831], [2.354043527544481, 48.982837213126984], [2.3539528121013773, 48.98274904810112], [2.3539264874483745, 48.98272354758011], [2.3539232433483144, 48.982720742444634], [2.3538867430549866, 48.98268952185909], [2.353867564011858, 48.98267170340445], [2.353860135174144, 48.98266482911832], [2.3538087884873833, 48.982618960746734], [2.3537656937421607, 48.982579701303855], [2.353740567487194, 48.98255672508347], [2.353662701845991, 48.98249003110559], [2.353650129813895, 48.9824792623336], [2.3535813224691364, 48.98242026069924], [2.353580511733156, 48.982419536933186], [2.3535213593805633, 48.98236418427247], [2.3535200122578366, 48.9823626482932], [2.35350882543806, 48.982350358249754], [2.353453757104986, 48.982296196581025], [2.353417178949866, 48.98226029933285], [2.353397198445079, 48.98224103767915], [2.3533835627083723, 48.98222792510045], [2.3533429399543877, 48.98218768964012], [2.3533421292252577, 48.98218696587228], [2.3532795339852313, 48.982122871821446], [2.353228213989074, 48.982063964231784], [2.3532221536900417, 48.982056917430114], [2.3531724642243663, 48.98199873800092], [2.353166943676829, 48.98199223365456], [2.3531320623632284, 48.98195175929484], [2.353102838246619, 48.981917790010165], [2.3530420822689226, 48.981848669948455], [2.3529554924909535, 48.98186834608625], [2.3528888894928204, 48.98188480276069], [2.3527734038100707, 48.98190998815167], [2.352674479497798, 48.98193274490495], [2.3527064579627894, 48.981986872296936], [2.352331691529366, 48.982075583632984], [2.3523516614002595, 48.982106625551346], [2.3523688083598406, 48.98213396531218], [2.3523319473779862, 48.98214275878426], [2.352297966465975, 48.98215066854763], [2.352231237491991, 48.982166224928285], [2.3520918736661707, 48.98219982357395], [2.3520145872241986, 48.98221838025512], [2.3519447002738922, 48.98223517836465], [2.351918016544748, 48.98219474794036], [2.351877705563318, 48.98212960451125], [2.3517548897464877, 48.98216185337291], [2.3516885367850375, 48.98218010922608], [2.3515720540506275, 48.9822194062537], [2.351497132186425, 48.98224552905984], [2.351490806455942, 48.98224882207894], [2.351461921281034, 48.98226440275357], [2.3513676318280794, 48.982320725404485], [2.351336659214277, 48.982339352202196], [2.3512009422939952, 48.98242000015643], [2.351040170318729, 48.982515799618994], [2.350976829264105, 48.9825553835235], [2.350950390468477, 48.98257196647897], [2.350886399897374, 48.98260884907942], [2.350819618541189, 48.98265039262707], [2.350777505625654, 48.982674894021656], [2.3508140284584425, 48.98268228564282], [2.3508427918374837, 48.982731180471376], [2.3509049879759116, 48.98283798783239], [2.3509276409585365, 48.982851059550796], [2.351015991179908, 48.982898478212114], [2.3512090511504646, 48.982996191469965], [2.351231316881938, 48.983007462540826], [2.351404677244882, 48.983096346243414], [2.351537188339673, 48.98316324712437], [2.3515929405482137, 48.983184410987825], [2.3516892282395507, 48.98321991205605], [2.3517864678886613, 48.9832557778873], [2.3520086805235443, 48.98333862991348], [2.352176344912499, 48.98340239272592], [2.3523528785871397, 48.983467102425266], [2.3523683643597972, 48.98347429006844], [2.352349901308616, 48.983431925829095], [2.35234710968021, 48.983425705960016], [2.3523274496131954, 48.983380727439005], [2.352309237448765, 48.98334016303621], [2.352285206955123, 48.98328410017977], [2.3522474614581967, 48.98319936722991], [2.3522074821602565, 48.98310751815208], [2.352267218056576, 48.98309408222607], [2.3524340999116125, 48.983056135702306], [2.3524630086952705, 48.983049637320995], [2.352486986990288, 48.983044101491934], [2.3525533004472843, 48.98302908228158], [2.352627147875617, 48.98301248504649], [2.3527497691938573, 48.98298500026671], [2.352835124654156, 48.98296585717691], [2.352855800669747, 48.98301704591162], [2.3528806748820177, 48.983082195604815], [2.3528827901954883, 48.9830878722673], [2.3529021908614203, 48.98314274101817], [2.3529025850344727, 48.983144002089176], [2.352922438133238, 48.98319545613819], [2.352925748292999, 48.98320392690742], [2.352947054955553, 48.98325934547277], [2.3529508925560956, 48.98326934780412], [2.3529720022044187, 48.98332962122801], [2.352972800632007, 48.983331334101926], [2.3529789271357884, 48.983344046514944], [2.3529954556500208, 48.98338819871738], [2.3529966471370596, 48.98339126258002], [2.3530128061303786, 48.9834321754992], [2.3530181947226723, 48.983449290235015], [2.353019770316018, 48.983454424434655], [2.35304702014983, 48.983537302021844], [2.3530704010796524, 48.98361269499183], [2.353074471669083, 48.9836259358573], [2.353075256672979, 48.983628727752695], [2.353077491857494, 48.98363575392383], [2.3530935278704943, 48.983686557863216], [2.353094974696194, 48.98369106189417], [2.3530993084591922, 48.983705113498104], [2.3530772537591407, 48.98370976057445], [2.3529563946148095, 48.983738244353084], [2.352933642247074, 48.98374405665976], [2.3530088200423522, 48.98378528787645], [2.3531175096956884, 48.983845404058385], [2.353151030412232, 48.983863569714394], [2.3531810214741595, 48.98387991783896], [2.353259069755438, 48.98392107444322], [2.3532859332200213, 48.983936236660405], [2.3532872904470894, 48.98393696337325], [2.353347540282356, 48.98395913981283], [2.353383741921066, 48.98397048558519], [2.353403360087632, 48.98397499762598], [2.353421752052015, 48.9839792332812], [2.3534625281149704, 48.98398529813453], [2.353510150747646, 48.98399014092514], [2.353553856205895, 48.98399136560718], [2.353568065597224, 48.983991352248154], [2.353588152918302, 48.98399110078509], [2.3536801426874066, 48.98398790949762], [2.3537602299079308, 48.98398600289294], [2.3539440481860687, 48.98398159745556], [2.3540316504939245, 48.983979641215114], [2.35405917275536, 48.98395281203857], [2.3541050774918904, 48.98390899615936], [2.354113510636301, 48.983901038276265], [2.3541372927320245, 48.98387832547369], [2.3541560828203005, 48.983861520813015], [2.354191207195965, 48.98382762848867], [2.354232539647717, 48.98378891364364], [2.35423585645555, 48.983785874062065], [2.3542763624331826, 48.983747694299446], [2.3543551715786575, 48.98367267174363], [2.3543616651962704, 48.983666861593385], [2.3543877807375626, 48.983643262049526], [2.354452643822923, 48.98358003441689], [2.354505844431529, 48.983531761402105], [2.354555325021994, 48.983485986236374], [2.354587528567367, 48.98345621460343], [2.354558728137315, 48.983420989066204], [2.3545534793815235, 48.98341457618098], [2.3545513247863132, 48.98341204670024], [2.3545039237438004, 48.98335639811259], [2.354495978413482, 48.98334709312799], [2.3544769913785286, 48.983324779587235], [2.3544286375333026, 48.98326885606373], [2.3543886545674506, 48.983220980856444], [2.3543789611967774, 48.98320941834015], [2.354339762270199, 48.98316442492059], [2.3543016496342712, 48.98311997688042], [2.3542994950634353, 48.98311744739444], [2.354293706610584, 48.98311049204312], [2.354258438401535, 48.983068037638034], [2.3542333820817056, 48.98303939665869], [2.354213311286847, 48.983016357837734], [2.3541789749323065, 48.98297588676304]]], [[[2.3519777062238143, 48.9826451435214], [2.3519576367549946, 48.982611133503774], [2.3519407810226998, 48.98258235647431], [2.3518702183369724, 48.98259852141433], [2.3517688310167375, 48.982621443957946], [2.351709087683394, 48.98263550907216], [2.351677324991107, 48.982575087881536], [2.3516699749768146, 48.98256191915496], [2.3516515361371395, 48.98252863729218], [2.3516368495995854, 48.982501220810484], [2.351631374062019, 48.98249111965108], [2.351603009819286, 48.98244303648345], [2.351714141313399, 48.982416569746725], [2.3517734779168395, 48.98240223265661], [2.3518361021894005, 48.982387193902575], [2.351892288760647, 48.982373469207154], [2.351946551498181, 48.982360633339944], [2.352027125872242, 48.982341375065424], [2.352101937754384, 48.98232406395892], [2.352197042366049, 48.98230092735587], [2.352320774190559, 48.98227192028056], [2.3523594235664, 48.98226214729543], [2.35242455531259, 48.98231996078588], [2.352491974908634, 48.98238057425138], [2.352539413183197, 48.98244395742622], [2.3524948792235527, 48.982454508028994], [2.352456649655217, 48.98246347400038], [2.3523723889131616, 48.982482532811325], [2.352270031173341, 48.98250661956085], [2.3521900120561257, 48.98252516159725], [2.3521865854945885, 48.982526042340815], [2.352208914758638, 48.98256510030724], [2.352223934244512, 48.982587752504976], [2.3522116030927633, 48.98259056351011], [2.352136097703571, 48.98260868025949], [2.352064313360565, 48.9826242092429], [2.35198880787115, 48.98264232589899], [2.3519777062238143, 48.9826451435214]]], [[[2.354647770321003, 48.983534053675186], [2.3546302758875717, 48.983512557513855], [2.3545708405504886, 48.98356781115863], [2.3545281099695763, 48.98360912641631], [2.354447629372526, 48.983686747906866], [2.3544123853968877, 48.98371929079722], [2.354359159933646, 48.98376954197025], [2.354272338562594, 48.98385162543765], [2.3542106830520835, 48.98390956467717], [2.3541742989027554, 48.9839458781861], [2.3542904884350264, 48.983963319500184], [2.354379967942099, 48.98397522148981], [2.354565855513636, 48.984002209902656], [2.3546866925518017, 48.98401949598511], [2.3547737041889074, 48.984032103801084], [2.3549066780607646, 48.9840512534259], [2.355034616126553, 48.98406884711258], [2.3550349630138077, 48.984062913958184], [2.355027649880089, 48.98404668822551], [2.3550031471265607, 48.983995389430056], [2.354988948612437, 48.98396150146497], [2.3549617464066204, 48.98391855112593], [2.354948604509613, 48.983898607139785], [2.3549359901202003, 48.9838801947055], [2.3549268452078205, 48.98386845534188], [2.3549200317289793, 48.98385600911727], [2.3549026815050573, 48.98383388430689], [2.3548502784347556, 48.983773892606266], [2.354806377441844, 48.98372239951262], [2.3547496955076275, 48.983654921009155], [2.3547062201967215, 48.98360217121748], [2.3546747107143626, 48.98356504272595], [2.354647770321003, 48.983534053675186]]], [[[2.355261789304807, 48.98391773603045], [2.355104349276583, 48.98391041524475], [2.3551080875437167, 48.98391744945448], [2.355138166038802, 48.983970846467386], [2.3551535283882354, 48.984010046217506], [2.355176079593369, 48.98406448185002], [2.355178601705139, 48.984070430425305], [2.3551902369785642, 48.98410169677545], [2.3551919940506107, 48.98410323493633], [2.355247646793849, 48.98409957736461], [2.355267747534738, 48.984098246597924], [2.3554051649311654, 48.98408963286797], [2.3554876260524633, 48.98408360133642], [2.355483115938194, 48.984050664728436], [2.3554773556247213, 48.98400836925104], [2.3554689030877722, 48.98394079051191], [2.3554675619906025, 48.98392774424832], [2.355374717607646, 48.98392274917982], [2.355261789304807, 48.98391773603045]]], [[[2.3479052986005606, 48.98406591759874], [2.347856190280729, 48.9840270730049], [2.347808221557535, 48.984028071185406], [2.3478056097046553, 48.983985792421], [2.3477975340430715, 48.98391075139179], [2.347794956209823, 48.98388753682645], [2.34781532013912, 48.98388701805991], [2.3478130356067157, 48.98382954380837], [2.34781245294799, 48.98382153734945], [2.3478945747217796, 48.98382081474084], [2.347905094267654, 48.98382087192073], [2.34790323283287, 48.98374055911209], [2.348011714841819, 48.98374051925158], [2.3481454868355973, 48.98373935776516], [2.3481433701410874, 48.98367936653614], [2.3480381501502756, 48.9836807731118], [2.348036727820512, 48.983609005522766], [2.3480845493840867, 48.98360881577471], [2.348134563585163, 48.9836080983738], [2.348132810223794, 48.983530034257896], [2.347867322199608, 48.983531918600725], [2.347777009521043, 48.98353214703445], [2.347777391565866, 48.98342549847374], [2.3478197471755107, 48.98342536904017], [2.3479259139446698, 48.98342468720188], [2.3480380940903074, 48.983423858100046], [2.348043148898491, 48.983423885570154], [2.3482430345389824, 48.98342371272357], [2.3482859354842853, 48.98342367601277], [2.3483931872835737, 48.9834236291279], [2.3484177804979596, 48.983423582854485], [2.3484985264523295, 48.98342357176038], [2.3485037178772408, 48.983423599953], [2.348565607380992, 48.98342375618447], [2.3486003102122925, 48.983423764769235], [2.3485989879084666, 48.983365756188995], [2.3485996569767487, 48.98334507715122], [2.3485882925496155, 48.98332523201956], [2.348586543588664, 48.98332306433108], [2.3485032077190033, 48.983322611795515], [2.3484965135263285, 48.98332257544178], [2.3483925373417676, 48.98332290998352], [2.348362205167971, 48.98332301500351], [2.3482022107108653, 48.983323494711364], [2.347986876546983, 48.983324482774115], [2.347975810636801, 48.98332442263134], [2.3479787170174222, 48.98323433391079], [2.347860123100684, 48.98323458854206], [2.347858845096638, 48.98310778779936], [2.3477916163776618, 48.983064977873404], [2.347833709746222, 48.9830639477639], [2.348008899312814, 48.98306103324321], [2.348160455509722, 48.98305790013262], [2.3482618467477283, 48.9830566525049], [2.348252914698815, 48.983049859628586], [2.3479431882867527, 48.98304970528991], [2.3477955010380147, 48.98300582854672], [2.3476958599296713, 48.983009153563955], [2.34769558551529, 48.982998361108656], [2.3476942291906857, 48.982932259081785], [2.3477315364096816, 48.9829315626831], [2.3477375486043224, 48.98293150544705], [2.3478926530486484, 48.982928661742356], [2.347959614771389, 48.982927407065745], [2.348090808160491, 48.98292470291569], [2.3480835031308183, 48.982918908038705], [2.3480081971449014, 48.982866522314424], [2.3479803026430304, 48.982846587275844], [2.3479781337258316, 48.98284522661717], [2.347968791905723, 48.98283843149082], [2.347955522100761, 48.982828917273075], [2.3479460425435534, 48.982822211320894], [2.3479305970633484, 48.982811875952365], [2.347918437113755, 48.982801018892154], [2.347907881571479, 48.98279295821751], [2.3478703969460897, 48.98276424832579], [2.3478701259733197, 48.98276406700337], [2.347868502392934, 48.98276279923171], [2.347818573387556, 48.9827241299562], [2.347740763685698, 48.982664446537825], [2.3477391401116767, 48.98266317876428], [2.347681496512479, 48.9826187122997], [2.347672160415014, 48.98261146755584], [2.347598946265451, 48.98255576571434], [2.3475909639156853, 48.98254951749768], [2.3475411572606086, 48.98251201778368], [2.347496103941858, 48.982476792019725], [2.347454027963756, 48.982443830551084], [2.34744564032304, 48.982437220420366], [2.347412771721554, 48.982410873525566], [2.347406561991587, 48.98243754739501], [2.3474053979484517, 48.982443206321655], [2.347400252887995, 48.9824830149938], [2.3473926882688354, 48.98254142492238], [2.347390232584579, 48.98256290357508], [2.3473877791564264, 48.9825842023901], [2.3473808524259376, 48.98263533187975], [2.347380420000168, 48.982637128021885], [2.3473792356251506, 48.98264440548172], [2.347373729259355, 48.982658583633416], [2.3473651868710053, 48.98268605412738], [2.3473593530674948, 48.98270454688324], [2.347338737705166, 48.982768640979124], [2.3473383109228827, 48.982769987528016], [2.3473232572409626, 48.982815497459676], [2.3473213163791438, 48.98282861590838], [2.3473183198382803, 48.982849641987954], [2.3473146187643534, 48.98287237280345], [2.3473251392468417, 48.982872340115655], [2.347319519870268, 48.98291727189649], [2.347316098797917, 48.982939464685735], [2.3473117868879494, 48.98296731788389], [2.3473086006185007, 48.98300345027751], [2.347308126404277, 48.983008573405215], [2.3473060466309352, 48.983032751833086], [2.3473026864719455, 48.983071850793124], [2.347302378233257, 48.98307463678154], [2.347312217937725, 48.98307442054141], [2.3473082999994057, 48.98312529659945], [2.347306827665128, 48.98314462239653], [2.347297604171824, 48.983237194636544], [2.347293522516847, 48.983279347102396], [2.34728409685927, 48.983377133860586], [2.3472839421739167, 48.98337857181364], [2.347278151081314, 48.98342629030186], [2.3472777005762424, 48.98342952513855], [2.3472758352139884, 48.98348014257255], [2.347275144061067, 48.98353517270076], [2.347274492433524, 48.98358705567852], [2.3472745170805753, 48.98365036276291], [2.3472782936021437, 48.98371953535809], [2.3472804748964418, 48.9837416686864], [2.347286394428098, 48.98380338919064], [2.3472877662186353, 48.9838138279111], [2.347298485396401, 48.98389589748839], [2.3472989810484424, 48.98389994679299], [2.3473099035074814, 48.983976711916114], [2.3473203811605976, 48.98404538139785], [2.3473488146557595, 48.98404418721464], [2.3473501706561453, 48.984055884790536], [2.3473673753929742, 48.984143744798686], [2.347367506365321, 48.98414419513418], [2.3473813442616853, 48.98421728918387], [2.3473834838519845, 48.98423186860699], [2.3473865086366166, 48.984252118094396], [2.3474047104745144, 48.98434762709384], [2.347417716342838, 48.98442170576916], [2.347419405449418, 48.984428639149435], [2.3474844440411906, 48.98443924431213], [2.3475352640025093, 48.98439617706479], [2.3476280392962643, 48.98431961622839], [2.3477050908217048, 48.98425483987016], [2.3477420917019036, 48.98422419691033], [2.347758235191505, 48.98421160531186], [2.3477737690039864, 48.98420404617366], [2.347774455481927, 48.98420378013198], [2.3478155853843496, 48.98418161250791], [2.347865656375473, 48.98415463754398], [2.3479157182886814, 48.98412838190617], [2.3479562959575166, 48.9841066608543], [2.347925457262172, 48.98408176397479], [2.3479052986005606, 48.98406591759874]]], [[[2.347191921084054, 48.983710612477495], [2.347186637167256, 48.98368531490129], [2.3471879719685775, 48.983633435645835], [2.3471913311713215, 48.98358354574596], [2.3471933320066043, 48.98355478074545], [2.3471960182315716, 48.983514958741196], [2.347200882556767, 48.98344313540867], [2.347202653067937, 48.98341095201374], [2.34720411533133, 48.98338155460516], [2.3472147496812146, 48.98317667413742], [2.347216383468626, 48.98316625176414], [2.3471993076294737, 48.983166068922586], [2.3471924757125873, 48.98316612167122], [2.3472096987989266, 48.98305668711934], [2.3471738379947595, 48.98301836390939], [2.3470601231804165, 48.983021791662274], [2.3468376274816065, 48.98302741476212], [2.346792110827348, 48.983029055355594], [2.346795334878517, 48.98316387002649], [2.3467871379342866, 48.98316382539496], [2.3465293316094993, 48.98316341055175], [2.346514621522875, 48.98333364777488], [2.3465123729003476, 48.983371224040354], [2.3465358539409964, 48.983372700814044], [2.3465214803795673, 48.98347270867692], [2.3465722565124314, 48.983476582236015], [2.3466431152881917, 48.983480565147275], [2.3466358705517645, 48.98352431900148], [2.3466324807999763, 48.98354399404055], [2.3466290786107193, 48.98356465818264], [2.346604145574913, 48.983700398536435], [2.346502045275485, 48.98369273836708], [2.3463856092575126, 48.98368428061014], [2.346374037096135, 48.98375705652445], [2.346399552865464, 48.98375971342952], [2.3464996999344, 48.98377060033227], [2.3465672520252547, 48.98377681338863], [2.3466570275458336, 48.98378674442202], [2.346670133770491, 48.9837875351942], [2.34666309458587, 48.98382580475431], [2.3466598629200597, 48.98384377208153], [2.346653854651348, 48.98387611222789], [2.3467077632204645, 48.98388081210672], [2.3468340011682254, 48.9838921105768], [2.346829196695512, 48.98391564467079], [2.346820199627861, 48.98396838143916], [2.3468182823287576, 48.98397961157772], [2.346803073875349, 48.98405911205808], [2.3467973773330955, 48.98408839646526], [2.346884757589708, 48.98409327850245], [2.346945775070891, 48.984097657274404], [2.3469719842964896, 48.98409950850918], [2.3469633745008935, 48.98416492675553], [2.346953269688776, 48.98424058826333], [2.3469513072119077, 48.9842554151389], [2.3469492329734654, 48.984268263064806], [2.346947887024169, 48.984277517971265], [2.3469388493365337, 48.98433349179432], [2.3469358728931975, 48.98435289930272], [2.3469276797526613, 48.98440689937765], [2.3469180107962035, 48.98446961409945], [2.3469663478979843, 48.98448282636113], [2.346992354038452, 48.98448998203417], [2.3471767107155097, 48.98454080357166], [2.3472497071666423, 48.98455963529821], [2.3473033646897767, 48.9845735058419], [2.347324392882856, 48.98453099599917], [2.347326145241816, 48.98452201307574], [2.347320577798601, 48.984486642431136], [2.3473201973021696, 48.984484302322244], [2.3473153874709767, 48.98445388164937], [2.347310699583705, 48.9844246306583], [2.3473064678335933, 48.98440257611417], [2.3472949242510546, 48.98434262354], [2.347272874775878, 48.984227130328684], [2.347257795114317, 48.98413325692719], [2.347256461720312, 48.98411976098194], [2.3472524005932045, 48.98407324786481], [2.3472438898868653, 48.98400027269928], [2.3472403232588013, 48.98396877967795], [2.3472392055093705, 48.98395987105919], [2.3472341327449584, 48.98391775873628], [2.3472318057679726, 48.98390722489427], [2.3472231482038084, 48.98386770087739], [2.3472148632791523, 48.9838202655187], [2.3472127000346514, 48.98380757437509], [2.347200222912346, 48.98375669906533], [2.3471979275747366, 48.98374364750336], [2.347191921084054, 48.983710612477495]]], [[[2.349615667158245, 48.98449730804972], [2.3497478254150606, 48.984472395937786], [2.3497540350056476, 48.98448933540949], [2.349809065072126, 48.98448091098166], [2.3499102314061617, 48.98446509295194], [2.3499591034361904, 48.984457444407276], [2.3499856604170497, 48.98445336184549], [2.3500190607224103, 48.98444832718411], [2.350024673353892, 48.98444745834687], [2.35004173841035, 48.98442668830517], [2.3500393523637344, 48.984420830282524], [2.3500367032006673, 48.98441416151335], [2.3500531323501197, 48.98441146285942], [2.3501059797544066, 48.98440275669708], [2.3502241281993235, 48.98438370318751], [2.3502914785162194, 48.98437336692607], [2.350293942154122, 48.9843730205699], [2.3503087251050094, 48.98437085251321], [2.3503526629695064, 48.98436443603126], [2.3503586455912098, 48.98437768733672], [2.3504022118125127, 48.98436821138942], [2.350422069889056, 48.98436445215686], [2.3504679473709658, 48.98435588794554], [2.3504767134583333, 48.98435413691479], [2.3506253112666746, 48.98432562593379], [2.3506779032256953, 48.98431547934427], [2.3508243059274365, 48.98428767563263], [2.350837455022992, 48.98428504904705], [2.350898129865394, 48.98427314760651], [2.351013309169827, 48.984251109745536], [2.351047000448198, 48.9842446375794], [2.3511384997050397, 48.984226068485675], [2.3511745202030054, 48.98421906933407], [2.351223554252066, 48.98420935288617], [2.351322031028341, 48.9841900120646], [2.351332302107039, 48.984188089259774], [2.351432923462589, 48.98416111635521], [2.351602768086885, 48.98411599305616], [2.351638348543723, 48.98410044855351], [2.3516601229226866, 48.984074488105065], [2.351661545901643, 48.9840370871752], [2.3516369087355957, 48.98398587687204], [2.3515952099747803, 48.983889522133786], [2.3515783782025435, 48.983880708476214], [2.3515425368320826, 48.983807675836566], [2.3515088186063178, 48.983739690434675], [2.3515029555516667, 48.98372778869509], [2.351443421574665, 48.98360453993473], [2.351404424100717, 48.98352168838765], [2.3513820605365408, 48.98347444697985], [2.3513464862211864, 48.98340195524231], [2.3513355336437485, 48.983392813635106], [2.3513231332840236, 48.98337925789179], [2.3512694757560904, 48.983332566639305], [2.351215542516747, 48.98329702452403], [2.350736568813931, 48.98303176337059], [2.350702061082831, 48.983059902877386], [2.3506634301304126, 48.98308999839879], [2.3506549037893376, 48.983094448481495], [2.3506631020787077, 48.98311625462304], [2.350666301089001, 48.9831226565886], [2.350711966114832, 48.98321849365032], [2.3507240791302935, 48.98324409780724], [2.3507629094894456, 48.98332928674029], [2.350799337041451, 48.98340996641911], [2.3508191672328436, 48.98345215845358], [2.3508596328120497, 48.98353771588408], [2.350861627030269, 48.98354213298095], [2.3508987357236357, 48.983622996146615], [2.350931850456286, 48.983695474697285], [2.3509855447045234, 48.98381581452795], [2.3509875423129842, 48.98381996186605], [2.3508498418619186, 48.983851230004134], [2.350920035011385, 48.98398514780777], [2.350886201975099, 48.98401392046757], [2.3508780625738197, 48.98399831947558], [2.350868055451327, 48.98397911139365], [2.3508373611478777, 48.98392067417793], [2.350775958145546, 48.983804968654034], [2.350775424031679, 48.98380397659305], [2.3507237404763406, 48.98370864658687], [2.3506794429710576, 48.983623607931506], [2.3505803789867663, 48.98364627226335], [2.3505688694445794, 48.98364890769704], [2.3504874851618873, 48.98366717142675], [2.3504237738868246, 48.98368157411126], [2.3503263580794855, 48.983703527760575], [2.3502719715364027, 48.98371519319807], [2.3502826682190925, 48.9837338655228], [2.350297784476584, 48.983759665824756], [2.3503253184089177, 48.98380855406902], [2.3503694411680662, 48.983885678532175], [2.3502471177523043, 48.983889062696434], [2.3501913529995866, 48.98389073900211], [2.3501571850834106, 48.98389163302273], [2.3500909063843345, 48.983892802706805], [2.3500533263961394, 48.98389340843977], [2.349998385837198, 48.98389472942259], [2.349994833776928, 48.983894710177175], [2.349855436476223, 48.983897731659056], [2.349807464536045, 48.98389900039455], [2.3497611331311195, 48.98390018807809], [2.349701823041001, 48.98390130539279], [2.349604523094699, 48.98390302604869], [2.3494273989956524, 48.983907461139616], [2.3493657652628896, 48.98390865561207], [2.3493688026446096, 48.98400435185606], [2.3495742531396417, 48.9839963835199], [2.349640123253793, 48.98399512198104], [2.349651389012169, 48.984044731501385], [2.3496543725707486, 48.98405742704177], [2.3495617853163777, 48.98406465861121], [2.34937250543047, 48.984079638819004], [2.3492651520728574, 48.98408768932408], [2.3492460063837854, 48.98408911419097], [2.3491212867064313, 48.98409832930972], [2.3490560511105127, 48.98410346076449], [2.3490488024599734, 48.98410405090582], [2.348997656551708, 48.98410781998493], [2.3490160609933635, 48.984198294060015], [2.3489978693335134, 48.98419990391337], [2.3490030055045494, 48.98423707063497], [2.3490089377416825, 48.98427613009072], [2.3490148733667495, 48.984314919789355], [2.349018469252447, 48.98434416478627], [2.3490221837396983, 48.98437484921883], [2.3490343586898255, 48.98445000229044], [2.3490473326678756, 48.98454862999857], [2.349053869231806, 48.98459398743755], [2.349092823386008, 48.984614611663446], [2.349137057368528, 48.984606398741946], [2.3492341582188803, 48.9845879514139], [2.3493513938473685, 48.98456547667891], [2.3493656371689715, 48.98456276626441], [2.3494336957494575, 48.984550455985186], [2.3495525672631388, 48.98452825969831], [2.3495456870166396, 48.98451032741028], [2.349615667158245, 48.98449730804972]]], [[[2.3479786706373598, 48.984729959737386], [2.3479801933038043, 48.98468482589045], [2.3479858779331186, 48.98454754199103], [2.3479786706373598, 48.984729959737386], [2.34798961602074, 48.984728760279516], [2.3480420091123952, 48.98472364953804], [2.348132566500859, 48.98471496931635], [2.3481875609800364, 48.98470942302341], [2.3482258641492595, 48.984705674441834], [2.3482451546069028, 48.984703621051835], [2.3483513204067767, 48.98469232772231], [2.3483892182020067, 48.9846882171886], [2.3485626718603636, 48.984671623875094], [2.3485963276501174, 48.98466802978928], [2.3486866240057487, 48.98465835856265], [2.3487533777994805, 48.98465206652977], [2.3487550194892712, 48.984651895592386], [2.348907415461257, 48.984636626263196], [2.3489027765370554, 48.984614299800135], [2.348939833111219, 48.98461189309368], [2.3489577964165833, 48.9845958041578], [2.348973552396964, 48.98458141180733], [2.3489690576320967, 48.98454757578563], [2.348966933354024, 48.98453173753697], [2.348886512169859, 48.98453840513519], [2.348873244317732, 48.98453959206984], [2.3488311171013776, 48.98454323017733], [2.3487573902330268, 48.984549934023946], [2.348749117596572, 48.984512300653186], [2.348744975648755, 48.98449393355931], [2.348742393130323, 48.98448195957396], [2.3487343599489177, 48.984447025236385], [2.3487135724295305, 48.98444862095498], [2.3486795204557045, 48.98445113382796], [2.348636715836644, 48.98445431856674], [2.348607442144802, 48.98445712713595], [2.348550403198287, 48.984462302821115], [2.348557870620115, 48.98449876281658], [2.3485595395927708, 48.984507314712175], [2.348439715665958, 48.98451826427534], [2.3484281236097755, 48.98447296926444], [2.348424977986097, 48.98447322195386], [2.3483125563541516, 48.98448223325237], [2.348301341174504, 48.984483161500364], [2.348215998304179, 48.98449007168768], [2.348202461721555, 48.98449089738998], [2.348159388313379, 48.984493720800096], [2.348106603653937, 48.98449739067192], [2.348049164907694, 48.9845017546256], [2.3480369933840883, 48.9845026776519], [2.3479863934873606, 48.984506449268245], [2.3479864506738477, 48.98446922080912], [2.347922477715025, 48.984449899028554], [2.3478618864307177, 48.984433293332664], [2.3478316585482903, 48.984425035803696], [2.3478051114907768, 48.984417427749165], [2.3478034777044656, 48.98441696924452], [2.3477162175171755, 48.98439158573114], [2.347711726019928, 48.98439021244193], [2.3476973030971737, 48.98438545794437], [2.3476917886788855, 48.984389384642554], [2.347622035318506, 48.98444961451846], [2.347542367314033, 48.98451599522615], [2.3475168217978313, 48.984537438190344], [2.347498422269622, 48.9845773545503], [2.3475142577774366, 48.98462195333337], [2.347535080442102, 48.984639332094986], [2.347701210135292, 48.98468375896568], [2.347723405795699, 48.98468972474044], [2.34777405907252, 48.98470348881195], [2.3477946209542893, 48.9847089960685], [2.3478712772653227, 48.984730185345825], [2.3479151898857014, 48.984736718752735], [2.3479786706373598, 48.984729959737386]]], [[[2.3489912331682197, 48.98470785173357], [2.3489596913719883, 48.98468448004049], [2.348932057005179, 48.98468729758496], [2.3488175541538925, 48.98469881594943], [2.3487696741244606, 48.98470359182907], [2.348726443667609, 48.9847080332322], [2.3486056505765687, 48.98471996687008], [2.348597717608525, 48.98472064319328], [2.3484691258522266, 48.98473343359488], [2.3484631066859984, 48.98473403037798], [2.3483827980677714, 48.984742586665995], [2.348361319427463, 48.98474480804179], [2.3483167193195684, 48.98474951163166], [2.348238326715584, 48.98475780845727], [2.348226562739799, 48.98475891356603], [2.348157618314196, 48.984765553102], [2.3481164426927825, 48.984769555827526], [2.348088398375154, 48.98477237095038], [2.348084654638531, 48.984798518648034], [2.348116269281401, 48.9848051650025], [2.348120766464688, 48.98480608868401], [2.348175292691026, 48.984816096797054], [2.3482215076651634, 48.984824261241414], [2.348244000367065, 48.984828340116984], [2.3483148782121637, 48.98484185412909], [2.348315968918475, 48.98484203990289], [2.3483966654170545, 48.98485704599332], [2.3484289722555762, 48.98486297662791], [2.3484695948994037, 48.98487039120728], [2.3484731380075514, 48.98487112984509], [2.3485279364832845, 48.98488122919954], [2.3486020899806834, 48.98489503060157], [2.348632896296669, 48.98490077318448], [2.3487305000984144, 48.984918568578735], [2.3487809335818897, 48.98492810457392], [2.348789111651403, 48.98492967768201], [2.3488939282809276, 48.98494976020653], [2.34893099892642, 48.984957155350976], [2.3489638467378993, 48.98496353839867], [2.3489904037293075, 48.98494857519092], [2.348992782416487, 48.98490047848109], [2.3489921462639196, 48.98480947141029], [2.3489912331682197, 48.98470785173357]]], [[[2.357687135770722, 48.98418748029929], [2.357685825759692, 48.98409449134855], [2.3576427065163186, 48.98410109474385], [2.3575868617462357, 48.9841092486228], [2.3575525027286415, 48.98411455002707], [2.3574999079842787, 48.98411399859249], [2.3575002653606356, 48.98414034838691], [2.357500088375877, 48.98417676686323], [2.3574997734294665, 48.98423539595057], [2.357499950717388, 48.98427631254565], [2.3575001035491354, 48.984319207346964], [2.357499823178961, 48.984363988240766], [2.357499472773498, 48.984414434000016], [2.3574990326695313, 48.98443898102646], [2.357498033511642, 48.98449769635954], [2.357498118994218, 48.98450183334321], [2.3574978514975093, 48.98458977804358], [2.3574976925958877, 48.98470209284671], [2.3574975041424695, 48.98477259261028], [2.3574970028922673, 48.98480208514574], [2.3574954602292677, 48.98489370989429], [2.3574954391073013, 48.984895418345566], [2.357442012732872, 48.98489576168088], [2.3574185095698854, 48.984895995495165], [2.357358797542243, 48.98489639505099], [2.357358703995403, 48.98491500890941], [2.3573566675365916, 48.985035496745496], [2.3573584236847585, 48.98511445980015], [2.3573933983881106, 48.98513676854861], [2.3574282601098333, 48.98513506686068], [2.3574947101994663, 48.98513119630206], [2.3574946024823467, 48.98512885769022], [2.3575327187535775, 48.985118091034906], [2.357605390211379, 48.98509725801532], [2.3576573618336383, 48.985081979362974], [2.357695165898103, 48.98507435833921], [2.3576947695195596, 48.98505115571524], [2.3576938471824485, 48.984948906699096], [2.357692096908141, 48.98474782627181], [2.357691398708617, 48.984516896514776], [2.3576898626452025, 48.984342704574296], [2.3576879895559446, 48.984240000777056], [2.357687135770722, 48.98418748029929]]], [[[2.356515600089466, 48.98517684594756], [2.356609931035627, 48.98517231609769], [2.3566104775202374, 48.985172319028386], [2.356704116439781, 48.98516850478871], [2.3567147784544886, 48.985168112336325], [2.356794891866145, 48.985164225501904], [2.3568062392107048, 48.985163656866796], [2.3568672100721013, 48.985160926297596], [2.356877053469968, 48.985160439518026], [2.356941988561692, 48.9851575503126], [2.3569496437950925, 48.985157231647214], [2.3570430227699273, 48.985152336656846], [2.3570663994413246, 48.98515129291787], [2.3571775391370045, 48.98514649300179], [2.357249989466604, 48.98514355397259], [2.357290184188518, 48.985119399790236], [2.3572909098795254, 48.985016530131034], [2.3572915230921203, 48.98493380293417], [2.3572793660883056, 48.98493355795747], [2.3571751435271366, 48.98493147084755], [2.357129112419362, 48.98493041487735], [2.357056432524234, 48.984929845549054], [2.35705355029477, 48.984864634879614], [2.3570511914028076, 48.9847902547164], [2.3569599013230795, 48.98479201355176], [2.3568520735205363, 48.98479422320924], [2.3568513041289063, 48.984779111775886], [2.3568472699725884, 48.98472972162086], [2.3567663386276276, 48.98473351417839], [2.3566612110577885, 48.98473834595074], [2.356654375604463, 48.984738668993614], [2.3565589435826846, 48.98474391236634], [2.356547313386828, 48.98465698295434], [2.3565322680621246, 48.98455897450586], [2.3565287589056947, 48.984533417131885], [2.3565119560674677, 48.98441183902589], [2.356489183153862, 48.9842538094562], [2.356471525492607, 48.984124043595365], [2.356469626866024, 48.984100832885396], [2.3564689437742685, 48.9841008292212], [2.356389977262386, 48.98410049553368], [2.356389567407366, 48.98410049333489], [2.3563924576101707, 48.984131892496954], [2.3564092912576817, 48.9842509529328], [2.356418114837394, 48.98432177085159], [2.3563086062388394, 48.98432738813085], [2.3563141563941854, 48.9843646466524], [2.356331076055946, 48.98446572263756], [2.3563425298594085, 48.98453376700073], [2.356357428176481, 48.984632584008864], [2.35636561689388, 48.98468847103819], [2.3563670050086123, 48.98469774070565], [2.356374015747876, 48.98473842417657], [2.3563875817410107, 48.984823475571595], [2.3564027456727317, 48.98492292344235], [2.3564027356505686, 48.98492373270862], [2.356414389395551, 48.98499771312041], [2.356421271386312, 48.98503776641491], [2.3564226628609286, 48.98504676632329], [2.356434925160938, 48.98512677492569], [2.35644314744492, 48.98517996437012], [2.3564435573083444, 48.985179966568715], [2.356515600089466, 48.98517684594756]]], [[[2.3551613368321984, 48.984448829920524], [2.3551493853625076, 48.984410008220166], [2.3551426755233345, 48.98438919959321], [2.3551371539780646, 48.98437172455955], [2.3551202893478136, 48.98432145603096], [2.355114749964551, 48.98430541969143], [2.355097771075134, 48.984253352051745], [2.3550968515661213, 48.984250379599786], [2.355083287547069, 48.9842093910282], [2.3550690717011946, 48.9841658810626], [2.3550605117569483, 48.98414002670658], [2.3550426313274646, 48.98408354790171], [2.3549955806072016, 48.98407664053164], [2.354854143006632, 48.98405690594498], [2.354702751369284, 48.98403558893255], [2.3546037318668454, 48.98402174744818], [2.354539764070754, 48.984012860473264], [2.354431200380533, 48.983997438778296], [2.3543339481200687, 48.98398432597609], [2.354215151611688, 48.983967769917136], [2.3541599163217612, 48.98395982899015], [2.354118218808449, 48.98400591565258], [2.3540835893291563, 48.98404394714441], [2.354038284840856, 48.98409442065865], [2.3540259346921353, 48.984109731256595], [2.3540249615988, 48.984111074885085], [2.353967633452617, 48.98416157355274], [2.3539286643827797, 48.98419697381535], [2.3538977063369937, 48.98422540309492], [2.353894942663252, 48.98422790609789], [2.3538729788262875, 48.984247211506926], [2.353845475318559, 48.984272512018705], [2.353870172240167, 48.98428613371225], [2.3541286106387664, 48.98443401236274], [2.354158588928037, 48.984451439256084], [2.3541658126932723, 48.98444185622124], [2.354249497818742, 48.98449131554981], [2.3543018541507466, 48.984522081757554], [2.354352872277578, 48.984550592626896], [2.354353956296599, 48.98455131785677], [2.3544345308013184, 48.98459824242293], [2.3545290767718905, 48.98465333530683], [2.3545414209439546, 48.984660505755386], [2.354635566214328, 48.984714876999206], [2.354655508652899, 48.98472631475955], [2.3546907819714953, 48.98474646773041], [2.354710726667322, 48.98475772564428], [2.354755117149669, 48.98479186592746], [2.3548314497803795, 48.98485036765494], [2.35487109442726, 48.984881604786736], [2.354946464280112, 48.98494064080426], [2.354950388328325, 48.98494371933442], [2.354995864280071, 48.984978494828276], [2.3550585282018517, 48.985026491673686], [2.3550804543287875, 48.98504324556538], [2.3551401294829226, 48.985089877431285], [2.3551677334947025, 48.9851115177448], [2.3552113059687727, 48.98514556352347], [2.355226730162531, 48.98515778621925], [2.3552612327611, 48.98518503889994], [2.3553402700694357, 48.985179798386554], [2.355380883360003, 48.98517704910526], [2.3553736558440597, 48.98515389969034], [2.3553706585563936, 48.98514219340825], [2.3553551356929243, 48.985082849792235], [2.355345213167366, 48.98504565767832], [2.355334142495557, 48.985001894907626], [2.355324498818891, 48.984964254665115], [2.3553148317315205, 48.984928502708264], [2.3553105184612786, 48.984912742749685], [2.355297099645039, 48.98487103561423], [2.3552938101869128, 48.98486085647276], [2.3552777493503076, 48.98481185125315], [2.355262093942012, 48.984763207905665], [2.3552586823796076, 48.984751859087766], [2.355245701395657, 48.984707906180816], [2.355216188497287, 48.984619891347954], [2.3552160585713535, 48.984619351102744], [2.3551921287137203, 48.98454386576672], [2.3551816074932383, 48.98451089685271], [2.355173588335028, 48.984485495042854], [2.3551626505862213, 48.98445306343348], [2.3551613368321984, 48.984448829920524]]], [[[2.3558759562782594, 48.98520515676213], [2.355939796282958, 48.98520244206806], [2.3559407526315517, 48.98520244720213], [2.3560044526654416, 48.985200001495535], [2.3560580393810158, 48.98519777124636], [2.3560589968436956, 48.98519768646105], [2.3561281728552057, 48.9851943708363], [2.356167408763469, 48.98519251314104], [2.356171647362724, 48.9851922661142], [2.3562528460248924, 48.985189014936374], [2.3563030249849994, 48.98518613682145], [2.3562932235343577, 48.98512808297461], [2.3562887614516175, 48.98510225072068], [2.3563433433797414, 48.98509687832907], [2.3563571599145776, 48.98509551366387], [2.3563659159054824, 48.98509457147018], [2.356357277528552, 48.98503085862385], [2.356332327433737, 48.984883158747074], [2.356313034596351, 48.98476408517704], [2.3563018941153477, 48.98469280522608], [2.3562950564382685, 48.9846933080855], [2.356293552505709, 48.984693389940595], [2.3562868525621083, 48.98469380361407], [2.3562223156204225, 48.98469768376895], [2.356180475397773, 48.98470024690084], [2.3561741853121307, 48.984700662767516], [2.356083814933524, 48.984705393378846], [2.356078345680177, 48.98470572372166], [2.3560548281127773, 48.984707126209216], [2.356017499674682, 48.98470944372788], [2.356024440375384, 48.984744731376225], [2.356029614366076, 48.984768229434756], [2.3560309059146416, 48.98477426130662], [2.3559147081687533, 48.98479036348626], [2.3559010205224706, 48.98479235826377], [2.355889280824442, 48.984747422926134], [2.3558834026244764, 48.98472562964483], [2.3558776621639006, 48.98470374717781], [2.355868906503528, 48.9846715971311], [2.3558670985884413, 48.984663134523515], [2.355799852663975, 48.98466511149241], [2.355708145716848, 48.98467846739369], [2.3557141174777465, 48.984692707531515], [2.3556848317712973, 48.98469650693034], [2.3556222883338425, 48.98470489369276], [2.3556035873809873, 48.98464841059873], [2.355595512320296, 48.98464953624331], [2.3555870875391998, 48.98462377258894], [2.3556529309394287, 48.98461369500329], [2.355690439421828, 48.98460787151022], [2.355778879639017, 48.98459350891124], [2.3557726027907067, 48.98457081423548], [2.3557550147422486, 48.98451271849388], [2.3557512043775093, 48.98450046830129], [2.3557437559432426, 48.984473091256746], [2.3557332756319447, 48.98443679540404], [2.355733274517223, 48.98443688532256], [2.355636258155536, 48.98443771315172], [2.3556113518868766, 48.98435278057188], [2.3556079380453694, 48.98434161159655], [2.3555854040383326, 48.984263705857245], [2.355578462060582, 48.984239568798664], [2.355558763150925, 48.984175436726964], [2.3555389577778354, 48.984108876113766], [2.355475094562049, 48.98411356880512], [2.3554733898938975, 48.984107804477226], [2.355385891698443, 48.984112370141766], [2.355306440585567, 48.98411805808066], [2.3552089502511615, 48.984124098636975], [2.3551894004347886, 48.98412507265683], [2.3552001095199135, 48.98415390606405], [2.3552261815999747, 48.98423290999667], [2.3552475362803826, 48.984295702152494], [2.3552491221596457, 48.984300027052086], [2.3552607329850734, 48.98433327159597], [2.3552856615681335, 48.984405345169236], [2.355299873198951, 48.984449214773385], [2.3553101368596474, 48.98448092335158], [2.35531527427193, 48.98449632804748], [2.3553192300764927, 48.98450785964011], [2.355340591674834, 48.98457011225215], [2.355344287636176, 48.98458056335297], [2.3553519171105526, 48.98460434441393], [2.3553691539937827, 48.98465767232746], [2.3553869608140445, 48.98470911488394], [2.355395517668477, 48.98473523895829], [2.3554020932640527, 48.98475586699332], [2.355404327696326, 48.98476298303211], [2.355416049693194, 48.9847982964055], [2.355421452601793, 48.98481433198965], [2.3554297596706872, 48.98483856630295], [2.355436347560617, 48.9848582052309], [2.35545518391252, 48.98491477899231], [2.3554615052719585, 48.98493387693869], [2.3554718293470063, 48.984960729891554], [2.3554814814810574, 48.984986679988424], [2.355503862263553, 48.98504390224748], [2.3555285433497555, 48.98510293534478], [2.355556563081934, 48.98516819115353], [2.3555931525663127, 48.98520345822206], [2.355650257499158, 48.98521500549044], [2.355722022674902, 48.98521224355215], [2.3557581129785197, 48.98521063887128], [2.355772057262812, 48.98520999435482], [2.3558759562782594, 48.98520515676213]]], [[[2.3547792446089093, 48.98521455071804], [2.354775313284451, 48.98516803863847], [2.354763691558128, 48.985168695530376], [2.3547419639202745, 48.985157967587874], [2.354741285280574, 48.985157604240094], [2.3546450462352664, 48.98510672889751], [2.354652931891004, 48.98509885796425], [2.3546146415217217, 48.985079588004574], [2.3544845550633746, 48.9850147719996], [2.354445993811021, 48.98499532067747], [2.3544125928941906, 48.98497841499616], [2.3544254371189237, 48.98496733347891], [2.3543855409964345, 48.98494535706807], [2.354272753433831, 48.98488486036325], [2.354105156006743, 48.98479313445624], [2.353970126622732, 48.9847193887327], [2.353877580424143, 48.98478921129546], [2.3537950856199514, 48.9847429054906], [2.3537503107543154, 48.984717755225645], [2.3536934608642106, 48.98476268099646], [2.3536554944674193, 48.984794309726915], [2.353630354487105, 48.98481629570604], [2.3536098126005895, 48.98484208328187], [2.3535942102750527, 48.984866188903005], [2.3535912597737627, 48.98488370827921], [2.353589941833794, 48.98489080521194], [2.353588168176228, 48.98490158659276], [2.3535938392094824, 48.98498389804217], [2.353601012916948, 48.98505524679653], [2.353601971672678, 48.98506604289789], [2.353611355351285, 48.98516842749045], [2.3536154740539557, 48.9852327456644], [2.353612826803063, 48.98523686792621], [2.353658549822609, 48.985284684296495], [2.353661785121729, 48.98528820877972], [2.3538094896489685, 48.98528765556453], [2.3538351755939746, 48.98528770398601], [2.35385376616907, 48.98528699479245], [2.353904207420344, 48.98528501833696], [2.3539627115666, 48.98528290542942], [2.354022995139494, 48.98528053230118], [2.3541010495466463, 48.98527744549744], [2.3541799225555744, 48.98527445297402], [2.3543572221597904, 48.98526722413627], [2.354416411608433, 48.9852649348468], [2.3544683590027815, 48.98526269648569], [2.35453288114162, 48.985260076134395], [2.3545812719039283, 48.98525817828699], [2.354622415031242, 48.98525678097905], [2.354670394806678, 48.98525497080929], [2.3547468040987294, 48.985252324358896], [2.3547822113536636, 48.98525071629765], [2.354780429966568, 48.98522912485217], [2.3547792446089093, 48.98521455071804]]], [[[2.3609392814985988, 48.985387534018194], [2.3609326796652184, 48.98533552256572], [2.360921226190278, 48.98524472785894], [2.3608624458097722, 48.98524711245956], [2.3608435101247656, 48.98508703609461], [2.3608421543780573, 48.985075068927245], [2.360786377635054, 48.98507764934081], [2.3606580064775464, 48.98508379956113], [2.360421517179438, 48.98509350983008], [2.3601438760801363, 48.98510533819644], [2.360079625444064, 48.985108142860135], [2.3600577538985257, 48.985109015365545], [2.3599903620766614, 48.98511171330163], [2.3598205801607013, 48.98511881072445], [2.3597782032619006, 48.98512056292753], [2.359707255939051, 48.985123511504185], [2.359573697371754, 48.98512927318233], [2.359546493153906, 48.98513047682559], [2.3594565421729032, 48.985134402897124], [2.3593555193263995, 48.98513871940062], [2.359254770814045, 48.98514294735987], [2.359150600104103, 48.98514769650085], [2.3590256485447165, 48.98515350354478], [2.3589877483267347, 48.9851800085977], [2.3589918499891676, 48.98522409346982], [2.3589985755078877, 48.98534345907601], [2.35900040876404, 48.985372064826514], [2.35900039989133, 48.9853727841742], [2.3590660448543135, 48.985367739426415], [2.3591768037913283, 48.98536059758961], [2.359224799025713, 48.98535752674016], [2.359269513116909, 48.98535461819692], [2.3592838716957862, 48.985353615787474], [2.3593790468368736, 48.985347109932626], [2.359510458826668, 48.985338189656], [2.3595415300642903, 48.98546667762011], [2.359542225682984, 48.98547675286348], [2.3595454637805124, 48.98552443006648], [2.359648843176054, 48.985517428247654], [2.3598769315404216, 48.985502189284695], [2.3599085156038666, 48.98550037946321], [2.359939826421155, 48.98549856817565], [2.3599980728211976, 48.985495192009274], [2.3600935125186773, 48.98548940639385], [2.3600897650778947, 48.985438669061374], [2.3601301006470394, 48.985436276389514], [2.3602906253687963, 48.98542652135859], [2.3604341890016096, 48.98541829433466], [2.360619456544253, 48.985407501747034], [2.3606191954697255, 48.985406511187605], [2.3609187705389365, 48.9853888635502], [2.3609392814985988, 48.985387534018194]]], [[[2.3587611713662335, 48.98557113789195], [2.35880420847976, 48.98557127798703], [2.358902848625639, 48.985571895052885], [2.358913377412018, 48.98557123191988], [2.358908891991533, 48.98549180472858], [2.358903252234766, 48.98539519580501], [2.358900382082421, 48.98532881626849], [2.358898559793314, 48.985288250629075], [2.358895433412254, 48.98524264225294], [2.3588931258357935, 48.985208188876214], [2.3588925092857407, 48.98520279011734], [2.3588878534597093, 48.98515933174997], [2.358746368462716, 48.98516522999881], [2.358553893767277, 48.98517328342792], [2.358433315068163, 48.98517902331104], [2.3583553899160417, 48.98518274309358], [2.3581877968156957, 48.98518958014087], [2.358145422025276, 48.98519115193017], [2.3579094582569007, 48.98520247870258], [2.3579090483931253, 48.985202476508995], [2.3576767988580554, 48.98521175444126], [2.3576821705444044, 48.9853519753518], [2.357738878528146, 48.98535146962621], [2.357846826293536, 48.98535069859938], [2.357916240086986, 48.985350260797155], [2.358075838602784, 48.98534913651323], [2.358179669940913, 48.985349781951925], [2.358186911998482, 48.98534973077034], [2.358261095331426, 48.98535030745232], [2.358262446096211, 48.98537369502037], [2.3582693476641445, 48.98548973439895], [2.3581936612900867, 48.98548914968256], [2.358181365309124, 48.985489083903396], [2.3581533577969145, 48.9854889340684], [2.357961538276832, 48.98548808754247], [2.357689381693427, 48.98548708040138], [2.3576941251579067, 48.98556758812266], [2.3576942517779136, 48.985568398120016], [2.357828681370198, 48.985569657293425], [2.3579027317237595, 48.98556996371028], [2.3581203786986737, 48.98557049889144], [2.3581228390093187, 48.98557042213018], [2.3583268248758515, 48.985570793922285], [2.358552400387523, 48.98557101102749], [2.358673865320401, 48.98557103091939], [2.3587611713662335, 48.98557113789195]]], [[[2.3562758349390758, 48.98564946133648], [2.356550737675358, 48.985627375840345], [2.3565511475424397, 48.98562737803858], [2.3566178871566366, 48.98562225057505], [2.3566745089136822, 48.98561769829116], [2.3566481810267548, 48.98552601408026], [2.356758013216094, 48.98551653146997], [2.3573052586307495, 48.98546928649952], [2.3573048311296065, 48.98545966229909], [2.357336149796773, 48.98545722226188], [2.3574623785657813, 48.985447646990046], [2.357566043560188, 48.98543965932595], [2.3575716506148194, 48.98543923972867], [2.3575706966857766, 48.98541693337039], [2.357565702115407, 48.98524623010622], [2.3575643172087073, 48.985225629999825], [2.3575543228369975, 48.985216224341826], [2.357487323934518, 48.985220271843346], [2.357311396699071, 48.98522706303357], [2.3572969081680166, 48.98522752496444], [2.357055061544931, 48.98523944801369], [2.357024714920278, 48.98524063424508], [2.3567510398466185, 48.98525202639981], [2.356748305193358, 48.98525219158637], [2.356710164457853, 48.98525387549509], [2.356642770048074, 48.9852567513873], [2.356582210039915, 48.985259394121876], [2.3565766052232595, 48.98525963383608], [2.3565070293100123, 48.985262138254775], [2.35639588485071, 48.98526729722296], [2.356340658621095, 48.98526951882711], [2.356339975513987, 48.985269515162194], [2.356259725284613, 48.98527340095941], [2.356127123414111, 48.985279074012986], [2.3560657425108853, 48.985281802005886], [2.3559740060116994, 48.98528643528051], [2.355908799691038, 48.985289142657834], [2.355743663997617, 48.98529607941119], [2.355732727591696, 48.985296560228306], [2.355513719496226, 48.9853067144041], [2.355478327838424, 48.98530706382307], [2.355411804879484, 48.985316777962396], [2.3554759718625466, 48.98535381186647], [2.3556403391886853, 48.98544192146243], [2.355765312949684, 48.98551156463834], [2.3558881166927423, 48.9855799370857], [2.355907388886521, 48.985590381858586], [2.356019220183524, 48.98565114160829], [2.3560501639654268, 48.98566794371357], [2.3560813495370496, 48.98566523351585], [2.3562758349390758, 48.98564946133648]]], [[[2.3455447972283725, 48.98546460973952], [2.3455475747183963, 48.98537425075911], [2.345518123353796, 48.98536941402296], [2.345521995320188, 48.985300642890365], [2.345555723804959, 48.985302175750476], [2.345564164146173, 48.98529376888709], [2.345638331772279, 48.98521962601175], [2.3456060163548886, 48.98520353310887], [2.3457015007722424, 48.98510747495041], [2.345682336862233, 48.985099457074334], [2.3457295381263843, 48.98505097539853], [2.3456915175498723, 48.98503224359058], [2.345708832865471, 48.98501345387096], [2.3456835584238003, 48.98500243515898], [2.3457841618004154, 48.984901279138356], [2.3458200127914393, 48.98486442571666], [2.3455896916079704, 48.98476389288447], [2.345574200727084, 48.984757153966996], [2.345519497538905, 48.984815486371], [2.345464840660425, 48.98487013209336], [2.3454125367926895, 48.98492236266424], [2.345407507889813, 48.98492026696075], [2.3453716247452565, 48.98490541346613], [2.3452940155667434, 48.98487315667051], [2.345285860268064, 48.98486978495656], [2.3452345442842777, 48.984919502954455], [2.3451970692563826, 48.98495508839409], [2.3451687831639365, 48.984955383628325], [2.3451602350383496, 48.98482054005828], [2.3451491699644955, 48.98461437254136], [2.345132848191984, 48.984326614674785], [2.345117700805242, 48.98406494128013], [2.3451146262494946, 48.984016185347436], [2.3451135983772238, 48.98400017315189], [2.3451009540993435, 48.983995248198546], [2.344916921620015, 48.98392985740208], [2.344838566479381, 48.98390272190417], [2.34466283544191, 48.983839983858296], [2.344573208231339, 48.9838074810537], [2.3444336490151865, 48.983758339050326], [2.344153736636731, 48.98365807186225], [2.3439433209301055, 48.98358318313621], [2.343783909979354, 48.983526557973086], [2.3435925489555554, 48.98345752802349], [2.34352454853278, 48.98343278634547], [2.343481288534224, 48.983417981813716], [2.3434557137094987, 48.98340920908267], [2.343400116250339, 48.98339766421544], [2.3433224392437753, 48.983381861929146], [2.3431826312061106, 48.98335259043638], [2.343010939274548, 48.983316489745974], [2.342977138059669, 48.98331000990265], [2.342915500531057, 48.98332235170248], [2.3428532984952057, 48.98334692013909], [2.3428397533800838, 48.983370046517166], [2.342835782762784, 48.98339232609422], [2.342833058744454, 48.98341326362881], [2.342860605994961, 48.98339569935887], [2.342853637583302, 48.98361184015928], [2.342703444535248, 48.98495458128778], [2.342726823691465, 48.985277448625915], [2.3427254458047746, 48.98541880245694], [2.342867028765581, 48.98547020555307], [2.3430680839348126, 48.985432189464525], [2.343068538352283, 48.9854394758398], [2.3431378666727216, 48.98542420857096], [2.3432348527405127, 48.98540432667174], [2.3432892380855717, 48.98539302411622], [2.343314548294748, 48.98539037499716], [2.3433464401947455, 48.985385873481775], [2.3433875073167516, 48.985379713608395], [2.3434645740410254, 48.98536835525803], [2.3434740066032704, 48.98536795725361], [2.3434898649186198, 48.985367234713316], [2.34354328732564, 48.98536725726454], [2.3435768780380384, 48.98536887985162], [2.3436918213499607, 48.98537679258996], [2.3439554869284556, 48.98540098558528], [2.3441533612635728, 48.98542005236077], [2.344175331247013, 48.985422240724716], [2.34430004685955, 48.98543533199585], [2.344445487066575, 48.985451863589084], [2.344510155028221, 48.98545941089155], [2.3445167026643734, 48.98546025598605], [2.344554313336241, 48.985457314111954], [2.3446146247101667, 48.98547445947954], [2.3446848993123623, 48.985492468558434], [2.3447988742739825, 48.98552303591963], [2.3448369935107403, 48.98553394510836], [2.344876747693073, 48.985545222910595], [2.344926800156366, 48.985563301268044], [2.3450553300220567, 48.98560986448953], [2.345074508755001, 48.98561671352386], [2.345081445889372, 48.98561917935446], [2.345187375848412, 48.985637652541044], [2.3453284717369662, 48.98566288202038], [2.345369729401838, 48.98566328699774], [2.345397324838647, 48.985663617417266], [2.345421914585347, 48.98566393143134], [2.34545087624564, 48.98566426929269], [2.345496231448942, 48.98566478650629], [2.3455348932931934, 48.98566517726551], [2.3455359395051953, 48.985647198074844], [2.3455379945584682, 48.985614206997006], [2.3455388769690475, 48.98559838509978], [2.345539411397663, 48.98558849632072], [2.3455406463182116, 48.98556638163132], [2.3455492625652563, 48.985565709237164], [2.345554007063752, 48.9855035972892], [2.3455432150683415, 48.985503448494384], [2.3455447972283725, 48.98546460973952]]], [[[2.3479381479586845, 48.98569462942655], [2.3479045707767328, 48.985604792233836], [2.347863895012232, 48.985514466815545], [2.347845420239121, 48.985473270902936], [2.3478246849895705, 48.98542711685094], [2.347818172204647, 48.985412603604516], [2.3477553852418187, 48.98527692590801], [2.3477399592555375, 48.98524321027792], [2.347701130164326, 48.98515820035671], [2.3476620945519744, 48.98506788374588], [2.3476590177394554, 48.98506265139377], [2.347649913768049, 48.98504776434517], [2.3476334220853294, 48.98502276557736], [2.347584080366187, 48.984948039754975], [2.3474782942307186, 48.984787578605584], [2.3474252077692497, 48.984706447688], [2.3474249367878115, 48.9847062663649], [2.3474107238212643, 48.98468478700982], [2.347382581304129, 48.98466278225657], [2.3473702324733132, 48.98465606066357], [2.347295213652662, 48.984635059820874], [2.347250420528816, 48.98462249644924], [2.347256102044523, 48.98463790446146], [2.3472856952076198, 48.984718458022705], [2.34728899438159, 48.98472773820098], [2.3473074932671585, 48.98477783689339], [2.347344777936801, 48.984876956728286], [2.347368975449883, 48.98494111463166], [2.3473759825891363, 48.98495976712755], [2.347384976936475, 48.98498337628168], [2.3473906653065226, 48.98499824477197], [2.3474195215845284, 48.9850722297722], [2.347422433524762, 48.98507970934673], [2.3474316909937025, 48.98510412924636], [2.3474773371372266, 48.98522289803045], [2.347482625857433, 48.98523695501851], [2.3472940083690914, 48.98526407536807], [2.3472868194228247, 48.98524901886398], [2.3472634020301104, 48.98519889343121], [2.3470534489898873, 48.98523857667646], [2.3470313327614187, 48.98516103130086], [2.3469790751045045, 48.9849813474403], [2.346929186572673, 48.98480887038496], [2.3469119177290807, 48.98474789745891], [2.346869705971286, 48.98460603648131], [2.3468500764343734, 48.984537227244395], [2.346847861264657, 48.98452867235009], [2.3468368335232377, 48.984525554876065], [2.3467853564316195, 48.98451214561706], [2.346785227452829, 48.984533277189534], [2.346799122008006, 48.984623547184], [2.346818277847898, 48.984740913105405], [2.3468321296966534, 48.98482371910787], [2.3468407824783295, 48.98487448366004], [2.346844090500526, 48.984893925370976], [2.346862890923742, 48.98500697294179], [2.34679781431902, 48.985010215622054], [2.346498951405421, 48.98502531401228], [2.346496109901507, 48.985001378608025], [2.3463217546894723, 48.9850134677992], [2.3463346415388777, 48.985151212469724], [2.3463494185355276, 48.985290765909056], [2.3461800757137192, 48.98529532854653], [2.346086769280024, 48.985240055982], [2.346078663374722, 48.98520017523734], [2.3459365453826955, 48.985136813052314], [2.345755477441432, 48.985313067004775], [2.3456887938330038, 48.9853787978587], [2.34568428882065, 48.985476161530265], [2.3456826437313776, 48.985509154850256], [2.345681163565511, 48.98553990095626], [2.3456775789893567, 48.985596713687364], [2.345675839159348, 48.98562637928072], [2.345672618388572, 48.985676000032406], [2.345859600355989, 48.985670455188774], [2.346025126924588, 48.98566524272468], [2.346269224850881, 48.98565937909764], [2.3463955045605727, 48.98565682984474], [2.34639621572763, 48.985665466469264], [2.346537129861392, 48.985661737850776], [2.346567061451213, 48.985661001631875], [2.346740364086022, 48.985656729778334], [2.346741593686571, 48.98565673647355], [2.34674514699646, 48.98565666589693], [2.346779852448727, 48.98565658508992], [2.346911162290819, 48.98565604102048], [2.3470465866157024, 48.98565426025782], [2.347160677522633, 48.98565398189802], [2.347173382265863, 48.98565414095525], [2.3471923705049806, 48.98565442412602], [2.3473131807236958, 48.98566308470543], [2.347413809267409, 48.98566857795574], [2.3474145578655206, 48.98567424726932], [2.347505883702222, 48.98568067900959], [2.3475066345530196, 48.98567528762509], [2.34754020865426, 48.98567825787698], [2.3476608631758284, 48.98568844597466], [2.347727332819307, 48.985694022995354], [2.34783993571801, 48.985703447741265], [2.3478745960659735, 48.98570696335076], [2.3479381479586845, 48.98569462942655]]], [[[2.3502829556127747, 48.98553595468097], [2.3502832069005977, 48.98552678374742], [2.3503975033155635, 48.98553189889133], [2.350400645621923, 48.98553191590554], [2.350470874320331, 48.98552096566065], [2.35049318753271, 48.98551757940784], [2.350515636240337, 48.98551428380886], [2.350518920786459, 48.98551385196774], [2.3505884393583707, 48.98550505599668], [2.350596101423579, 48.98550419822657], [2.3506305818378137, 48.985500248336585], [2.3506501374224484, 48.98556447031628], [2.350787718128222, 48.985565035039556], [2.3507879801393567, 48.98556593570184], [2.3509016190814562, 48.98554712690389], [2.3509038686548194, 48.985552984164], [2.3509736784257713, 48.985542750754455], [2.351040601508328, 48.98552296969814], [2.3511272564815666, 48.985498619254486], [2.3511801822723553, 48.985483708259736], [2.3513239355559064, 48.98543853420506], [2.351322728407404, 48.985436729189104], [2.351366358189426, 48.98542221747154], [2.3513659138317076, 48.98541403194373], [2.3514978028523386, 48.98537796582933], [2.3515805915765067, 48.985356831439105], [2.3516166386015245, 48.98534776403911], [2.3516500830741354, 48.98533922211047], [2.3517238210073335, 48.98532073644282], [2.3517317719729274, 48.985318621218916], [2.3518217051954173, 48.985294287986505], [2.351873792907924, 48.98528081094859], [2.3518781748845887, 48.98528002530109], [2.351907207018477, 48.98527469674463], [2.352006592576072, 48.98525931695661], [2.3520122063830873, 48.98525835810865], [2.3520182289327827, 48.98525749139255], [2.3520694273228817, 48.98524958478306], [2.352076272961492, 48.9852484527359], [2.352134452470397, 48.98523950470727], [2.3521548493930764, 48.98523637757092], [2.352186196189313, 48.985231690917296], [2.3521877012648034, 48.98523151919533], [2.352285506390312, 48.98523330621499], [2.3523089783503037, 48.985235591121864], [2.3524045482453944, 48.98524132265332], [2.352410280736655, 48.985241803218806], [2.3524584654729987, 48.985245480431615], [2.352477164663815, 48.985247020149046], [2.3524921806823684, 48.98524809036268], [2.3525074699440967, 48.98524916204914], [2.3525648072018432, 48.98525297853959], [2.352618310109852, 48.985257493707785], [2.35268027682994, 48.985262594066214], [2.352766403144146, 48.985269623221704], [2.352809125316493, 48.98527309097451], [2.3528696037947507, 48.985277014188675], [2.3529473122510436, 48.98527977135851], [2.353026394765534, 48.985281906416695], [2.3530791059983605, 48.98528416899836], [2.3531452128490202, 48.98528596423607], [2.353145622713265, 48.985285966445936], [2.3532634026755774, 48.98528561225296], [2.353283077277106, 48.98528562838707], [2.3533680669811936, 48.98528518725379], [2.3534244106663276, 48.98525905313648], [2.3534559520119487, 48.985238720346025], [2.353476835758171, 48.98521842003877], [2.3534715314116674, 48.985161559198744], [2.3534598106267515, 48.985038389446515], [2.3534417024340435, 48.985011314517656], [2.353397878258763, 48.98498661887371], [2.3533495769746895, 48.984959381196], [2.3532551459377093, 48.98490608650395], [2.353225296476067, 48.98488928955798], [2.3531693972373717, 48.98485778439205], [2.3530802578176435, 48.98480748559333], [2.3529094499243994, 48.984710435139256], [2.3527337490003863, 48.98461137969168], [2.3526594011459285, 48.984569253573035], [2.3526481401305888, 48.98456289809399], [2.352592513711552, 48.98453148404244], [2.352564701647395, 48.98451568708819], [2.352455069462335, 48.98445439634126], [2.3523145259679343, 48.9843738746106], [2.3522515785687563, 48.98433792464215], [2.3520861992760276, 48.984244049625886], [2.3520296228135695, 48.984212180546656], [2.3519603596163003, 48.98420065578371], [2.3518797772987035, 48.98418745118899], [2.3517949564851466, 48.984174493412596], [2.351741138685399, 48.984184364093686], [2.351624471617248, 48.984205225592504], [2.3515292872347264, 48.98422350536333], [2.3514814917735385, 48.98423250923477], [2.3514216446793164, 48.98424378597291], [2.351363994680567, 48.984254175314646], [2.351328254155249, 48.984260636489395], [2.3512632098719806, 48.98427233467022], [2.3511761115663052, 48.98428858962148], [2.351136669937682, 48.984296019892824], [2.351097368284848, 48.98430318113468], [2.350968365691625, 48.98432712263331], [2.3508222541650796, 48.9843534893027], [2.3507848707070407, 48.98436021119916], [2.3507680272617897, 48.98436326740932], [2.3506999669955553, 48.9843757582846], [2.350636838463527, 48.98438719672084], [2.3505772687405826, 48.984398114841206], [2.350517564620856, 48.98440885235534], [2.350463747459654, 48.984418632542756], [2.3504137657287023, 48.98442762415237], [2.3502840737950916, 48.98445201080603], [2.3502065742042086, 48.984465439451284], [2.350141519292568, 48.98447794628784], [2.3500874197545523, 48.98448844417335], [2.3500833121806384, 48.98448914131779], [2.3499445895657862, 48.98451455777694], [2.3499091219235715, 48.98452102000787], [2.349804086263213, 48.98454032412335], [2.349752190504118, 48.98454939500876], [2.349718232378792, 48.984555325817716], [2.349655508770023, 48.98456712563102], [2.3495878522012688, 48.98458006768698], [2.3494882968414736, 48.98459814229356], [2.349477067025562, 48.98460023959107], [2.349417088081574, 48.98461106499236], [2.349388464796208, 48.98461648509071], [2.3492809549593088, 48.98463694434988], [2.3492259088781045, 48.984646627392294], [2.349220977058103, 48.98464767973431], [2.3491238535683463, 48.98466792541926], [2.3491201592049196, 48.98466835499891], [2.349108572781609, 48.98467710474311], [2.3490774038956768, 48.98470031601476], [2.349068152383956, 48.98470808925343], [2.349074994104771, 48.98476181132142], [2.349075623144795, 48.98476613111189], [2.3490809110337536, 48.984813010481886], [2.3490807226065487, 48.98481714598779], [2.3491629634124465, 48.984817951865985], [2.3492248399407827, 48.9848192766966], [2.349224988196048, 48.98482925912306], [2.3492257204655878, 48.984879890601285], [2.3492268487112753, 48.98495345497631], [2.349226843081325, 48.98495390456835], [2.34922867995531, 48.98501452365292], [2.349266201857662, 48.985040445589064], [2.3492739228091453, 48.98504579301358], [2.349351409273198, 48.985044414784696], [2.3493991093425866, 48.9850212930979], [2.3494105209001974, 48.98501559981329], [2.3494969340647547, 48.98498873133846], [2.3495304425045513, 48.985051500477134], [2.349564463746611, 48.98511697011742], [2.3495701955200334, 48.98512842160351], [2.3495781924578196, 48.98514447151893], [2.3495226876357416, 48.9851580189617], [2.3494507173451296, 48.985177142338834], [2.3494501686096583, 48.98517731921228], [2.3494569640677834, 48.98519111450787], [2.349426951742933, 48.985198325572], [2.3493678800389817, 48.98521302261916], [2.349342111951966, 48.98521953728337], [2.3493565585778264, 48.98524425494248], [2.349382642893606, 48.985299789885396], [2.3494212556298044, 48.9853804816875], [2.3494247143618856, 48.98538796417472], [2.3493894142007736, 48.985391909273154], [2.349342328547534, 48.98539866802774], [2.3493242550859463, 48.985401717363644], [2.3493356247514328, 48.985421202713326], [2.349381237869018, 48.985499324675345], [2.349384984481638, 48.98550563970598], [2.3493966942645494, 48.98553070220894], [2.3493984253222964, 48.98553430857484], [2.3494079419973475, 48.98554901786987], [2.3494122283509307, 48.98555587537299], [2.3494344010734767, 48.985596461615586], [2.3494008115690845, 48.985605631612096], [2.349373371178268, 48.985614745022175], [2.34936829589252, 48.98561633613847], [2.3493830440290187, 48.98563880730829], [2.349336280204537, 48.985652581912845], [2.3493498892010205, 48.98567873381046], [2.3493561607240685, 48.98569072777456], [2.349369234508208, 48.98571597752187], [2.349378563927164, 48.98573473240115], [2.3494220035551288, 48.98574638837306], [2.3494427319131845, 48.98574955820573], [2.3494598468796344, 48.98574668350393], [2.349521888406414, 48.985723999242026], [2.3495541421279977, 48.98571239401023], [2.349588728545313, 48.98569999209595], [2.3496128832532386, 48.98569140037203], [2.349614257354817, 48.985690778350026], [2.3496694822575255, 48.985666888039766], [2.3497541247816383, 48.98563965009522], [2.349760573031185, 48.98563752685727], [2.3498587849302295, 48.98560685532858], [2.349863449208522, 48.9856053518888], [2.349998840784744, 48.98556247214223], [2.350001310104298, 48.98556167620063], [2.350091695462658, 48.98554499029232], [2.3500936115447875, 48.985544730898596], [2.350146831730824, 48.98553908417224], [2.3501904343961355, 48.98553770170515], [2.3502829556127747, 48.98553595468097]]], [[[2.3454499811238474, 48.98574618561572], [2.3453395980694194, 48.98574495386639], [2.3453492878968234, 48.98577836872344], [2.3453586829699637, 48.98581349053534], [2.3453820465447754, 48.98590030521013], [2.3453897607057494, 48.98592786418841], [2.3453983859307765, 48.985959025115], [2.345486541057837, 48.98594601740495], [2.3454853107257203, 48.985935219757046], [2.345503244577764, 48.985932440010544], [2.3454976110036867, 48.985913255365936], [2.345471299287993, 48.98582183848368], [2.345464759209894, 48.98579869221285], [2.3454499811238474, 48.98574618561572]]], [[[2.3493206919912213, 48.98578450646068], [2.349293675174003, 48.98573795891767], [2.3492676403279673, 48.9857439325706], [2.3492592290226013, 48.98572824009377], [2.349238134721924, 48.9856888286909], [2.349229436677582, 48.98567421374918], [2.3492086869782507, 48.985640019826555], [2.3491661084865094, 48.9856468928851], [2.3491520059841884, 48.98564924434092], [2.3490879135769567, 48.98566112635196], [2.3490771231026444, 48.98563903631617], [2.3490690549453923, 48.98561777036937], [2.349017458259324, 48.98562468436997], [2.3490140370715236, 48.98562511542859], [2.349010068268342, 48.98562563344018], [2.3489461474013362, 48.98563472864833], [2.348935467208127, 48.98563655910368], [2.348903016757165, 48.98564204823966], [2.348862090083979, 48.98564794098591], [2.348854152470911, 48.98564897699886], [2.348837317507877, 48.985651313587496], [2.3487752867558034, 48.98566221745263], [2.3487748757620026, 48.98566230514618], [2.348750907131866, 48.98566694103623], [2.3487143388145366, 48.98567393648398], [2.348703373293048, 48.98564402203571], [2.348703109063825, 48.985643301205606], [2.348666477316423, 48.9855463436134], [2.3486603854172805, 48.985530933455976], [2.348631407401889, 48.98545559926904], [2.348619894360322, 48.98542577175829], [2.3485972477500336, 48.98536854675224], [2.348573677526476, 48.98530870891334], [2.3485707654077093, 48.98530122936837], [2.348541242292667, 48.98522580225766], [2.3485017179663443, 48.98521794404841], [2.3485004906304563, 48.98521775753447], [2.348364033890241, 48.98519300659722], [2.348371012054758, 48.98514862179457], [2.348390298410899, 48.985037939550786], [2.348390736458945, 48.98503569381711], [2.3484008429179695, 48.9849706433578], [2.3484056443179675, 48.9849364081927], [2.348394059768069, 48.98493409716054], [2.348386972418287, 48.984932709798656], [2.348369237403261, 48.98503953372475], [2.3483544737655415, 48.98512730978201], [2.3483431466483276, 48.98519163420198], [2.348321149525426, 48.985191604641855], [2.3482921847270473, 48.98519153722833], [2.348247377520984, 48.98519093412191], [2.348245049324021, 48.985191371096384], [2.3482059984104566, 48.985200241318566], [2.3480878892412282, 48.98522684671174], [2.3480380136137238, 48.985238175944765], [2.348033210312537, 48.98522897754305], [2.348021739526823, 48.98520670385439], [2.3480149365509915, 48.985193537906355], [2.3479957324142737, 48.9851560249456], [2.3479634406817538, 48.98509443100617], [2.3479621060625178, 48.98509190586622], [2.347911844492788, 48.98499244594354], [2.3479098437000103, 48.984988568314], [2.3478806447962715, 48.98493094783137], [2.347866911398079, 48.984903895822086], [2.3478577192940286, 48.98488514155322], [2.34784356364705, 48.98485907641457], [2.3478249977216072, 48.98482516386415], [2.347810573381079, 48.984798737561164], [2.347811023864947, 48.98479550272663], [2.3477995103888323, 48.98477664590713], [2.3477280162530105, 48.98475782268968], [2.3476992831218917, 48.984750202729444], [2.3475565513538554, 48.98471390639332], [2.3475305100681365, 48.98473130005608], [2.347548071990593, 48.98475810315699], [2.34755397037984, 48.98476712768931], [2.347573018214131, 48.98479528773459], [2.3476269213323717, 48.984876692792604], [2.3476408724875246, 48.98489727144845], [2.3476697086001974, 48.984940232321954], [2.3476742667863366, 48.98494718129522], [2.3477128719761193, 48.985006471612294], [2.347733254590815, 48.985037156768634], [2.347733521060655, 48.985037697764525], [2.3477553715434247, 48.98507117855668], [2.347764389781375, 48.985092899393905], [2.3477767377826595, 48.98512147259521], [2.3477960354876544, 48.98516240323318], [2.347826634574353, 48.985228214465025], [2.3478316885130543, 48.985239212727734], [2.34784472307775, 48.985267519876366], [2.3478709209726, 48.985324764338266], [2.3479092265449757, 48.98540797285375], [2.3479241062030263, 48.98544168548658], [2.347938447290702, 48.98547476571785], [2.3479389813674745, 48.9854757577899], [2.3479765046572725, 48.98555599451145], [2.3480174538947103, 48.98564632137294], [2.3480550666738416, 48.98573033536935], [2.348066109673458, 48.98575404550987], [2.348091665550924, 48.9858080491257], [2.3481096076823094, 48.985848162998145], [2.348085868161338, 48.9858563070537], [2.348122655391656, 48.985908123574724], [2.34813291466797, 48.98591807100676], [2.3481415547739846, 48.98592639100036], [2.348173002217897, 48.98595731601939], [2.348220512756571, 48.98600388522296], [2.348261146932137, 48.98604313317185], [2.3483607720100204, 48.98601975442803], [2.3484309283081086, 48.98600376921491], [2.3484383273824547, 48.98600210083421], [2.3485824641609696, 48.9859702409647], [2.3486208471251175, 48.985960197979466], [2.348627014325132, 48.985958702747745], [2.348632909405579, 48.985957116113866], [2.348678138154787, 48.98594594125982], [2.3487229547617137, 48.98593494400029], [2.348724873118813, 48.98593450479189], [2.348855210614554, 48.98590256968475], [2.3488708374574947, 48.98589851797262], [2.348929917966859, 48.985883191751384], [2.348989000694108, 48.98586768566419], [2.3490513623342895, 48.98585219733848], [2.3490859016618892, 48.985843572140624], [2.3492048686177576, 48.98581400292209], [2.3492063759720376, 48.98581365140094], [2.3492843473732834, 48.98579545997013], [2.3493206919912213, 48.98578450646068]]], [[[2.3450651186560956, 48.98570047189142], [2.3450613039248425, 48.985688760882965], [2.344962060366488, 48.98564928176167], [2.344880474686344, 48.985618082108516], [2.3448832003944613, 48.98564030834328], [2.3448908956533066, 48.98570185871716], [2.344893589561753, 48.98570493085982], [2.344918074439623, 48.985702726518646], [2.3449660889656654, 48.985698222681485], [2.3449809598045968, 48.985808371443994], [2.3450001433137424, 48.98595577246888], [2.3450163873317615, 48.98606538914961], [2.345161094586421, 48.9860534997245], [2.345156123190338, 48.98602514638467], [2.345226959736792, 48.98602031738592], [2.3452216656750537, 48.98598503810339], [2.3452109354881827, 48.98593660017811], [2.34528807242604, 48.98593054658691], [2.345374235523543, 48.98592382280115], [2.3453579142991594, 48.98586366419835], [2.3453407971639657, 48.98580161283261], [2.3453251262792176, 48.98574406557674], [2.345254689113072, 48.9857389151944], [2.345245144798494, 48.98573733439042], [2.3452364190863824, 48.98573584797775], [2.345166373020496, 48.985721347531246], [2.345103004494096, 48.98570823236158], [2.3450651186560956, 48.98570047189142]]], [[[2.3539890010241002, 48.98614668097758], [2.354049270358551, 48.9860246184154], [2.3541297789664317, 48.98604402589692], [2.354131958235832, 48.98604457717506], [2.354299656780821, 48.986084507022504], [2.3543184560838135, 48.98608901449282], [2.354544179761342, 48.98570346431027], [2.354570147697783, 48.98565882166239], [2.3546330986355333, 48.98567273889302], [2.3550007116324996, 48.985754838450326], [2.355132318686237, 48.98578540081896], [2.3550874596194626, 48.98586600171187], [2.355161848227364, 48.98588312749559], [2.3551346142579472, 48.98593073095943], [2.3551640367105993, 48.98593799312855], [2.3554357890991673, 48.98600482845247], [2.355503079180953, 48.98602146626164], [2.3555496649903973, 48.986032957055464], [2.355627717179182, 48.98605217048498], [2.3556102536677592, 48.985984003944836], [2.355606086878289, 48.98596743548092], [2.3555633278499037, 48.98581262580826], [2.355546467331471, 48.98575093703743], [2.355517028662104, 48.98568990008786], [2.355472138376019, 48.98565189068813], [2.3553303969867074, 48.985557158132345], [2.3552951641433606, 48.985533678383604], [2.355136548122108, 48.98543354936269], [2.3550149402414213, 48.985356999435815], [2.3550145337245048, 48.985356727477054], [2.3548788392256284, 48.98532533366168], [2.3546457699879, 48.98533451139904], [2.354488841328054, 48.985340681253604], [2.354430471525707, 48.9853429749896], [2.3544154342164125, 48.98534361346864], [2.3540641111370157, 48.98535826854376], [2.353821874542026, 48.985368474417406], [2.353763776804194, 48.9853708592191], [2.3537548449867542, 48.98549580606629], [2.3537602986839024, 48.98549673468728], [2.35375867428906, 48.98558341308012], [2.3537546902266206, 48.98578293388511], [2.3537535356534596, 48.985842817315564], [2.3537513226627014, 48.98595485118707], [2.353749528069547, 48.98604422635715], [2.353812452173127, 48.986104275072115], [2.353909989580195, 48.9861277310885], [2.3539890010241002, 48.98614668097758]]], [[[2.3418042836328605, 48.986087286924935], [2.3418189387739776, 48.98608448974065], [2.3418215949394483, 48.98609052925309], [2.3418259805527897, 48.98608947421863], [2.341849811094577, 48.986085018800885], [2.341840086986538, 48.986065271993276], [2.341895968211502, 48.9860546077485], [2.341905559131534, 48.98607408404764], [2.3419685652578615, 48.9860618402104], [2.3419881536219913, 48.986057901044624], [2.342021165217688, 48.98605133775935], [2.3421614248437455, 48.98602387061947], [2.3421896386501593, 48.9860185399235], [2.342250320910758, 48.986006373121235], [2.3422578579451634, 48.986004615952496], [2.34226718815055, 48.98600151974661], [2.342275975276475, 48.985998150789264], [2.342284633744235, 48.985994151654495], [2.3423004626159276, 48.985984976207085], [2.342329959408426, 48.98596463512117], [2.342374729426374, 48.98593583492042], [2.342396165410559, 48.98591544963274], [2.342431721227296, 48.98588057396283], [2.3424600963875326, 48.98585168386828], [2.3424654792844124, 48.98584739699414], [2.342407904139645, 48.98584078671533], [2.342365940485752, 48.985842175340366], [2.3423221984583416, 48.98584373405098], [2.3422784632565943, 48.98584475323603], [2.3422538768574763, 48.98584416882297], [2.342229587604919, 48.985841697619406], [2.34219753362388, 48.98583738534786], [2.3421843119533805, 48.98583488489245], [2.3421716492952447, 48.985831398331136], [2.3421595445118584, 48.98582701558235], [2.342148407471704, 48.985821738893655], [2.3421067534515347, 48.98579866965951], [2.3420682702464304, 48.985773369686115], [2.3420433309277153, 48.985757496127036], [2.3420152174303825, 48.985744123040384], [2.3419653081210288, 48.98572559462935], [2.341919872086741, 48.985709878394104], [2.341873881619689, 48.98569478857152], [2.341706853734191, 48.985742970993726], [2.3415154363807207, 48.985764221815664], [2.341097106502998, 48.985815160361646], [2.3411644666400537, 48.98584745349241], [2.341281939777172, 48.985903761811386], [2.3413311077761754, 48.98592687258396], [2.341393857208079, 48.9859564425325], [2.341621203945614, 48.98606506020373], [2.3416333030432686, 48.98606989259705], [2.3416454055604725, 48.986074455234416], [2.341658877730529, 48.98607875561286], [2.34167862090742, 48.986084169494], [2.341687881679035, 48.986086558345995], [2.341746593220341, 48.98610054901079], [2.3417508217114835, 48.986101111757776], [2.3417534152779917, 48.98610130583657], [2.341772707648254, 48.98609916357172], [2.34178324700984, 48.98609769267819], [2.3417874891677877, 48.986097176405046], [2.341807350805735, 48.98609323876804], [2.3418042836328605, 48.986087286924935]]], [[[2.3520720313312, 48.986125642596356], [2.3520446098499774, 48.9860784640459], [2.35201799246199, 48.98603254877129], [2.3519771700081753, 48.98596434543547], [2.351919667867247, 48.98586412881518], [2.3518878244585384, 48.98581000214903], [2.3519114132834487, 48.98580293562311], [2.351979440538035, 48.98578226076854], [2.3520648849587427, 48.98575637439988], [2.3521533551675113, 48.98572888566967], [2.3521688551668216, 48.98572402352426], [2.3522652650595033, 48.98569531864176], [2.352416394471839, 48.985650273036946], [2.352484423566419, 48.9856294180563], [2.352489123560627, 48.98563600790597], [2.352616585532441, 48.98561529375392], [2.352699286820007, 48.985601172230346], [2.352765282079261, 48.98559001795527], [2.35279980157933, 48.985582920298675], [2.3528092542653445, 48.985580903029444], [2.352843867825152, 48.98557722299581], [2.352855769629829, 48.985576028253725], [2.3528550013262945, 48.98551703368348], [2.352911051058838, 48.9855145483505], [2.352908081176167, 48.9855006839694], [2.3529041974879457, 48.98548339753075], [2.3529658005404612, 48.98548480887573], [2.3529570823753563, 48.98544978125142], [2.3530188499973628, 48.985448945346064], [2.3530197179648975, 48.98546702483836], [2.353034338798322, 48.98547789461576], [2.3530593394883987, 48.985478119356365], [2.3530564828576, 48.98549905634512], [2.3530594941377596, 48.98549862296098], [2.3530604493721494, 48.98549871803642], [2.3530611361355094, 48.985553305868486], [2.3530615460018462, 48.985553308078636], [2.353094029603493, 48.98555609104615], [2.353142219156639, 48.9855594083097], [2.353173884152771, 48.98556209691744], [2.353152846739786, 48.985583745204636], [2.353105314804327, 48.98562638287139], [2.353065214130591, 48.985664744218], [2.353016283359868, 48.985709982112084], [2.3530034431290034, 48.985720703797206], [2.3530013714013145, 48.98572249111299], [2.3529989549655936, 48.9857739148448], [2.353131762291888, 48.98577382166367], [2.3531519846881586, 48.98577375084744], [2.3532674286230675, 48.98577455306708], [2.3532663037020556, 48.98583200869735], [2.3532675764463944, 48.985894423091246], [2.3532682293479037, 48.985896854569475], [2.353281748735021, 48.98594135009719], [2.3532911827678955, 48.98597377373162], [2.3533031063541534, 48.98601475360042], [2.3533127038917367, 48.98604501992692], [2.353346166555802, 48.98604600961284], [2.3533600987867596, 48.9860463544791], [2.353424634396492, 48.98605371639921], [2.3534512245046617, 48.986057996219515], [2.353554249927715, 48.98606862291648], [2.3536279214720355, 48.98607747274275], [2.3536509064678186, 48.986064017993215], [2.353652601683182, 48.986048560132794], [2.3536529498598804, 48.98604253707508], [2.3536559056286612, 48.98600262657329], [2.3536597335086036, 48.985947523546805], [2.353660731063607, 48.98593323094312], [2.3536626700689998, 48.98589817087668], [2.353655290189107, 48.985898310967464], [2.3536565772205513, 48.98578384414333], [2.353656878803504, 48.98573762462433], [2.3536568722873996, 48.9856832203221], [2.353656986173306, 48.98566307786746], [2.3536574398492323, 48.98560462944188], [2.35365751254121, 48.985598784746344], [2.3536578232618908, 48.98549690204999], [2.3536569401636966, 48.9854580499394], [2.3536715654131797, 48.98545758918422], [2.353676104869379, 48.985433154194375], [2.3536844673025867, 48.985397948866876], [2.353638866604522, 48.985373243751845], [2.353581058873183, 48.98537428116098], [2.353551808419241, 48.98537520264756], [2.3535094366931957, 48.98537650304391], [2.353444401432555, 48.98537642234708], [2.3534265039967956, 48.985376325892986], [2.353358468654571, 48.98537577935888], [2.353313243533511, 48.98537580536423], [2.3533079164084203, 48.98537568672492], [2.353290982038366, 48.98537505589519], [2.353223789929865, 48.98537262541685], [2.3531675174852618, 48.98537106309474], [2.3531546806480255, 48.98537054426198], [2.35307301001804, 48.98536776586235], [2.353050485360977, 48.9853662056096], [2.353042568023592, 48.98536562336859], [2.3529894826686433, 48.985360481171604], [2.3529318597024163, 48.98535765251326], [2.3529310410925266, 48.98535755817366], [2.3528858652524995, 48.985353627608006], [2.352830034056782, 48.985349549622946], [2.3528013659237446, 48.985347596485504], [2.352769833219634, 48.98534526818958], [2.3527249284057206, 48.98534151887419], [2.352709779093767, 48.98534017819744], [2.3526529971758445, 48.985335645378086], [2.3526430350051406, 48.98533469237932], [2.35259499911628, 48.98533002687572], [2.352561169631802, 48.985325617868334], [2.352518453034335, 48.985321700435364], [2.352470263741436, 48.985318382920525], [2.352438865450548, 48.98531623511176], [2.352393131992613, 48.98531320059476], [2.352379210049609, 48.98531204635037], [2.35234972894901, 48.98530954916952], [2.3523276142032628, 48.985307990993554], [2.3522878898611643, 48.985305168725425], [2.3522701380393642, 48.985304353489134], [2.3522170225610917, 48.98530163874703], [2.3521894396028205, 48.98530032079352], [2.3521670101493397, 48.98530208809348], [2.3521537253630806, 48.98530462416613], [2.3521105808716727, 48.98531311385205], [2.3520862028357117, 48.98531774819656], [2.352066892122401, 48.9853214207342], [2.3520477202700474, 48.9853249141698], [2.3519589821084974, 48.98534107090045], [2.3519424071722255, 48.9853444884222], [2.3518895310831707, 48.985355443345675], [2.3518363435982246, 48.98536945399497], [2.3517598328245826, 48.98539116202912], [2.3517119892181686, 48.98540394255497], [2.351648785620502, 48.98542131612636], [2.351641795475245, 48.98542307683933], [2.351599439119418, 48.98543408848537], [2.3515300661473173, 48.985453137215735], [2.351480851720372, 48.98546626993759], [2.3514357482690795, 48.985478435694006], [2.3514264265592755, 48.98548090318572], [2.351352808080184, 48.98550073818213], [2.3513281285856356, 48.985507618853944], [2.351279862552796, 48.98552138609216], [2.35124216353669, 48.985531433626164], [2.351234319954867, 48.98553588743376], [2.3512071546213473, 48.985533942042466], [2.351146250818462, 48.98555312627455], [2.3510796032271837, 48.985572729030444], [2.351059939382597, 48.9855827841315], [2.350991403336893, 48.985611369067705], [2.3509248997044447, 48.9856413138267], [2.350921380824018, 48.98564956783734], [2.350943457101779, 48.98566515427571], [2.3509777171123765, 48.985689799064524], [2.351010757659286, 48.985713627926295], [2.351044325637975, 48.98573898834653], [2.351076399782911, 48.98576362128124], [2.3511272904917524, 48.98580229426266], [2.3511628966999862, 48.985828564914904], [2.3512048658448337, 48.98585954603523], [2.3512413903264697, 48.98588887905831], [2.3513083946346693, 48.985939239339324], [2.3513493784125488, 48.9859725531117], [2.3513395033831066, 48.98597555715088], [2.351420120853278, 48.98602994763908], [2.35148107171803, 48.986072721440614], [2.351542432553724, 48.98611549742479], [2.3515657797322396, 48.98610591177874], [2.3515977457750563, 48.9861282958689], [2.3516791408674282, 48.98618610750184], [2.3517208553084146, 48.9862156482615], [2.351782495998591, 48.986225063682014], [2.3518467441742135, 48.9862116523644], [2.3518774264104114, 48.98620552341207], [2.35202342392375, 48.98617771607245], [2.352093415779382, 48.9861638860221], [2.3520720313312, 48.986125642596356]]], [[[2.346849339045679, 48.98635702522557], [2.346998830977922, 48.98632321807507], [2.346997246944462, 48.986307922302124], [2.34713049953367, 48.986283378737895], [2.347199928265557, 48.9862709872622], [2.3472002015134326, 48.986270988748984], [2.3472106447016503, 48.98628804128695], [2.3472822898967474, 48.98627323386427], [2.347328056672701, 48.98626278184192], [2.3473901313547008, 48.9862484618366], [2.347421525485852, 48.98624008978289], [2.347477595442188, 48.98622519752407], [2.347554251500621, 48.98620304338945], [2.347554799124465, 48.986202956443115], [2.347665253087243, 48.98617684950896], [2.347680047947828, 48.98617378259697], [2.347863748868331, 48.986135843991185], [2.347878960346313, 48.9861322397727], [2.347987907753094, 48.98610639412585], [2.3480510818223577, 48.986091540206615], [2.348174699640787, 48.98606163758554], [2.348160358393159, 48.98603943825796], [2.348141449791475, 48.986011009326305], [2.348096065365835, 48.98595833678223], [2.348060331760683, 48.98592055419421], [2.348020821274404, 48.98587888431786], [2.3480103034469884, 48.985867766452806], [2.3479745496592015, 48.985831602365764], [2.3479644304375626, 48.98582138590694], [2.347937046904389, 48.985793270573936], [2.3478829520388893, 48.985770585363376], [2.3478253458225957, 48.985766405478635], [2.347776203444467, 48.985762811126044], [2.347737435360084, 48.98575999255161], [2.3476807911686044, 48.985755368205226], [2.3476115878718895, 48.98574986621896], [2.347587017261569, 48.985748024042216], [2.3475352802181892, 48.98574432555647], [2.34746294027908, 48.98573835680353], [2.3474107877408708, 48.985735105626404], [2.347408819702199, 48.98572862035984], [2.347330609550389, 48.98572225989799], [2.347328910249995, 48.98571613578982], [2.347248108818218, 48.98570940147912], [2.3472512443196467, 48.98572083894619], [2.347130641703182, 48.9857173950545], [2.347068630925722, 48.98571579864643], [2.347048279829687, 48.98571523826549], [2.3470127681619926, 48.98571423566866], [2.346950747222422, 48.98571344846454], [2.3469501951839455, 48.985703014220945], [2.3467950812776968, 48.985705946618054], [2.346779090803419, 48.98570630917784], [2.346681372992158, 48.985708384901756], [2.3465787378962646, 48.9857103438403], [2.346493321741956, 48.98571203678772], [2.346483207159025, 48.98571234139005], [2.346451909314184, 48.985713070145586], [2.3464371484372806, 48.98571343935798], [2.346371379892458, 48.98571730751168], [2.3463318643380897, 48.985719610105164], [2.346299044411594, 48.98572185924397], [2.346260344060788, 48.98572452595364], [2.3462589767050264, 48.98572460842734], [2.3461241492976113, 48.98573322581559], [2.3461207292100505, 48.985733566873385], [2.34612954323378, 48.98577147311545], [2.3461142109570288, 48.985773817512424], [2.346113940857024, 48.98582786064768], [2.3461138851426564, 48.985843147503665], [2.3461697245249455, 48.985835718325], [2.3462347323198265, 48.98582717006354], [2.34624972501133, 48.985862682001226], [2.3462570469714086, 48.985878009058126], [2.3463456000769867, 48.985876782991106], [2.3464143394711385, 48.9858757186938], [2.346458886439452, 48.98587533189465], [2.34648771951672, 48.98587503933328], [2.3465837834771626, 48.98587412377627], [2.3466012745947675, 48.98587394926399], [2.34664787316396, 48.985873393719125], [2.3467260372637853, 48.985872560416865], [2.3468180036600215, 48.98587153243598], [2.3468311222151184, 48.985925738380416], [2.346669828920831, 48.98594194579561], [2.346517139387713, 48.98595846963153], [2.346562471190672, 48.98609126517642], [2.3465773465999495, 48.9861361285656], [2.346572940728202, 48.98613880230273], [2.3465927988792123, 48.986189447989496], [2.3465168087809034, 48.98620207314968], [2.346526111062147, 48.986233777217635], [2.346457352899531, 48.98624716112599], [2.3464621978555646, 48.986253032606], [2.3464620114764503, 48.98625698826562], [2.346400552009548, 48.98626582575347], [2.3464071411918277, 48.98628510547764], [2.346413058567979, 48.986303482297], [2.346426563144512, 48.98634869792607], [2.346502534256669, 48.98633760143526], [2.346503458964701, 48.98634012435591], [2.3465203862095563, 48.98637393821424], [2.3465698532049206, 48.98637348824563], [2.3465785994130974, 48.98637335603175], [2.346632326627851, 48.9863709509026], [2.3466968923621745, 48.98636500779253], [2.346699902615035, 48.98636466448664], [2.3467409486368727, 48.98636021191807], [2.346811340584175, 48.98635816721984], [2.346849339045679, 48.98635702522557]]], [[[2.3509628552170154, 48.98611398206614], [2.351042088607308, 48.98606036611186], [2.3510435779903744, 48.98606145326097], [2.3511246276093054, 48.98611404779386], [2.351152141022123, 48.98613191170187], [2.3512113628260427, 48.98617089946124], [2.35121841000765, 48.98617552371422], [2.35126109962716, 48.98620354119432], [2.35133604650576, 48.98625250560011], [2.3513954108205137, 48.98629104441132], [2.351410319383211, 48.986300746917344], [2.351471987342431, 48.98634082685628], [2.351492579710533, 48.986333024822166], [2.3515922456525615, 48.98629534565113], [2.351598408445628, 48.98623944599335], [2.3515206539524174, 48.986185520735205], [2.35136769191399, 48.9860816405004], [2.3513733462245363, 48.986077444623184], [2.351312501761302, 48.986037099300844], [2.351278631028537, 48.98601407536197], [2.351275602866734, 48.986015857476225], [2.3512226265686946, 48.985980050870154], [2.351192547682508, 48.98595974514259], [2.3511897032940126, 48.98595775142333], [2.3511101289899017, 48.98589644223672], [2.3510661509500395, 48.98586221293905], [2.351025421597129, 48.98583042915645], [2.3510134467023596, 48.98583746840933], [2.3509675538118024, 48.9858034085636], [2.350932362079791, 48.98577678039679], [2.3509102880040187, 48.985761014121316], [2.350886057181944, 48.98574289813723], [2.3508973467130927, 48.98573603503726], [2.350800560213123, 48.98566357179687], [2.350799878224512, 48.98566347818205], [2.350724592995761, 48.985652639539296], [2.35067397576669, 48.98564679028105], [2.3506663361519355, 48.985645849688815], [2.350637010667261, 48.9856418242152], [2.3506086718807837, 48.98563537611524], [2.3505206139137442, 48.98561889289111], [2.350521307138805, 48.985618087323914], [2.3504769667217698, 48.98561290143275], [2.3504345165462865, 48.98560952424837], [2.3503796607315497, 48.98560392168977], [2.3503148247643244, 48.98559880460801], [2.3502622510792164, 48.985596451634045], [2.3502090252254493, 48.98560254800311], [2.350201086521848, 48.98560367402356], [2.3501444147390114, 48.98561217966021], [2.3500728364940593, 48.985621773536515], [2.3500310744913175, 48.98562892109794], [2.3500295671479754, 48.98562927262951], [2.3499861161793927, 48.985640367700825], [2.34993770067293, 48.98565512275904], [2.3499026943782373, 48.98566833181867], [2.3498521507413317, 48.985689370021774], [2.3497961117888835, 48.98571280638127], [2.349911047893693, 48.98584157155431], [2.3499275101200188, 48.98583626528941], [2.349965120227404, 48.985822440860886], [2.3499723938510186, 48.98581987246169], [2.3500344251199605, 48.98579799720137], [2.3500613246236983, 48.985788431089425], [2.350076147345776, 48.98578311592226], [2.3500889139778938, 48.9857783291618], [2.3501434669297243, 48.98584094230137], [2.350157343434971, 48.9858566643156], [2.3502121731704957, 48.98591900914437], [2.350333569554204, 48.98586993836895], [2.3504351472156517, 48.98595258937323], [2.3504340441154135, 48.985953392720546], [2.3502883832518022, 48.98600889667635], [2.350154671280546, 48.98605942940931], [2.3501090986604423, 48.986076268192754], [2.3501473307603, 48.986121977037534], [2.3501982054216217, 48.98618376088618], [2.3502233740473035, 48.98621429164791], [2.3502960874401344, 48.98629975391453], [2.3503281374523453, 48.98633724609293], [2.3504004188365757, 48.98642450443278], [2.350430977371337, 48.98646108925921], [2.350514041857971, 48.986560185991785], [2.3505183509167042, 48.986565245083234], [2.350572877119649, 48.98663010593806], [2.3506606242426757, 48.98664973476889], [2.3507019561972786, 48.98663332245502], [2.3508504987216936, 48.98657693437089], [2.350863540973447, 48.98657196917346], [2.350801497164762, 48.986496366770716], [2.3507613862964174, 48.9864478603327], [2.350708757060684, 48.98638426876015], [2.350663124547108, 48.98632934776931], [2.3507015568069747, 48.98631534771641], [2.350743007132474, 48.98630037481554], [2.3508183585727074, 48.98627317577816], [2.3508224763870915, 48.986271669344944], [2.3508868472910143, 48.98624845744603], [2.350975244101486, 48.98621602335082], [2.3509625890057158, 48.98620093751669], [2.3509350546730956, 48.986173811240434], [2.3509037574055314, 48.98615259960871], [2.3509628552170154, 48.98611398206614]]], [[[2.341635204472108, 48.98622178548588], [2.3416024367546844, 48.98617673335153], [2.3415690463577623, 48.986126911790855], [2.3413099598605296, 48.9859999550234], [2.3412870130232406, 48.98598858847416], [2.3410857387388395, 48.98611904275558], [2.341043040004711, 48.98614605536186], [2.3409820254764124, 48.98618438775543], [2.340767608566303, 48.986176735211004], [2.34076064190491, 48.986176607006065], [2.3406874333470387, 48.98617449614951], [2.3405208016690944, 48.98616971356542], [2.3404373497887154, 48.986167276476365], [2.3404049802812317, 48.98616628919922], [2.34015093814488, 48.98615877739154], [2.3401157006961624, 48.986157684338295], [2.339886230312277, 48.98615192575799], [2.3398992242289904, 48.98618311112821], [2.339944039045841, 48.98618317784259], [2.3401113367049553, 48.9861893137582], [2.340134624722781, 48.98623836077006], [2.3401605756175097, 48.98629290781391], [2.3401758569491835, 48.986326893388274], [2.340223290324055, 48.986432815509815], [2.3402267489435244, 48.986440208336525], [2.3400228856501992, 48.98648368960576], [2.340066881544751, 48.98659130142979], [2.340124887169056, 48.98673621900372], [2.3401258401189535, 48.98673649401835], [2.340165767358403, 48.98674489673884], [2.3402576885648427, 48.98671527755525], [2.340342531080847, 48.986694342052424], [2.34061446889171, 48.98662695480026], [2.340928461500784, 48.986550985365476], [2.3409594515432484, 48.986542253080714], [2.3411522501593502, 48.986487738679884], [2.3412517962344004, 48.98646013894323], [2.3412615467127194, 48.98645623580356], [2.3413241619556215, 48.9864317604326], [2.3415025985008233, 48.98635684368759], [2.3415298768884605, 48.98632830749984], [2.3415763829343264, 48.986281172538234], [2.341602956477884, 48.98625434102911], [2.341635204472108, 48.98622178548588]]], [[[2.3503252430141157, 48.98647040842739], [2.3503022332150962, 48.98644204757109], [2.350300619578064, 48.9864399705721], [2.3502610455998383, 48.98639227618834], [2.35022575597212, 48.9863516190949], [2.3502248142187625, 48.98635044497742], [2.350165715489243, 48.986279804015595], [2.3500885927132655, 48.986186404433845], [2.3500094287348, 48.98609236426322], [2.349968631301928, 48.986044213514056], [2.3499566484093215, 48.986030030455794], [2.349932412771693, 48.98600139309956], [2.3498906782424704, 48.98595170852623], [2.349878293397537, 48.9859368938096], [2.3498773516595453, 48.98593571968894], [2.349793347650729, 48.985835448335855], [2.349744342649188, 48.985777181477516], [2.349724557283756, 48.98575324426256], [2.3496930751053995, 48.98574686883342], [2.3496067478889207, 48.985777694577955], [2.3495525478507333, 48.98579610502324], [2.34953894454664, 48.98580223605725], [2.3495359264666766, 48.98580320886292], [2.349479427426931, 48.98581971839722], [2.3494259408068494, 48.98583570469356], [2.3494219652376485, 48.98583676222866], [2.34936548076013, 48.985852102770465], [2.349356706502263, 48.985854483145864], [2.3492419680947467, 48.98588461499693], [2.3491612224189486, 48.98590611855357], [2.3491546419932705, 48.985907881344296], [2.349090217456751, 48.98592443762418], [2.3490872016139077, 48.98592523058178], [2.34904538854712, 48.985936424122535], [2.3490248252541726, 48.9859418878632], [2.3489408015709756, 48.985963283560466], [2.348860242970589, 48.985980741330124], [2.348830094610464, 48.98598786157976], [2.3487935057962535, 48.985996475579185], [2.3487730880906446, 48.98600122067147], [2.3487253989683152, 48.98601247212927], [2.3487018287728576, 48.986018009416064], [2.3485834470065785, 48.98604443395661], [2.3485383694282937, 48.98605444057779], [2.348535824308804, 48.986050380158495], [2.348395793874596, 48.9860816328024], [2.348416230508783, 48.986118972507875], [2.3483608361612425, 48.98613449834528], [2.348336572045956, 48.9861735736], [2.3483761812985753, 48.986218301324755], [2.3484709428898003, 48.98633221065064], [2.348472017845276, 48.9863336552787], [2.3485248424412983, 48.98631604717661], [2.3485408950872477, 48.9863107388787], [2.3486033317810984, 48.986289316185434], [2.3486583580484695, 48.986270461036455], [2.3487448086207863, 48.98624080566807], [2.348716388926037, 48.98620809875794], [2.3487003605911667, 48.98618966716646], [2.3486983495510816, 48.98618659881911], [2.3486850728606297, 48.98616665344782], [2.3487325734013167, 48.98614865665188], [2.3487569825328647, 48.98618520853994], [2.348784692073269, 48.986176456432105], [2.3488017187766057, 48.98620244708201], [2.3488206584853564, 48.98619571562622], [2.3488443482324213, 48.98622426031742], [2.348829435414571, 48.986247649648746], [2.3488154355560527, 48.98625269935399], [2.3488205574069303, 48.986258302466936], [2.348821792655671, 48.98625785954938], [2.348859254712213, 48.98629951802457], [2.34895863348055, 48.98626309841322], [2.3489977526493004, 48.9862488328573], [2.3490997360855124, 48.98621170786644], [2.349104951440061, 48.98620984774871], [2.349158616834668, 48.98619053536516], [2.3491841459613996, 48.98618132171501], [2.3491971848948685, 48.98617662645178], [2.3492024002424094, 48.98617476632977], [2.3492223041369136, 48.98616741057006], [2.349269382236008, 48.98615040043968], [2.349298206052288, 48.986139945693424], [2.349347208089471, 48.98612204672301], [2.3494132302058373, 48.98609794531971], [2.3494564391152637, 48.98614988615902], [2.34947218883077, 48.98616876576009], [2.349503972798981, 48.98620562725357], [2.3495077442391104, 48.986209964073524], [2.349526820482874, 48.986203233247075], [2.3495549544052237, 48.98619331424576], [2.3495953097233953, 48.98617851565061], [2.3496444516941284, 48.986160347545194], [2.3496536448637335, 48.98615725002476], [2.3497735741720205, 48.98630195895667], [2.349775452031266, 48.98630475679031], [2.3497845759576856, 48.98631811504899], [2.349790364164329, 48.98632507059684], [2.3498743633343238, 48.98642579149723], [2.349893218525874, 48.98644765536949], [2.349893352900508, 48.98644783594638], [2.349909243988952, 48.98646635655197], [2.3499349097425073, 48.986457143484785], [2.349965380961162, 48.986446068036564], [2.350039697761938, 48.98653441670772], [2.350042390893297, 48.986537578650626], [2.350143409982244, 48.98665403837976], [2.3501502766565316, 48.986662168765875], [2.3502274519672297, 48.98675143202602], [2.350271490979721, 48.98680265763339], [2.350427450430812, 48.98674325281501], [2.350464941294652, 48.98672807872789], [2.350490992399552, 48.986666171958156], [2.3504541033678046, 48.98662226900869], [2.3504097910786292, 48.98657104198016], [2.350407096799104, 48.986567969963886], [2.3503667096223024, 48.98651973167258], [2.3503252430141157, 48.98647040842739]]], [[[2.347157058924921, 48.98668161860016], [2.347168845950453, 48.98667871523345], [2.347176940658141, 48.98668694239862], [2.3472224353912883, 48.986752564966885], [2.3472693667557905, 48.986736454069685], [2.347200250640274, 48.98664777227534], [2.3474412106655165, 48.98657660406364], [2.3474414861731248, 48.986576425713366], [2.347543203736212, 48.98652797012753], [2.347553694503239, 48.98654124606476], [2.3475843538612637, 48.98658052990274], [2.347679968040417, 48.986702627575276], [2.3479067852470616, 48.986626075998835], [2.3480805137223166, 48.98656632116495], [2.348076238741276, 48.986558564438155], [2.3480201888003394, 48.9864629400031], [2.348323470434196, 48.98634669685262], [2.3483496919264732, 48.98633676774569], [2.3483262654997277, 48.9863090337086], [2.3482087385307073, 48.98616919227921], [2.348134172761683, 48.98618812090916], [2.3481289641420653, 48.98618944147498], [2.3481250415318162, 48.98618627280706], [2.348102857453283, 48.986168437158064], [2.3480563240616075, 48.986163778006926], [2.348048649448537, 48.98616562471553], [2.347870911482779, 48.98620746276547], [2.3478197962251546, 48.986219504559955], [2.347812520102642, 48.986211371809], [2.3477230226316115, 48.986233366368104], [2.3476780678033298, 48.986244452426455], [2.347614610034471, 48.98626011392582], [2.3475355229102055, 48.986280006766734], [2.3475203170100114, 48.98628316134979], [2.3474292080319343, 48.98630289881502], [2.3473420667284315, 48.98632220817303], [2.347332613695382, 48.98632422501012], [2.347189901276098, 48.98635132513327], [2.3471952973392836, 48.98635683988362], [2.347121363283075, 48.98636893706604], [2.3471080824967387, 48.986371112904365], [2.346957758422209, 48.986395023974964], [2.3469357144613276, 48.986398680809614], [2.34682934947489, 48.986414647874035], [2.3467566573032674, 48.98642576242452], [2.346753741992517, 48.986418552598096], [2.3466694435147257, 48.98642906435417], [2.346534774528427, 48.98644667551178], [2.346536080846146, 48.986451448620734], [2.3464785923156155, 48.986459588381095], [2.346490979511174, 48.986485014539184], [2.346525711514647, 48.986548060881105], [2.3466090653201874, 48.9865257639842], [2.3466156152148483, 48.98653730997888], [2.346650648916053, 48.98659810981359], [2.3466832777111453, 48.98665458016754], [2.3467049384437635, 48.98669228651309], [2.3467175554203483, 48.986688578390364], [2.3467530678903175, 48.98667870022315], [2.3467563118504082, 48.98668150554204], [2.3468143034879114, 48.98673118977013], [2.346872839477082, 48.986781056779364], [2.346887304687968, 48.98679336524027], [2.3468913322519405, 48.986799052400954], [2.3468971031739883, 48.98680735685866], [2.34696925170498, 48.986785178566606], [2.347009715467624, 48.98677271946705], [2.3471036742916556, 48.98674373562103], [2.3471835041497298, 48.98671917104218], [2.347157058924921, 48.98668161860016]]], [[[2.3452087379276154, 48.986761644862796], [2.345294248503769, 48.98673090775625], [2.345488649610761, 48.9866573311889], [2.3455829547933598, 48.98662259525467], [2.345640746707194, 48.986601238689715], [2.3456363230080286, 48.98659447023166], [2.345636460765073, 48.98659438105861], [2.3457153675454334, 48.98656720460811], [2.3457202237683976, 48.986572176933926], [2.3457697705479266, 48.98655455216695], [2.3457749826600764, 48.9865529619493], [2.345911202089006, 48.98650991148752], [2.3459401475607766, 48.98650071715184], [2.345994189225033, 48.98648419588911], [2.345985725601572, 48.98647272935137], [2.3459501210581695, 48.98642478539082], [2.3459239195659882, 48.98638966194907], [2.3459084692196233, 48.986368805174266], [2.345899602552243, 48.986356796885076], [2.3458307210241545, 48.98636910066884], [2.345825788971943, 48.98637015286957], [2.3456712851995816, 48.98640042417546], [2.3456479990733365, 48.98640506316804], [2.34565034358343, 48.98642503917724], [2.3456510716202024, 48.986432327026236], [2.3455999884638046, 48.986441760243316], [2.3455930451713867, 48.98641807224788], [2.345525254219163, 48.98643056165379], [2.34551411831457, 48.986381761867065], [2.345507212766555, 48.98637677835224], [2.345500124164627, 48.986375480739945], [2.3454986179014545, 48.986375742296104], [2.345497734010603, 48.98636998231075], [2.345478603232528, 48.98637014771786], [2.345470404651297, 48.98637019291477], [2.345427061951708, 48.98637256425693], [2.345345982662368, 48.98637697778699], [2.34532438358423, 48.98637784909645], [2.3452307473160885, 48.986381204858745], [2.345238708873685, 48.98643250523331], [2.345227227900182, 48.98643280227329], [2.345217982817902, 48.98637493040943], [2.345199808081582, 48.98627753297719], [2.345049099592585, 48.9862993713016], [2.3450524733981615, 48.98632438871324], [2.345059856544102, 48.98637820382996], [2.345060582230951, 48.98638567151935], [2.344910510018002, 48.98641120004457], [2.344915250086602, 48.98645789670502], [2.344918134621235, 48.98648920615522], [2.3449190995339597, 48.986499372883706], [2.3449206784276857, 48.986515028354255], [2.3449234268694497, 48.98653545620472], [2.344848790769633, 48.986548986946445], [2.3448362054351137, 48.98655017716273], [2.3448579221132126, 48.98661585065173], [2.34487721640574, 48.98666775247053], [2.344879626911704, 48.9866716323826], [2.3448851231146333, 48.98668002536423], [2.3449045982899945, 48.98672842111112], [2.3448344195237207, 48.986746022779144], [2.3448304982059756, 48.986742764086955], [2.344812305525793, 48.98674437330179], [2.344809526542785, 48.9867480450263], [2.3448188029005337, 48.98676005562994], [2.3448108366953666, 48.98676333932958], [2.344802344394802, 48.98676500151639], [2.344808625202451, 48.986776186442015], [2.344732669529248, 48.9867968139319], [2.3447454267070307, 48.98681450878882], [2.3446981503779063, 48.98682540120296], [2.344705936317105, 48.986836414505554], [2.344733985340909, 48.98687667398277], [2.3447727671834206, 48.98693263891107], [2.344774413493184, 48.98693210835574], [2.3449116670677235, 48.98688303974781], [2.344906294995879, 48.98687563661524], [2.344970719159631, 48.98684847150275], [2.344982112336211, 48.98684430725865], [2.345040862254111, 48.98682286629031], [2.345075730537309, 48.98680992767247], [2.3451727778412583, 48.98677448763608], [2.3452087379276154, 48.986761644862796]]], [[[2.344166383429921, 48.98710566745282], [2.344213810368093, 48.98709369697976], [2.3442202549477145, 48.98710272464328], [2.344288275617563, 48.98708295335682], [2.3443372360240273, 48.98706856325761], [2.344352594855731, 48.98706415097242], [2.3444126729724992, 48.987045775000674], [2.3444669912093743, 48.987029076091105], [2.344473849724818, 48.98702695537957], [2.3444979011220632, 48.98699417446426], [2.3444931895419248, 48.98698857341008], [2.3444332787524735, 48.98690704434023], [2.3444312736082065, 48.98690352633245], [2.344422306864419, 48.9868886398113], [2.3444149478692653, 48.98687627995755], [2.344361191783397, 48.98678345399776], [2.344338177484605, 48.98678818414592], [2.3442961694057747, 48.9867280649112], [2.3443116751485342, 48.986701172330434], [2.344294015711348, 48.986660519906415], [2.3442668913676656, 48.98666612682251], [2.3442519354417723, 48.986638618131984], [2.344243167624695, 48.98664045862234], [2.3442182394958557, 48.98664526821171], [2.344202014939845, 48.98661001907978], [2.3441978896408364, 48.98660127386152], [2.344187786442852, 48.9865790073032], [2.3441588011584447, 48.98651554206322], [2.3441060252287724, 48.9863992510325], [2.3440675005699854, 48.986312173402155], [2.343867527772885, 48.98635082653916], [2.343763837650351, 48.98637130174206], [2.34373155239604, 48.98634198962367], [2.3437079179955207, 48.9863200986232], [2.343801045234437, 48.98628131103138], [2.343809979150706, 48.986277133445626], [2.3437720997254483, 48.986191050203814], [2.3437719913538695, 48.98619086796364], [2.3437692028749475, 48.98618446807465], [2.3437890609897263, 48.98618079986466], [2.3437561097921753, 48.9861176725056], [2.343737073710957, 48.98612116535783], [2.3437215789005723, 48.986103905026425], [2.343612661353269, 48.985986587212544], [2.3436025059474157, 48.985957665892734], [2.3435703136764063, 48.98586693580152], [2.343568341568909, 48.98586081014587], [2.343691943600574, 48.98584314177049], [2.3437468326475885, 48.985835258896365], [2.34390260218752, 48.985812910333046], [2.3439598182959362, 48.985804680389585], [2.3440836921714254, 48.98578710302213], [2.3440827789397893, 48.985783680898635], [2.3440623760414203, 48.98571144990513], [2.344060540504161, 48.98570532500366], [2.344050910537095, 48.985667234288776], [2.344034758903316, 48.985593767582664], [2.3440218548813, 48.98553362745426], [2.3440097252185694, 48.985477088535724], [2.343953761370598, 48.98547273591858], [2.3439169086849447, 48.9854697467314], [2.3438168682559364, 48.98546101647681], [2.3437359378672182, 48.985453739542], [2.3437160138079403, 48.98545183206301], [2.343689947451408, 48.98544944135683], [2.3436597858533985, 48.98544675846741], [2.3435652103785567, 48.985438057899586], [2.3435373713618644, 48.985435387687346], [2.3435249444700808, 48.985434870066975], [2.3434324254786194, 48.98543643204314], [2.343419841517039, 48.985437532193785], [2.343409310288216, 48.98543837380382], [2.343365542500715, 48.98544200101654], [2.343336229337159, 48.985447865519454], [2.343233201188246, 48.98547014238625], [2.3431351049744085, 48.9854913670733], [2.343050286007831, 48.9855106860452], [2.3429736893023105, 48.98552807164674], [2.34290146558473, 48.98554539122604], [2.3429007802010715, 48.985545567321196], [2.3428513882251587, 48.98556175297574], [2.342746563242278, 48.985596429166435], [2.3426314641593207, 48.98563320715917], [2.3426200734645883, 48.98564798229109], [2.3426205565168843, 48.98567460259476], [2.3426192412492988, 48.98574617529962], [2.3426186075650697, 48.9857854688372], [2.3426174318098147, 48.985813608764744], [2.34261269149645, 48.98595071764963], [2.3426133076300304, 48.98596681750961], [2.3426134237788494, 48.98596843678686], [2.3426911918846796, 48.986052942279755], [2.342699025049795, 48.986060179154066], [2.3427059143642777, 48.986066421687504], [2.342738277338563, 48.98608952973036], [2.342756827570533, 48.986102850252045], [2.342782807950981, 48.98612286588436], [2.3428178557066253, 48.98614976543915], [2.3428791526522508, 48.98619704176272], [2.3428960600634503, 48.98621062303653], [2.3429377160968876, 48.98624439300626], [2.3429394751525994, 48.98624575150699], [2.342945019883317, 48.986250278096676], [2.3430547135024873, 48.98633855514373], [2.343061586761366, 48.98633526557457], [2.3431069741387502, 48.986376519641304], [2.3431338670706845, 48.98641083817474], [2.343146237604021, 48.98642664268136], [2.343196766213278, 48.986493553323314], [2.343217289051117, 48.98652379036075], [2.3432455895474034, 48.98656567022146], [2.343252858186739, 48.98657434275595], [2.3432957926306694, 48.98662592462189], [2.343305142202404, 48.98662129972757], [2.3433493188594396, 48.98667189920225], [2.3433808016832014, 48.98671064908697], [2.343431656379521, 48.98677342487054], [2.3434564125756534, 48.98680386487353], [2.3434802271909696, 48.98683313070065], [2.3435059568608394, 48.986862227152244], [2.3435174166729187, 48.98687442965312], [2.3435329195965315, 48.986891060571054], [2.3435322126154468, 48.98689294511517], [2.3435293744678547, 48.98690129255529], [2.3435412600728966, 48.986912238441526], [2.3435921420874366, 48.986962065179384], [2.343599317373571, 48.98696732005122], [2.3436044637192386, 48.986970945183046], [2.3436477202396864, 48.986997080059126], [2.3436646769453495, 48.98700679473266], [2.3436999452780922, 48.9870271307278], [2.343764512497584, 48.98706444283218], [2.343786361666744, 48.987076252508714], [2.3437892137806435, 48.987077616974126], [2.343826841184989, 48.98709508825272], [2.343886861667829, 48.98711376107414], [2.3439258413689523, 48.987121527883005], [2.3439558412179213, 48.987126278072175], [2.3439767155000704, 48.9871287302468], [2.343982854594604, 48.98712948320977], [2.3440540787989885, 48.98712654543132], [2.3441051209178743, 48.987120439851005], [2.34413280563877, 48.98711375694329], [2.344166383429921, 48.98710566745282]]], [[[2.339711942105943, 48.986900307290945], [2.3398954521311266, 48.986835042784826], [2.3400031917555792, 48.98679714785516], [2.339982329325899, 48.986761512931004], [2.339986755420755, 48.98674651989705], [2.339970655901968, 48.98670164895209], [2.3399690757890355, 48.986696964187715], [2.339967080091493, 48.98669272675929], [2.3399506285534013, 48.98665405866016], [2.339910423636274, 48.986559956326396], [2.3398240048232624, 48.986350046725455], [2.3398005511797715, 48.98629254584374], [2.3397690137234846, 48.98621530700379], [2.3397305502995214, 48.98619926861815], [2.3397304182456167, 48.98619890819341], [2.339654149135002, 48.986201096238744], [2.339568844575158, 48.98620467328993], [2.3393083073415837, 48.986213670052855], [2.3392226008696104, 48.98621661517325], [2.3390211112476837, 48.9862238682485], [2.338928571271268, 48.986226955359804], [2.3388431357153023, 48.98623008155112], [2.3387492157505827, 48.98623424001337], [2.338835357405019, 48.986583711702124], [2.3388966533120454, 48.986577125293735], [2.3389461792114847, 48.98681911514524], [2.3387642376845186, 48.98683618734529], [2.338760186507639, 48.98682168718043], [2.3387556140035937, 48.986805205803904], [2.3385821901495856, 48.98681863777012], [2.3385718689875965, 48.98677074105779], [2.338552717439162, 48.986772523887225], [2.338533702514481, 48.986774307466845], [2.338512362672417, 48.98677625807396], [2.3384267288932925, 48.986784148875785], [2.338410307548137, 48.986786126586345], [2.338404560134371, 48.98678681428859], [2.33839785634435, 48.98678749671668], [2.3382215129452337, 48.986804868738524], [2.338095112080626, 48.986816670953935], [2.3379926652496157, 48.986825098159144], [2.3379700957391756, 48.98682704188483], [2.3379411185175294, 48.986784977184165], [2.3379120093001173, 48.98674255204829], [2.3377870655593713, 48.98675795895936], [2.3377813181404736, 48.98675864663178], [2.3377361573876168, 48.986764242444366], [2.337658582098739, 48.986772357029935], [2.3376522587915245, 48.98674318659261], [2.3376113931139626, 48.986540451048064], [2.337596518899753, 48.986463933106926], [2.3375651688988475, 48.98646870586123], [2.3374711154224763, 48.986483293829366], [2.337501182931669, 48.98658984053778], [2.337509163972437, 48.98661758134993], [2.3375119161686015, 48.98662676884455], [2.3375358513268463, 48.9867106206992], [2.3375631898088147, 48.9868061815141], [2.3376025684117647, 48.98694335388791], [2.337650820616068, 48.98711330771527], [2.337661415149183, 48.98715041507238], [2.3376645566500383, 48.98716122334762], [2.3376751466187358, 48.9871986903743], [2.3376866551685347, 48.9872391299757], [2.3376963357697456, 48.987272905076054], [2.337703789995308, 48.98729911423288], [2.337718174881664, 48.98734973116457], [2.3376555497129248, 48.98736404313375], [2.337596624891767, 48.987377476255986], [2.337603221264137, 48.98739594718056], [2.3376358162375017, 48.987486501168625], [2.3376435501086226, 48.98749077031225], [2.3376954830058976, 48.98747918698346], [2.337847856436799, 48.98743443634871], [2.337859788799865, 48.98743090522603], [2.338031509929145, 48.98737969665138], [2.3380522195909297, 48.987373606129495], [2.3382194133437593, 48.98732381109701], [2.338250410027556, 48.987314629927866], [2.3382808579043215, 48.987305625572624], [2.3383942876201593, 48.987271720150055], [2.338537486421933, 48.98722844675928], [2.3385834359130855, 48.98721458194709], [2.338587001929505, 48.98721352251293], [2.3385901580668564, 48.98721246081908], [2.3387173426771293, 48.98717134703931], [2.3387460188259834, 48.987161973102666], [2.338872778439904, 48.98712202583273], [2.3389217220807463, 48.98710907663401], [2.3389335142386516, 48.98710581440505], [2.3389913797108974, 48.98708967705703], [2.3391810137302387, 48.98703721665605], [2.3393197934813355, 48.98699751496674], [2.339396985799235, 48.986976538005486], [2.3394211062093593, 48.98697082572443], [2.3396206604608345, 48.9869225557712], [2.3396450563574853, 48.986916665112545], [2.339711942105943, 48.986900307290945]]], [[[2.3561218100645265, 48.98767085258039], [2.3560596772563085, 48.98748041930231], [2.3560555966905286, 48.98746789793227], [2.3560165434578204, 48.98735564271324], [2.3559815764949232, 48.987255459253625], [2.355976310900703, 48.987239334546686], [2.355932255666191, 48.98711176529831], [2.355918410302328, 48.98707131497443], [2.3558879044500007, 48.986975022151675], [2.3558771268767944, 48.98694061321433], [2.3558529992924746, 48.98686989311182], [2.355815950626682, 48.986761335418244], [2.355810034332085, 48.98674259939744], [2.355792542003951, 48.98668774157328], [2.355786495789074, 48.98666846530646], [2.355721083338543, 48.986621533261676], [2.355626906638004, 48.98669053897964], [2.3555558934899747, 48.98674267335133], [2.355480191442446, 48.98679828953786], [2.355469021067608, 48.986806592489096], [2.355271437404548, 48.98695057876152], [2.354880514496301, 48.987237583944754], [2.354860175720669, 48.987251826494024], [2.354841645327284, 48.98726480183945], [2.3548742671625287, 48.98727855581783], [2.3549971560292784, 48.98732930435038], [2.3550526185432874, 48.98735226341914], [2.3551199062774364, 48.98738023185676], [2.35512982090506, 48.987385051133], [2.3551636292806357, 48.987362326440746], [2.3553461987917643, 48.987428806574165], [2.355340066294325, 48.987432132293996], [2.355316269176695, 48.98744495351714], [2.355436135224309, 48.987497124132766], [2.35547255727632, 48.98751296661743], [2.3554732459889336, 48.987512520696036], [2.3555444595517954, 48.98754347747846], [2.355788897064124, 48.98762104596172], [2.3558888161475284, 48.987651077572266], [2.355941617053604, 48.98766835670417], [2.3559685779604576, 48.987675875216944], [2.355997998174704, 48.987683406924326], [2.3560232275081954, 48.98768731916136], [2.3560378399929074, 48.98768793713754], [2.356055612833359, 48.987687126092766], [2.3560713349644384, 48.98768640835121], [2.3561031239647785, 48.987679205174175], [2.3561218100645265, 48.98767085258039]]], [[[2.3564621076373444, 48.98609828400501], [2.3563265450711315, 48.98602291956197], [2.356291260595867, 48.986025607831436], [2.356239690890208, 48.985975243260036], [2.3562076639037346, 48.98595762607796], [2.3561167290737304, 48.985908488995754], [2.356109952510487, 48.98590404633259], [2.3560142728344786, 48.985851916199564], [2.3559776320234302, 48.98583175630485], [2.3559112714415282, 48.98579525046059], [2.3558591526835753, 48.98576718401113], [2.3558435424969515, 48.98575891707972], [2.3557364572900807, 48.985701060239926], [2.355576281901896, 48.98561639044622], [2.3555830561519957, 48.98562101297752], [2.3556334371219165, 48.98567901504208], [2.3556833976300102, 48.98582603996332], [2.3556848447397294, 48.985830543953966], [2.3557119379288536, 48.98593751961114], [2.3557450372238056, 48.98606700859337], [2.3557675717677693, 48.98615597486305], [2.355844736408195, 48.98644522616672], [2.3558516598567243, 48.98647089177156], [2.355865002627991, 48.98651880314731], [2.3558916637253633, 48.986616604091125], [2.355909322395788, 48.986680095530424], [2.3559218633535957, 48.98672656379648], [2.3559784626295115, 48.98690033159259], [2.355991754805326, 48.98694131849234], [2.355992018028015, 48.986942129223806], [2.356000837662949, 48.98696915384978], [2.356015036112854, 48.98701419220116], [2.356033718307707, 48.987072293634434], [2.3560521362055082, 48.98712967424873], [2.3560828682135573, 48.987218774286745], [2.3561118809996624, 48.98730327894545], [2.356139446687433, 48.98738327961186], [2.3561439182086, 48.98739733179016], [2.3561577292991593, 48.98744056954167], [2.356187860576663, 48.98753407258829], [2.356198120932503, 48.987566140671404], [2.356231809516613, 48.987648242407666], [2.3562320760884092, 48.98764878338335], [2.356285060123845, 48.98773953143], [2.3563370722810992, 48.98773225684375], [2.3566808993329236, 48.98768419298712], [2.3568539084240956, 48.98765994175208], [2.357004743623268, 48.98763880870565], [2.356972628162899, 48.98753989979394], [2.356964725373967, 48.98751602751897], [2.3569328597165247, 48.98743006901273], [2.356892794816368, 48.987322125026125], [2.3568926648662494, 48.9873215847841], [2.3569421782937936, 48.98731744388999], [2.3570182373627846, 48.98731020796904], [2.357134786876834, 48.9872992322971], [2.35717951721532, 48.98729515560044], [2.3572973085347932, 48.98728319725758], [2.357422352133006, 48.98727037839902], [2.3576263326180498, 48.98724961912055], [2.3577459009886645, 48.98723757992818], [2.3577308041566254, 48.987077164177535], [2.357723445711418, 48.98699817128674], [2.357715307542596, 48.98691593694162], [2.3578724871980254, 48.98690086169337], [2.3578891733124383, 48.98689951221002], [2.3578423707785845, 48.98687228443359], [2.3577567878679497, 48.98682101911638], [2.3576619535012844, 48.986766556853986], [2.357581763699571, 48.98672116535759], [2.3575611422836102, 48.98670927485553], [2.357519628452883, 48.986685312540445], [2.3574246290494365, 48.98663318722871], [2.357259906222962, 48.98654013247125], [2.3571372205703156, 48.98647293116046], [2.3571141490115592, 48.9864603080546], [2.3569893044481303, 48.98639093683329], [2.3569014971253175, 48.986342896227825], [2.3568127636443004, 48.98629242263301], [2.3567369005364682, 48.98625083056125], [2.3567280823071486, 48.98624574751788], [2.356658884962644, 48.986206529166886], [2.3565733897275485, 48.98615939995121], [2.3564621076373444, 48.98609828400501]]], [[[2.34668363029599, 48.98749600430717], [2.3466406581865358, 48.98742535955544], [2.3466310166296296, 48.987409750141126], [2.3465785126295953, 48.987325654725446], [2.3465726220337966, 48.98731600073964], [2.3465320687951334, 48.98724860638564], [2.346519746788275, 48.987228845840086], [2.346474212017337, 48.98715557924418], [2.346400825754031, 48.98703710879584], [2.346382614452514, 48.98700760431675], [2.3464508825483517, 48.98698981149168], [2.3464021541043607, 48.98689890227573], [2.3463861254652936, 48.986869679456746], [2.3463734378352585, 48.98684640984564], [2.346335239519273, 48.98677651033861], [2.346326300528297, 48.98675937600231], [2.3462962826351808, 48.98670175076386], [2.3462702685389916, 48.98665170098003], [2.3462627962672045, 48.98663745220948], [2.3462619934854567, 48.98663609896921], [2.346250116667435, 48.98661355315258], [2.3463043852256806, 48.98660071988863], [2.346407990201685, 48.986576105511084], [2.346473633583758, 48.98656054648032], [2.3464475922475634, 48.986512654766265], [2.346422611159145, 48.986467376627886], [2.3463749787790253, 48.98647404131571], [2.3463716412046693, 48.9864678183481], [2.346201870585662, 48.98649521950237], [2.346188578415754, 48.98649829442111], [2.3461755606245243, 48.98650128090926], [2.34604042567327, 48.98653417612317], [2.3460334261360267, 48.98653665585347], [2.3460133918135693, 48.98654347082741], [2.345876403239143, 48.98659335146531], [2.3458669319904546, 48.98659680687816], [2.3456611476197935, 48.98667382902715], [2.345546250122494, 48.98671627611723], [2.3455078127799993, 48.98673054426807], [2.3454689644083495, 48.98674490008854], [2.345420491092383, 48.98676405930116], [2.345382453361445, 48.98677913891137], [2.345324914004171, 48.98680211536723], [2.3452411477366217, 48.98683537989652], [2.3452818727562024, 48.98687813637934], [2.3453485995735415, 48.98695017022809], [2.345355875848717, 48.986947422275094], [2.3453701667416493, 48.98696269747207], [2.3453838039639505, 48.98697563106667], [2.3454017645136944, 48.98699245499617], [2.345418896259177, 48.98700999379576], [2.3454217280250607, 48.98701297674998], [2.3454421685515143, 48.987049867338314], [2.3454503181245454, 48.987064569472324], [2.345470166885845, 48.98710505380009], [2.345477493321255, 48.98712002121389], [2.3454812214559273, 48.987127775047774], [2.3455002720251787, 48.987166546450574], [2.3455105842740624, 48.987172267940466], [2.3455102430733796, 48.98717766154081], [2.3455110379167414, 48.98717964421273], [2.3455466923460366, 48.9872561844858], [2.345568641220745, 48.98730351449545], [2.345589131402553, 48.98734732949294], [2.3456094917859183, 48.9873906042309], [2.345621591936942, 48.987417107984015], [2.3456431412570433, 48.987463626473875], [2.345647460106634, 48.98746787647252], [2.345651372472484, 48.987471854481036], [2.345766196491568, 48.98744622276205], [2.3457981824735774, 48.98749945253279], [2.345749833101967, 48.98750872086757], [2.34580335289035, 48.98764228055272], [2.345771398082083, 48.987705952574835], [2.345779381791078, 48.987722991804006], [2.3457901113003645, 48.98774984775429], [2.345828714494466, 48.98779843751835], [2.3458389680452885, 48.98780883471951], [2.3460760797542877, 48.987761748019686], [2.3463826444918974, 48.98770047150024], [2.3467625110670722, 48.98762313717395], [2.3467163060367, 48.98754878795972], [2.34668363029599, 48.98749600430717]]], [[[2.3453796058638945, 48.98714619469403], [2.345359666539198, 48.98711290380782], [2.3453834183881854, 48.987103861119465], [2.3453490791528657, 48.98704225540746], [2.3453488126975692, 48.98704171440732], [2.3453362639425506, 48.987029146446424], [2.3452902737943138, 48.98698132549216], [2.3452493921063473, 48.98698353035253], [2.345155981115042, 48.98687133445526], [2.345002640607711, 48.9869284087128], [2.344961045834916, 48.986943828466615], [2.3449134100360847, 48.986961553255284], [2.344905309447354, 48.98696465637818], [2.3448383062200704, 48.986990458504195], [2.3448204553112553, 48.986997465049654], [2.344754275155995, 48.98702300184998], [2.344810088934308, 48.987104418449185], [2.3448338341641968, 48.98713925892648], [2.344928505198208, 48.98710812248797], [2.344939756141784, 48.98710440709386], [2.344975155275673, 48.987092730347115], [2.345036368794403, 48.98717939192686], [2.3450024464375128, 48.987193145013606], [2.3450139945672452, 48.987209214595175], [2.3450675394866383, 48.98718882429572], [2.3450562645974093, 48.987172756210676], [2.3450539764469145, 48.98715916514058], [2.345161372220483, 48.98711577834388], [2.3451857797647757, 48.98714145007939], [2.3451906325916645, 48.98714669217852], [2.345209734400979, 48.98717053646325], [2.3452507619092895, 48.98722183740689], [2.3452637903549096, 48.98723971352917], [2.345275476335139, 48.987255693912275], [2.3452785587017466, 48.98726047672384], [2.34521638026103, 48.987282888258434], [2.3451275817595385, 48.9873142368227], [2.3452000696401636, 48.987417056293886], [2.345270805445032, 48.987517977737504], [2.3452870484516506, 48.987540997080885], [2.345356317939726, 48.98763903288052], [2.345346033497489, 48.98764194426706], [2.345229591506134, 48.987676649109225], [2.3452367557269778, 48.98768280306095], [2.3452541982860517, 48.98769737606543], [2.34531727405451, 48.987723078924084], [2.345379935471196, 48.987749139185084], [2.345589426922483, 48.98783382170235], [2.345628296454808, 48.98785039992924], [2.345644216264994, 48.987855702365586], [2.345667854050772, 48.987855741358054], [2.3456966625549454, 48.98784663626576], [2.3457116753771015, 48.987826305320574], [2.3456840896437896, 48.98773829883318], [2.3456243893761344, 48.987563879753175], [2.3456209627504196, 48.98755387946351], [2.345617890525403, 48.9875482873987], [2.3456075955569293, 48.98753033630601], [2.34560278794481, 48.98752149749948], [2.345546780756304, 48.98743360570289], [2.3455223295305307, 48.98738967916992], [2.3454816772105183, 48.98731940633879], [2.3454893951205147, 48.987314142905895], [2.3454678595906517, 48.98726654536378], [2.3454605467280514, 48.98725049893335], [2.3454379023840026, 48.98720415427455], [2.345428180100987, 48.98718413802407], [2.3454118748482604, 48.98716606419213], [2.345385496218833, 48.98715584873995], [2.3453796058638945, 48.98714619469403]]], [[[2.33725290293959, 48.98758743996693], [2.337373378931659, 48.98755825050339], [2.3374262843969564, 48.98754541372089], [2.3374950970418333, 48.98752807860923], [2.337598179869264, 48.98750203015386], [2.3375635410552533, 48.987400314244184], [2.337556821824587, 48.98738076354606], [2.3375527445785793, 48.98736833146397], [2.337539714872123, 48.98732932224586], [2.337437865236616, 48.987344406684144], [2.3374278874615335, 48.98731251833615], [2.3374137153575756, 48.987266668536165], [2.337513949403924, 48.98724968678416], [2.3374959984944224, 48.987189428216105], [2.337365414044255, 48.98720777104681], [2.33726685738778, 48.98722179443454], [2.3372489745947376, 48.98716693166897], [2.337233364022518, 48.98711603812534], [2.3372264118389205, 48.98709333876011], [2.3370475343278625, 48.98711645022497], [2.3369532395527397, 48.98712842864323], [2.3368793352899018, 48.98713791188026], [2.336679670792398, 48.9871624366199], [2.3367019584036286, 48.98723611803419], [2.3367576237702647, 48.987424547679154], [2.336783680994484, 48.987513357199255], [2.336623394602894, 48.98753567155469], [2.3366124437746025, 48.98753722964468], [2.336452572858045, 48.98755909644742], [2.3364366633036315, 48.98747816640541], [2.3364343337631728, 48.987467992061646], [2.3364171452520015, 48.98739092168664], [2.336130951105661, 48.987429085031074], [2.336136473476706, 48.987446021380194], [2.3359345214475398, 48.98747835564879], [2.335850429472644, 48.98726926548605], [2.33580570012858, 48.98715553321628], [2.3357584641413145, 48.98716309513486], [2.3356078799959317, 48.9871853719283], [2.3355762182371325, 48.98725722607723], [2.335551306464457, 48.987314100213915], [2.3355259569810665, 48.987319714986924], [2.3354283330032537, 48.98733554052118], [2.3352601875493013, 48.98736338484203], [2.3352275875970756, 48.9873696787758], [2.335195048134668, 48.987296479826206], [2.335152935862508, 48.987309375439956], [2.334969697521495, 48.98736348358011], [2.334904276901876, 48.98738263454218], [2.3348653276177096, 48.98739392894876], [2.3347549114814483, 48.987427038434944], [2.3347220105472073, 48.98743548874922], [2.3347001821301094, 48.987443550832204], [2.3346887887836485, 48.98745832518585], [2.3347253174458933, 48.98752938819867], [2.3347680317193915, 48.987618919999534], [2.334797701948942, 48.98768140213092], [2.3348634637972143, 48.98781710296318], [2.3348834706493338, 48.9878339398153], [2.3348746755009784, 48.98784854873597], [2.3348718784934386, 48.987853568996805], [2.3348634784217146, 48.987901362210955], [2.3349190958188233, 48.98799699038937], [2.334997372984685, 48.988137076849725], [2.3350225618348883, 48.988144050712975], [2.335068119295387, 48.988128926135225], [2.3350913096272423, 48.98812123123432], [2.3351383699618866, 48.98810611495855], [2.3351781578975945, 48.988093386325275], [2.3351909184169277, 48.98808923058666], [2.335225492589077, 48.98807818161109], [2.335242916873164, 48.988072612917485], [2.3353902607567107, 48.988026128977324], [2.3354760041832163, 48.98799917697565], [2.335496437685445, 48.98799335513904], [2.3355086412935955, 48.98799000560155], [2.3356067466648107, 48.987957996280954], [2.3356857801459623, 48.987932175988774], [2.3357815718170127, 48.98789943431872], [2.335830839633202, 48.98788262142785], [2.335906320562566, 48.987856781323764], [2.3360177691009327, 48.98781774149372], [2.336019141123645, 48.987817299464766], [2.336078693698837, 48.987808276887044], [2.336130715644044, 48.98780047155277], [2.336194648308776, 48.987790843682816], [2.3362484475281273, 48.98778295820631], [2.3363713757780333, 48.987765113789386], [2.336481437983471, 48.98774899658186], [2.3366797614634516, 48.98771196526723], [2.336778375439921, 48.98769353638352], [2.337008155956854, 48.98764336960113], [2.337136130659886, 48.98761548075483], [2.3371481882707843, 48.98761284963905], [2.33725290293959, 48.98758743996693]]], [[[2.3409827260799974, 48.987508259085025], [2.3410053448051427, 48.98750244831505], [2.341085846473852, 48.987640744513165], [2.341158491570943, 48.9876227988851], [2.3414028890641387, 48.987561733201346], [2.3416690734770462, 48.98749575080404], [2.341809010444893, 48.98746171784154], [2.3418454659601182, 48.98745301531648], [2.34192397296347, 48.987436090548975], [2.341944665111854, 48.98743134812746], [2.341984814062724, 48.987422306120344], [2.3421334765265804, 48.98738975942391], [2.3422151371372015, 48.987371952514174], [2.3422366478557084, 48.98736730445453], [2.3423601035656443, 48.98733992481935], [2.3424842939836013, 48.98736245711209], [2.3425341878735693, 48.987371543125505], [2.342760347842342, 48.987412618745736], [2.342794570676639, 48.98741838152524], [2.342861559731559, 48.987404630329934], [2.3429627837001767, 48.98755778634689], [2.3429758465002704, 48.98755581480103], [2.342996026180499, 48.98755464118789], [2.34291988404682, 48.98743858148117], [2.34308477001214, 48.98738723834299], [2.343099723940133, 48.987393255227836], [2.3430940485903085, 48.98737019092687], [2.343221913622535, 48.987336282659996], [2.343187146707297, 48.98728708355195], [2.343255929815434, 48.98727190316779], [2.3432560709873775, 48.98727154424305], [2.3432595247606827, 48.987246923869904], [2.3432626586872507, 48.987225988644816], [2.343275633646515, 48.987226419364774], [2.343248629969805, 48.987200822950996], [2.3432036917845713, 48.98722125955904], [2.343123886715331, 48.987146365262404], [2.343194470548457, 48.987118425508434], [2.34326655491907, 48.98709067377511], [2.343280253882423, 48.98708787117986], [2.343326526030256, 48.98714567605955], [2.343324895022663, 48.98716661951372], [2.343324276933915, 48.98717228136678], [2.3433230472979485, 48.98717227463654], [2.3433172887807494, 48.987227906308796], [2.343338868929977, 48.987228563970056], [2.3433608669122115, 48.987228594443614], [2.343377536465909, 48.987228595751276], [2.3434268949413313, 48.98722598829534], [2.343569220019103, 48.98719745173741], [2.3435933768900803, 48.987167189464856], [2.3435392341690275, 48.987050980699394], [2.3435296779879247, 48.987039508014036], [2.3435031682200784, 48.98700725995056], [2.3433704616618183, 48.98684772722849], [2.3432741514890263, 48.98672742076317], [2.343158443975894, 48.98658515637247], [2.3431257420019582, 48.98654559042865], [2.3431387758913593, 48.986541345416555], [2.3430695318196197, 48.98646336149477], [2.3430307353255038, 48.98641953569959], [2.342993025069068, 48.98637625538488], [2.342979574515868, 48.98638103764655], [2.342896277010239, 48.98631232879231], [2.3428808485520327, 48.98630064403414], [2.342846607897458, 48.98627473809224], [2.3427077535098064, 48.98618027615062], [2.3426920200410453, 48.986171107580475], [2.342657570149996, 48.986150955600515], [2.34259654341964, 48.98611474135181], [2.3425926097774243, 48.986112471685246], [2.3424471636661632, 48.98608550659082], [2.342428216255441, 48.98608198561227], [2.342409098089644, 48.9860811614293], [2.342363348614137, 48.98607938194672], [2.3422942548223262, 48.98608682662029], [2.342186580862324, 48.986098196253145], [2.342169746592259, 48.986100441986956], [2.3421358048008223, 48.986104931949164], [2.342129919749932, 48.98610570899939], [2.342095254992165, 48.986113342342726], [2.3420019491679533, 48.98613378304832], [2.3419389258827876, 48.98614737567582], [2.3419011118958992, 48.986155531236335], [2.3418281241481655, 48.98616834975101], [2.3416752916404837, 48.986303836730784], [2.3415864558813135, 48.98638122382839], [2.34158067209823, 48.986384789065866], [2.341532746364036, 48.986414560812065], [2.3414756086368373, 48.98644886812322], [2.341426555720808, 48.98647054043763], [2.341397555907579, 48.986483959840164], [2.3413156925447653, 48.98650707063205], [2.3413044483098018, 48.98651024617921], [2.341247148936289, 48.986524948961126], [2.3411221267231346, 48.986557444555764], [2.340930760206069, 48.98660675115504], [2.3408478239735038, 48.98662823709343], [2.340692523894222, 48.98666713037277], [2.340679364556781, 48.986670475185996], [2.340584364050147, 48.98669513192297], [2.3404682524510068, 48.98672524785008], [2.340322670443419, 48.98676275528102], [2.340153412482379, 48.98682477162103], [2.340137626362715, 48.986830529887776], [2.340026508816995, 48.986865438848845], [2.3399976964373805, 48.98687481234257], [2.3399602412418314, 48.98688692593938], [2.339852126933313, 48.98692203110934], [2.3398215303625562, 48.986932024214425], [2.339769807762967, 48.98694864538942], [2.339681096808798, 48.986972886398995], [2.339457444325346, 48.987035861309394], [2.3392165192594234, 48.98710323689419], [2.3391938947910527, 48.98710949691978], [2.339155366813114, 48.98711998571629], [2.339066795336861, 48.98714395726592], [2.3390428673084562, 48.987188248112645], [2.3390713715848443, 48.98727832955742], [2.339072024983128, 48.98728067119159], [2.339106812933203, 48.987413861023825], [2.339116401966987, 48.98741193550765], [2.339181741031402, 48.987399076516716], [2.339317773797777, 48.98737131965357], [2.3393461826272945, 48.987468954137896], [2.3393759406892416, 48.98756794490089], [2.339403333299829, 48.98765954882359], [2.339429531790918, 48.98774835850162], [2.3394723609278416, 48.98789400199619], [2.339497794743973, 48.987978491059785], [2.339546952733743, 48.9881422441267], [2.3395676167113764, 48.98821501673494], [2.3396188719792312, 48.988213770147716], [2.339932677042442, 48.988207223921634], [2.3401866876689805, 48.988196481310986], [2.340281841866386, 48.98819223857451], [2.3403069964165866, 48.98819120787052], [2.3403345033338967, 48.988187852062545], [2.3403167692309377, 48.988142522620194], [2.3403019428191945, 48.98810494265346], [2.3402860028532455, 48.988068975198495], [2.3402665645818903, 48.98801797113933], [2.3402486551538355, 48.9879756981426], [2.3402391284337885, 48.98795118633416], [2.340224673201851, 48.987916665819434], [2.340204113482138, 48.987867903684005], [2.340158662412426, 48.98775641729668], [2.3401474052861513, 48.98772829898417], [2.3401427854498023, 48.98771550431614], [2.340228379771551, 48.98770005842569], [2.340370665673155, 48.987674852644155], [2.340442433096468, 48.98766148876599], [2.340439181750297, 48.987648521783214], [2.340498133531506, 48.98763292923405], [2.34072158225042, 48.98757534675461], [2.3408683981719154, 48.987537665787535], [2.3409827260799974, 48.987508259085025]]], [[[2.3457549401507136, 48.98803642455534], [2.3456650366835023, 48.98802523328794], [2.3456167105689834, 48.98806516587554], [2.3455522844471535, 48.98811409297565], [2.3454827984060667, 48.98816335213365], [2.3453805068240072, 48.98823527302936], [2.3453507321473266, 48.98825597300309], [2.3456054253274683, 48.98842965731037], [2.3458819105409647, 48.98839195802401], [2.3457549401507136, 48.98803642455534]]], [[[2.3366451775865436, 48.98840886777573], [2.3368213914737144, 48.98839140742383], [2.336835950376432, 48.988449758866984], [2.3374692536428348, 48.98840838540819], [2.3374521804254726, 48.988332844610376], [2.337477762183311, 48.98833046799301], [2.337569688181212, 48.98832225290848], [2.337683795058941, 48.98831047330165], [2.3377325129561486, 48.988304627371384], [2.337816516671879, 48.98829618851937], [2.3378315596222565, 48.98829519245049], [2.3378441409568453, 48.988294362643], [2.337934265451699, 48.98828811567266], [2.3379583385177543, 48.988286180249446], [2.3379750255936025, 48.98828483353747], [2.337979130193351, 48.988284406564134], [2.3381103533202316, 48.988269753491586], [2.338113036992643, 48.988284336039264], [2.33818309757951, 48.98827635955652], [2.338216261074785, 48.98825801807109], [2.338268512896281, 48.988253630205314], [2.3382585404939755, 48.988264186275224], [2.3382714419299253, 48.98835625002485], [2.33828852173299, 48.988356254300236], [2.338382666166224, 48.9883562339425], [2.338501279829115, 48.988355359255046], [2.338535864201822, 48.98835420106349], [2.3385452961991207, 48.98835389336569], [2.3386449916265093, 48.988347159080504], [2.33860426633536, 48.98816519750598], [2.338566233125724, 48.987997189001575], [2.3385602835648824, 48.987970808365], [2.3386845090894925, 48.98795836419661], [2.338721012276094, 48.98812852241908], [2.3387554742742425, 48.98829803988196], [2.3387641112620696, 48.988338733279015], [2.338809883196915, 48.98833889560588], [2.3387926242223216, 48.988234847967064], [2.3388220131759945, 48.988233930834255], [2.338907309679147, 48.98823125350121], [2.338878153208601, 48.988095756712255], [2.3388413535592694, 48.987905903466185], [2.3388369942120772, 48.98788339835254], [2.338807626162735, 48.98773234341686], [2.3389905832505145, 48.98771087044889], [2.338977686201349, 48.98766134098424], [2.3389421958357977, 48.9875296759892], [2.3389235217848885, 48.987461680177596], [2.338921924585124, 48.987458344174236], [2.3388954290454205, 48.98740370399285], [2.338911600191507, 48.98739992634936], [2.338892500687985, 48.98736538005996], [2.338878755310086, 48.987339585937484], [2.339010297706626, 48.987310365887005], [2.3390260913080714, 48.98735775313666], [2.3390278663108615, 48.98735785283984], [2.3390364669277304, 48.98735843976802], [2.339015652539846, 48.987286835192315], [2.338997324208494, 48.9872453689846], [2.3389646508944315, 48.987171540869305], [2.3388129623275025, 48.98721629669816], [2.3387736007061317, 48.98722785987076], [2.3386704629408612, 48.98725831533019], [2.338579120708914, 48.98728523875217], [2.3385615661423866, 48.98729035759061], [2.338480920729721, 48.98731419255459], [2.33843058533634, 48.9873291122355], [2.338376128219628, 48.987345807653995], [2.338312753697906, 48.98736533144885], [2.338232782027816, 48.98738988935668], [2.338107955804607, 48.98742813804907], [2.338065983066155, 48.98744085560123], [2.337991498004246, 48.987463735054355], [2.337923598465875, 48.987484492616666], [2.337820582570779, 48.98751602710909], [2.337803024414029, 48.987521415589676], [2.3377589918062016, 48.987534930984644], [2.337640203988779, 48.987571054333394], [2.337624992525776, 48.98757456733077], [2.337493304029888, 48.987604414527226], [2.3373444888061123, 48.98763794381167], [2.3373013239052973, 48.987647687006145], [2.3372232329870437, 48.9876639815833], [2.3371060965177053, 48.987688423353276], [2.337051707425928, 48.9876997230815], [2.3369788116402517, 48.987715776432424], [2.3369072878224166, 48.987731387699704], [2.3368642616845934, 48.98774095165507], [2.336857409649132, 48.98774253242184], [2.3368323276156264, 48.98774859856918], [2.336824249371813, 48.987749902783115], [2.33670856831988, 48.98776733810716], [2.3367142355767268, 48.98778364575328], [2.3366476956115316, 48.987794158727944], [2.336599908063592, 48.987802077623805], [2.336498035415391, 48.987818869700384], [2.3364486048433255, 48.98782704922299], [2.3364084856188487, 48.987833661586954], [2.3362604612848172, 48.9878586510844], [2.336222531504724, 48.98786500572542], [2.3361535170996675, 48.9878766737536], [2.3361407819808218, 48.987878851398676], [2.3361277759024324, 48.98788084769433], [2.336096783101009, 48.987889668638076], [2.335950108439685, 48.98793732616723], [2.3359422873141424, 48.98793989068633], [2.3357208511182495, 48.98801051446133], [2.335625502427555, 48.98804065072673], [2.3356007961180856, 48.98808142950762], [2.3356525285335166, 48.98818180179923], [2.335719998314433, 48.98831238585088], [2.3358070059044342, 48.98848588199471], [2.3362097430106363, 48.9884489937301], [2.336296475202434, 48.98844093073348], [2.3364153600664475, 48.98842953845935], [2.336437658220316, 48.988427503599794], [2.336515500245, 48.98842011067134], [2.3366142626144564, 48.98841157442519], [2.3366451775865436, 48.98840886777573]]], [[[2.3451376469488716, 48.98762147330498], [2.3448931518760503, 48.98726790490028], [2.3448758399227243, 48.98724299124778], [2.3447687876048935, 48.987096549324626], [2.3447251086546825, 48.9870388490947], [2.3445907621967956, 48.98708487593746], [2.3445822539596453, 48.98708779696275], [2.3444962083471754, 48.98711754146567], [2.3444472093721536, 48.987134988847096], [2.3444466605988703, 48.98713516569734], [2.344386175915544, 48.98715326969025], [2.344330491260436, 48.987169961094715], [2.344324320389599, 48.98717172585839], [2.34430612121621, 48.98718466543209], [2.3442938502898416, 48.987193410957154], [2.344272220693126, 48.987207500794106], [2.344247730341344, 48.98723173644481], [2.3441927622886296, 48.98728907751466], [2.344157732769959, 48.98732557517445], [2.3441503973675597, 48.987332998797974], [2.3441232485742356, 48.98736216572848], [2.3440864053557053, 48.98740162095427], [2.34408057282782, 48.98740905278928], [2.3440526596617355, 48.98740134653823], [2.343984374830209, 48.98746365046233], [2.343981878085258, 48.987466604314115], [2.3439339879932373, 48.98752605221654], [2.3439169160723523, 48.987547091083194], [2.343895421372236, 48.98758294327744], [2.343873634477662, 48.98763111350317], [2.3438629487948113, 48.987654974939204], [2.343846362388123, 48.98769166328286], [2.3438377276132445, 48.987726236927024], [2.343836706502947, 48.98773135702934], [2.3438316898900258, 48.987760734848635], [2.3438287911936717, 48.98779551970946], [2.343827120629271, 48.9878196102916], [2.343825848973467, 48.98785539321639], [2.343826373157943, 48.987867985487796], [2.343829267721759, 48.98794173925659], [2.3438298202928673, 48.98795208357443], [2.3438176456153967, 48.987953186005875], [2.3438278022921915, 48.98800368909106], [2.3438357040442064, 48.98803799346619], [2.3438374136099216, 48.988054099265995], [2.343837536613857, 48.98805517903033], [2.3438395523639337, 48.988068678699626], [2.3438444615429437, 48.988091096698305], [2.343844457001459, 48.988091456370654], [2.343848053259917, 48.988109640746465], [2.3438524216083563, 48.9881316061647], [2.3438588586934426, 48.98815205418282], [2.3438701739403376, 48.988186557066854], [2.343880229240159, 48.98820180926077], [2.3438966213566483, 48.98823463134241], [2.3439048880076636, 48.988250862919436], [2.3439280915802594, 48.98829613179341], [2.343950091638934, 48.9883393258216], [2.343971273092899, 48.98838242544352], [2.343995690556192, 48.98842895987529], [2.34403771526647, 48.98850949201177], [2.344066944834746, 48.98856450561188], [2.344122026859854, 48.98858485984223], [2.344166219614388, 48.98858024550623], [2.3442573047930035, 48.98857363934375], [2.3443494897946198, 48.988566499576834], [2.3443868226576994, 48.988564095778926], [2.3443478231478005, 48.98847117075576], [2.344299666380647, 48.9883567936896], [2.344289449995126, 48.98833263815041], [2.3442357904149005, 48.98821040755542], [2.3442235825248914, 48.98818165498345], [2.344204074531386, 48.98813586681688], [2.344225297379467, 48.98813238584561], [2.344413287977473, 48.98810175985528], [2.3445860615447343, 48.98807509703824], [2.344566556074213, 48.98803992000834], [2.3445567886049745, 48.988023500427104], [2.3445403337591526, 48.987995623924874], [2.3445252531535807, 48.98796712545729], [2.3445144437241794, 48.987946653585105], [2.34457013255481, 48.98792969235314], [2.344647493651441, 48.98790610515341], [2.3445949805332917, 48.98779044540956], [2.3447768474806265, 48.987736045375584], [2.3451376469488716, 48.98762147330498]]], [[[2.3460876945418496, 48.987837707435055], [2.3460855978812223, 48.98783059198805], [2.3458086221523833, 48.987874943470224], [2.3457800310934647, 48.98789933690542], [2.3458415073091046, 48.98807385545513], [2.345887110225181, 48.98820683231663], [2.3459158552286077, 48.98828962942796], [2.3459622488770484, 48.988424948573076], [2.3460616008923934, 48.988478005883], [2.346287464116482, 48.9885975770113], [2.346436219948245, 48.98867716103892], [2.346439464015986, 48.988679966361104], [2.3464875390302344, 48.98865999527619], [2.3465514135362686, 48.98863318605609], [2.3466021534026895, 48.98860774406042], [2.3466615517809193, 48.9885783026018], [2.346547921227077, 48.98848713008043], [2.3465398048550568, 48.98848061133034], [2.3463636875465985, 48.98833856084879], [2.346343261237735, 48.98832217327656], [2.3461924321466316, 48.9882011227164], [2.3461592093493735, 48.98808323079662], [2.3461544954963034, 48.98806692881339], [2.346145727182597, 48.988036216849004], [2.3460876945418496, 48.987837707435055]]], [[[2.35614511608473, 48.9877197165786], [2.356130183648917, 48.987689781603926], [2.356048448196713, 48.98771398217366], [2.355952037542608, 48.987775692232795], [2.3555276821713567, 48.9880479521253], [2.3556469269802847, 48.988117294674744], [2.355648689776369, 48.98811838323212], [2.355706338986284, 48.98815241439374], [2.355764937986699, 48.98818699017121], [2.3558167546519906, 48.98821757283982], [2.3559283891138905, 48.98828363696322], [2.355931785901213, 48.98828518390858], [2.3560081225109504, 48.98832183310967], [2.3560551221881276, 48.98834420671587], [2.3560696557480867, 48.988351208878775], [2.3560720939090105, 48.98835293052341], [2.3561742135284676, 48.98842604734842], [2.356174347930056, 48.98842622791796], [2.35627168244943, 48.98849958874842], [2.3562696263175833, 48.988500117261545], [2.35622824335018, 48.98855375978547], [2.3562258816509525, 48.98855689445843], [2.3561813037390897, 48.98861474625529], [2.3561790820066695, 48.98861761190581], [2.3561561670339968, 48.98864743367857], [2.3562782175914876, 48.98868900404947], [2.3565873626410574, 48.98879398509983], [2.356588856671815, 48.98879471250471], [2.356646692492753, 48.988714450628045], [2.3565998273593673, 48.988625983749564], [2.356550218969225, 48.98852734070447], [2.3565014049357558, 48.988430770144625], [2.356454865901611, 48.98833807849667], [2.3563795167410566, 48.98818858004792], [2.356352044957592, 48.98813402854811], [2.3563039125775846, 48.988037641373374], [2.356244848639258, 48.98791925401212], [2.356236846987687, 48.987903384419525], [2.3561859160280343, 48.987801316932895], [2.35614511608473, 48.9877197165786]]], [[[2.3580987399585362, 48.98846171774002], [2.3582102886119833, 48.98841330582717], [2.358216690292695, 48.988437080042424], [2.35830212825376, 48.98842287939297], [2.3583872851374297, 48.988409306648606], [2.358520646817577, 48.98840912050692], [2.3585191026187076, 48.988390318106454], [2.358578957501578, 48.98838973886848], [2.358687194812239, 48.988388159284774], [2.3587462589119874, 48.988396298377495], [2.358863677393145, 48.98841473086184], [2.358868584968949, 48.98841565632764], [2.3588863080045432, 48.98841889837668], [2.3588835804557653, 48.98831879824004], [2.358878916948454, 48.98829809076815], [2.3588588038900578, 48.98817847410065], [2.358848664744527, 48.988125364668534], [2.358840341133265, 48.98810229960398], [2.358829251502227, 48.98807085680979], [2.358809116814879, 48.988052674451495], [2.3588017575617215, 48.98804004573924], [2.3587401553148526, 48.98800509570184], [2.358697967998698, 48.98799129166361], [2.3586658335126947, 48.98798221740382], [2.358629108171534, 48.98797977298265], [2.3584629224154687, 48.98799363205283], [2.3581139996871374, 48.988022789666815], [2.357977493190814, 48.98803428896867], [2.3579534220987552, 48.98803613849066], [2.357810493981439, 48.98804760323842], [2.357789420930772, 48.98805009824377], [2.357779159329044, 48.98805121233041], [2.3577553459214156, 48.988054322130445], [2.3577077213201814, 48.98806036187986], [2.357546782432532, 48.98808081223559], [2.3575229263048714, 48.9880210647631], [2.357521466746101, 48.988017549904384], [2.35749802278566, 48.98795762478183], [2.3574880548189263, 48.9879239397569], [2.357473621611444, 48.987875663098606], [2.357466915953108, 48.987854405078366], [2.3574400744736375, 48.98777090159961], [2.357439954523267, 48.987769552094214], [2.3574396057904976, 48.987764604395586], [2.3574337765027824, 48.987749825607104], [2.357407563651114, 48.98768179244264], [2.357405606522156, 48.98767431825123], [2.3573410092501095, 48.98768278482782], [2.357102834198963, 48.98771729864959], [2.3568044279049376, 48.98776075131193], [2.356612805872107, 48.987787420542084], [2.356510961991618, 48.98780243124609], [2.356374355487907, 48.98782202136722], [2.3563692902242064, 48.98782280351231], [2.356329048048556, 48.987828522621875], [2.356329449022873, 48.9878292441667], [2.3563338653096944, 48.98783673156838], [2.3563357391225828, 48.987839888968196], [2.356343085887198, 48.98787553836592], [2.3563670731217603, 48.98792458581292], [2.356410919146941, 48.98801402581738], [2.3564532991527756, 48.988100490436075], [2.3564543687989623, 48.98810238458124], [2.3565274577046256, 48.98824683511917], [2.3565393293339985, 48.98827018914725], [2.356581078941717, 48.988352423881416], [2.35659374924368, 48.98837749074356], [2.3566215867679734, 48.98843564110072], [2.356632640930461, 48.9884588108831], [2.3566480903391986, 48.98849117649483], [2.3567176168122743, 48.98863650699718], [2.356797030634441, 48.98879996519032], [2.3568431038590063, 48.98880893481377], [2.3571268336473596, 48.98874840777], [2.3571283410331616, 48.988748056150285], [2.357182596898177, 48.988736207091584], [2.3572219177486406, 48.98872769511381], [2.3572310975739623, 48.98872567603821], [2.357372218414034, 48.98869477868739], [2.357464036532089, 48.9886729692569], [2.357548874198748, 48.98865211154395], [2.3575521633312877, 48.98865131983889], [2.3575587504894853, 48.98864901708311], [2.3575957940724788, 48.98863680589995], [2.357753976682493, 48.988585226978536], [2.3577912934344076, 48.98857301719703], [2.3578343741892707, 48.98855876999951], [2.3578789634064155, 48.98854408123892], [2.357918889401959, 48.988530806292374], [2.357930826207588, 48.988526823586426], [2.3579346674014277, 48.98852558520453], [2.3579360936952365, 48.98852073693419], [2.358018583781465, 48.98849078398822], [2.358092152848009, 48.98846402052584], [2.3580987399585362, 48.98846171774002]]], [[[2.3448555376782636, 48.98863661714726], [2.3448415270809115, 48.98860992306619], [2.344837114108129, 48.98861313624168], [2.3448353367839854, 48.98861321646069], [2.3447467211548862, 48.988619027230584], [2.3445136959945336, 48.98863421051212], [2.3441712939733628, 48.988654550675015], [2.3441105050966704, 48.988685781790466], [2.3441001463456836, 48.98871620948151], [2.3442692792410287, 48.98872918381239], [2.344370568190074, 48.988736931283924], [2.3445197928810884, 48.98874664912316], [2.344750481671311, 48.98876508473282], [2.3448433064758833, 48.98877224603341], [2.344920561099647, 48.98877887263064], [2.344894898765538, 48.98872261979337], [2.3448641873763165, 48.98865500892343], [2.344857005466748, 48.98863941281353], [2.3448555376782636, 48.98863661714726]]], [[[2.345897508783087, 48.98843367799187], [2.3458961662556943, 48.98843178226347], [2.3458707056165617, 48.98843542027352], [2.3457335457883945, 48.988455085206], [2.3456385470576597, 48.988468685235134], [2.3456856866969367, 48.98859897277862], [2.3457024477168527, 48.98864600463529], [2.3457467244506254, 48.98876494606667], [2.3457810438816065, 48.98886081257469], [2.3457902162508297, 48.988859423801], [2.3458540570740234, 48.9888461933269], [2.3458850204929327, 48.988839617821895], [2.3459412764149232, 48.98883192125103], [2.346014919487892, 48.98882153177731], [2.3460376488258525, 48.98881778892571], [2.3460438107814023, 48.98881674342104], [2.346250037601246, 48.98874862563677], [2.3463803725863044, 48.98870671165375], [2.346391486010837, 48.988703085302845], [2.346374247064397, 48.98869399896802], [2.346230741795103, 48.98862064824683], [2.3460946002350744, 48.98854850649507], [2.3459208514358543, 48.988457185553145], [2.3459087876015223, 48.98844947622455], [2.345897508783087, 48.98843367799187]]], [[[2.3474128235301306, 48.988717457387295], [2.347398971941408, 48.98868887607055], [2.3473443649513945, 48.98871762455957], [2.347223941398143, 48.98878639092488], [2.3471548388228407, 48.988837811283474], [2.3471515280563864, 48.98884031114648], [2.347153641731903, 48.988867839453654], [2.3471551773140558, 48.988887001663954], [2.347258804480621, 48.988871828743974], [2.3472645542668285, 48.98887096078281], [2.3474477636752016, 48.98885118487153], [2.347484684438174, 48.9888380768888], [2.3474128235301306, 48.988717457387295]]], [[[2.34684088692467, 48.98869276338763], [2.3467216623340006, 48.9885682886252], [2.34666164965075, 48.988603122222216], [2.346609830344467, 48.98862747927382], [2.346575726732883, 48.98864473884725], [2.3464988361698067, 48.98867435476098], [2.34649622549523, 48.98867550955624], [2.346531929327738, 48.98871572029971], [2.3465784076199476, 48.9887683992514], [2.3466155702521023, 48.98882300578428], [2.3466418648474425, 48.98886172646051], [2.3466602676797557, 48.98889779635423], [2.3466963876452636, 48.98891579802713], [2.346742694202252, 48.98891694940199], [2.346841914202698, 48.98891542132448], [2.346994441883538, 48.98889071309133], [2.347016081611851, 48.9888758135235], [2.3468964519407964, 48.98875088713512], [2.346855721864801, 48.98870831111193], [2.34684088692467, 48.98869276338763]]], [[[2.3464575767341187, 48.98876081697414], [2.3464025811229168, 48.988711778469664], [2.346186613156392, 48.98878308070624], [2.3461503899658576, 48.98879502307847], [2.3460509152826887, 48.98882766297411], [2.346024059863766, 48.98883354151956], [2.3459071464154055, 48.98885124874614], [2.345900841087657, 48.98908079086787], [2.345900207090333, 48.98909859240211], [2.3461508256326717, 48.98903188581512], [2.3461602724158253, 48.98903040858448], [2.346178070668712, 48.98902762800064], [2.3462417184065534, 48.98901889247949], [2.346309886260406, 48.98900928230955], [2.3463517632395154, 48.98900411500733], [2.3463856794163025, 48.98900178189757], [2.3464449119198054, 48.988996439335644], [2.346532058983337, 48.98898792158678], [2.3465498526789403, 48.98898550061982], [2.346562464569931, 48.988982242111604], [2.3465716719905236, 48.98897806581908], [2.3465758116249686, 48.9889748510927], [2.346543453806897, 48.98890759141166], [2.346536794136262, 48.98889388666156], [2.3464970551691593, 48.988815975704405], [2.3464814787482635, 48.9887833382974], [2.3464725663028716, 48.98877492680013], [2.3464575767341187, 48.98876081697414]]], [[[2.3574077871943913, 48.98902283248546], [2.357509358719824, 48.989018970155115], [2.357513396174487, 48.98905711958974], [2.357622249237767, 48.98905005888799], [2.3576264870331998, 48.98904990172878], [2.357732157535928, 48.98904606115534], [2.357732567430009, 48.989046063349534], [2.3578996542789676, 48.98903697608462], [2.357964056520223, 48.98903336406661], [2.3580214705598794, 48.98903133325643], [2.3580877711842594, 48.989028900342795], [2.358141493947382, 48.98902702957464], [2.358268496615943, 48.98902186386156], [2.3583460120858297, 48.989018591547556], [2.3583588643096216, 48.98901794088717], [2.358431465482383, 48.98901428254074], [2.358433924845466, 48.9890142956915], [2.3585194682390638, 48.98901376391478], [2.3585278038572706, 48.989013718556784], [2.3585996774615197, 48.98901365318204], [2.3585946792299315, 48.988953647097354], [2.3585706991688284, 48.98877097298601], [2.35857045254521, 48.988768813489045], [2.3586763712540053, 48.98876695174363], [2.3586841275468213, 48.988902418892664], [2.3586910948877176, 48.98901324260851], [2.358801645130333, 48.98901257451913], [2.358875983642673, 48.98901207253128], [2.3588792079284895, 48.988639983851044], [2.3588798131086453, 48.9885577065194], [2.3588798186554722, 48.988557256928445], [2.3588798787797463, 48.98849700808843], [2.3588797465873017, 48.98849664768556], [2.3588720997488406, 48.98849624712754], [2.3587787124052446, 48.98847920202595], [2.358742173269575, 48.98847271205187], [2.3586577802741715, 48.98845760333383], [2.358656275975219, 48.988435563880834], [2.3585279861784305, 48.98843442842851], [2.358529468223552, 48.98845826624706], [2.3584045574828045, 48.988460116225426], [2.3584025080354447, 48.98846010526594], [2.3583576790865863, 48.98847209521509], [2.358295605881733, 48.98848633094654], [2.358294646141358, 48.98848659558581], [2.3582293959881935, 48.98850360193928], [2.3582183278528848, 48.98850363265974], [2.35821270270455, 48.98850549097705], [2.3581133539012953, 48.98853967022183], [2.3580968872117265, 48.98854533726912], [2.3579467551342495, 48.98859785896454], [2.35794414693991, 48.988598834172606], [2.3578773247104596, 48.98862140721705], [2.3578701866044476, 48.988624066738126], [2.3577875451444688, 48.988655187783216], [2.3577860355432882, 48.98865571924758], [2.3577727892988105, 48.988610866131275], [2.3576841249542846, 48.988642854107724], [2.3575883212611006, 48.98867759144], [2.35759344845639, 48.98871601649118], [2.3576888278770984, 48.988682445897915], [2.357691002774373, 48.9886944174489], [2.357597736151339, 48.98872287368137], [2.357592941856106, 48.98872383717688], [2.3575632129975785, 48.988730152533755], [2.3574885581374816, 48.98874521971904], [2.3573777171111043, 48.98876944515665], [2.3573777204470114, 48.98876917540218], [2.3573493567307944, 48.98877558794193], [2.35726989409007, 48.98879269749393], [2.357199745644429, 48.98880796848829], [2.3571997489812624, 48.988807698733815], [2.3571328918692727, 48.9888219981572], [2.357032192346015, 48.98884375973901], [2.357007945273104, 48.988848755472915], [2.35694026938313, 48.98886296047694], [2.356863551333787, 48.98887909530474], [2.356853498616761, 48.988918518102246], [2.356870613218942, 48.98895988500627], [2.356958442779554, 48.98895127342802], [2.356971969003196, 48.98901761998316], [2.356972885365808, 48.98902086216181], [2.3572369472653705, 48.989003932566334], [2.357243229567358, 48.989037328060775], [2.357262532015679, 48.9891338300884], [2.3572710247598145, 48.98917631975059], [2.357272177705921, 48.98918253068837], [2.3572738504874975, 48.98919090258871], [2.3574270136788655, 48.9891807522275], [2.3574180890725467, 48.98910687675884], [2.3574077871943913, 48.98902283248546]]], [[[2.3439767040755366, 48.98870986936654], [2.3434300611937635, 48.988786382142365], [2.3435148718025123, 48.988773977162545], [2.343734984630905, 48.98874262875153], [2.3439767040755366, 48.98870986936654], [2.3439780234251977, 48.988702772565006], [2.3439781838936424, 48.98870088503324], [2.343973596260674, 48.98866381115918], [2.3439675624620135, 48.98862223316358], [2.343932126250154, 48.98852851817171], [2.343878898767624, 48.98840458123779], [2.3438721123173907, 48.9883901562416], [2.343855221334996, 48.988353554613795], [2.343844183110371, 48.988329574389596], [2.343840858209113, 48.98832236226368], [2.343827686159224, 48.98829423385047], [2.3437839240066327, 48.98819984377798], [2.3437658205213574, 48.98816188663424], [2.343754507985592, 48.98813799482093], [2.343751367430149, 48.98812700687897], [2.3437462546622028, 48.988109893297064], [2.3437405677673038, 48.98808414384149], [2.343739017932531, 48.98807703134445], [2.3437328270129383, 48.987993817499344], [2.3437324682280805, 48.98798976894298], [2.3437321844435948, 48.987947323116195], [2.3437321231765402, 48.98791971601688], [2.3437320123054555, 48.987906856233366], [2.343734847894485, 48.98785543503389], [2.3437366161603865, 48.9878236114963], [2.34374659353938, 48.98772600825186], [2.3437467540132153, 48.98772412071866], [2.3437484041723784, 48.98770164866167], [2.3437863844386646, 48.9876046481908], [2.343791811317079, 48.98758606353407], [2.3437928097199445, 48.98758274179408], [2.343707966144669, 48.98753884426153], [2.3436647958007106, 48.98751666656594], [2.3435218265222897, 48.98754205235612], [2.3433291795974114, 48.98757364064021], [2.3432968651084427, 48.9875790390795], [2.3433108021855062, 48.98762227904968], [2.3433648245564087, 48.98779127277891], [2.3432416790608346, 48.98781568763454], [2.3432098995593322, 48.987821988221825], [2.3431793519746273, 48.98782811569618], [2.343076889422041, 48.987848507090504], [2.3430381316209097, 48.98785557874248], [2.3428847034629454, 48.98788675158353], [2.342847300517376, 48.98789472983763], [2.3428919704926634, 48.98799281215861], [2.34291391043874, 48.98804068212954], [2.3429527543169493, 48.988124074843725], [2.3428971568480725, 48.988133751957655], [2.342716141272123, 48.98816378431852], [2.342656420965313, 48.98817532714512], [2.3426770989802446, 48.98820412628648], [2.3427584847808043, 48.988316168191965], [2.342791800229642, 48.988361312831465], [2.3428372065691576, 48.98842279998015], [2.342901254340248, 48.98851208587935], [2.342939121087345, 48.988564719108616], [2.3431030694355597, 48.98853378365465], [2.3432016883757814, 48.98851489991564], [2.34324949034637, 48.98850580946104], [2.3432936608092283, 48.98861108277553], [2.343296420951619, 48.98861973061193], [2.3433014117636386, 48.988635674522456], [2.34333548060803, 48.98872938221325], [2.343348558193465, 48.988764973865294], [2.343359640878171, 48.98879623823313], [2.343379034756231, 48.988851018310626], [2.343396851594822, 48.988900843918614], [2.343404239331057, 48.988921746770416], [2.3434084604103673, 48.988933729793054], [2.3434337948796564, 48.98900499849685], [2.3434617666146265, 48.989083835255684], [2.343494721405931, 48.98917924532239], [2.343498284361149, 48.989189246405054], [2.343502630755526, 48.98920212934889], [2.343504084855497, 48.98920600404614], [2.343585751257969, 48.98918792648004], [2.3436232288466057, 48.98917410333576], [2.343690613236299, 48.98914003098027], [2.3436998379502927, 48.989134506138754], [2.3437293007794944, 48.989116952227214], [2.3437876317901662, 48.98907482704077], [2.3438158368682394, 48.98903784259723], [2.3438366767019665, 48.98901061960668], [2.3438911647637846, 48.988937359568084], [2.3438966886393233, 48.988921922807805], [2.343899660063269, 48.98891384587611], [2.3439125169233255, 48.98888037444368], [2.343936839313341, 48.98881540229708], [2.3439765515531015, 48.98871112747201], [2.3439767040755366, 48.98870986936654]]], [[[2.3434174670691066, 48.98847460787071], [2.343663052160034, 48.98842899041609], [2.343509844838895, 48.98845804573993], [2.3434174670691066, 48.98847460787071]]], [[[2.344221571767427, 48.989163886533014], [2.3442283595007654, 48.98912408720896], [2.3442616657841175, 48.98912678712108], [2.344284832290021, 48.98901262005812], [2.344508696292475, 48.98903056920235], [2.344516287695371, 48.98899203318799], [2.3445263435890076, 48.988942270108204], [2.344540789871643, 48.98886942048432], [2.3445416765726184, 48.98886411979901], [2.344552820925007, 48.98881472235448], [2.3445553001582256, 48.988802326354396], [2.344559239829647, 48.98878247462098], [2.3445631783638197, 48.9887627128051], [2.3444122057835655, 48.98875073736369], [2.3442000750729335, 48.98873429094916], [2.3441389180183587, 48.988729730216946], [2.344070660738024, 48.98872477094001], [2.3440620606967246, 48.98874576619629], [2.344052753660846, 48.98876864599541], [2.3440268134367055, 48.988831900761795], [2.3439829818467004, 48.98893777170447], [2.3439372421862186, 48.98905406339732], [2.34392737342433, 48.98909978085938], [2.343947995669073, 48.989100613016106], [2.343932111317185, 48.98913577645105], [2.34393194758316, 48.98920285901398], [2.3439549161239004, 48.98922348732349], [2.343977317723087, 48.98924573116386], [2.3439890684622586, 48.98925658631652], [2.344017119247155, 48.989264293315905], [2.3441483726185592, 48.98930143015107], [2.3442044742925447, 48.98931684406811], [2.3442208156497504, 48.98932124974645], [2.3442058496631724, 48.989261997827256], [2.344206307218746, 48.989258223511904], [2.3442118312487006, 48.989221115011034], [2.3442144903348994, 48.989205302885615], [2.344221571767427, 48.989163886533014]]], [[[2.346515313465082, 48.98961325299325], [2.346513951323008, 48.98950425750536], [2.3465123080069925, 48.98939588994396], [2.3465118319726477, 48.98936855040525], [2.346512138054915, 48.98930074924943], [2.346512764531963, 48.98918573964035], [2.3465128770566053, 48.9891441952808], [2.3465132777603745, 48.989025407608914], [2.3464918822777356, 48.989010003961795], [2.346450050543127, 48.98901157459144], [2.346384839052596, 48.98901427678298], [2.3463480649246438, 48.98901569508064], [2.3461571409462407, 48.98904037310534], [2.346148762757203, 48.98916325381758], [2.3461427544679285, 48.98924981806264], [2.3458668266286002, 48.98923203776268], [2.3458544006899333, 48.989318207304855], [2.3458409828615743, 48.98941803990463], [2.345912793658091, 48.98942301753745], [2.345987197085033, 48.98942827903193], [2.346031513443963, 48.98942474377331], [2.346134393226874, 48.98941478335246], [2.3461603861478784, 48.989412317202095], [2.3463209789341795, 48.98939835475289], [2.3463347934825007, 48.989397261001436], [2.346367218273756, 48.9893940205296], [2.3463670610599383, 48.989406519131954], [2.3463643284171454, 48.98940650424518], [2.346365012261884, 48.98942817969382], [2.3463659698183155, 48.989428094986195], [2.346362980439074, 48.9895028056766], [2.3463618213308317, 48.98952977660835], [2.34636031996234, 48.98956223104805], [2.346271518985365, 48.98956093792911], [2.3462682409354185, 48.98956083014438], [2.3462577279992898, 48.98976651930246], [2.3462495912751113, 48.98990279994696], [2.3463872149050227, 48.989966046996386], [2.346392648581488, 48.98996859447157], [2.3464010723645234, 48.98997241717243], [2.346464985965267, 48.989996954905], [2.346514716684294, 48.98996494301448], [2.346514745745003, 48.989853976809194], [2.3465150883956545, 48.989761536671644], [2.346515313465082, 48.98961325299325]]], [[[2.3468524853275237, 48.98974853633943], [2.346852069898894, 48.989738102878825], [2.346876244902365, 48.98973895387012], [2.346937160630265, 48.989741083929964], [2.347043964726046, 48.98974508232955], [2.3470439556870777, 48.98974580167339], [2.3471924238462343, 48.98975074606511], [2.3471933802776634, 48.989750751268886], [2.3471918176963045, 48.98970110464808], [2.347187989046206, 48.98960342620627], [2.3471871851675106, 48.98958040125258], [2.3471867459510145, 48.98957185606941], [2.3471827400733924, 48.98946653309836], [2.3471815997281777, 48.989437661241], [2.34717465918932, 48.98931577624282], [2.3471741602686538, 48.98927935424124], [2.3472791725690563, 48.98927363087912], [2.3472761748700486, 48.98917505768025], [2.3473201962041936, 48.989173228900796], [2.3474040315162505, 48.98916730030484], [2.347563221898474, 48.9891561162172], [2.3475627047254575, 48.9891537753764], [2.34755118801647, 48.98909157514421], [2.34754660575056, 48.98907563364631], [2.3474793977564374, 48.98898705252822], [2.347348497389706, 48.98893256588538], [2.3472719818217014, 48.98893232949387], [2.347209539237727, 48.98893216962233], [2.3471588920409308, 48.988939357759826], [2.34715656479655, 48.9889397047936], [2.346910791321421, 48.98897982228945], [2.3469049048862582, 48.98898068948983], [2.346856316107188, 48.98898716931079], [2.3466809981286367, 48.988987833437136], [2.3466760681060697, 48.98898870583416], [2.346580029333975, 48.98903062706391], [2.3465794797124833, 48.98935686899444], [2.346583464668472, 48.98956155807795], [2.346538362357181, 48.98956239153542], [2.346539119026583, 48.98962174559299], [2.346539952401131, 48.98968586604434], [2.3465399867066052, 48.989726601865044], [2.346538484874512, 48.98972650376151], [2.3465398949576106, 48.98994035101236], [2.346539868576655, 48.989964180759344], [2.3464788072551963, 48.990006202446345], [2.34657164301966, 48.990045285506405], [2.3466458499069254, 48.989968444801484], [2.346861090816733, 48.989966199556676], [2.346858935794542, 48.98990935578565], [2.346856314608522, 48.98983524404247], [2.3468560763780677, 48.98983245509782], [2.3468524853275237, 48.98974853633943]]]]}}, {"type": "Feature", "properties": {"code_commune": "95427", "nom_commune": "Montmagny", "date_deliberation": "Wed, 05 Oct 2022 20:30:00 GMT", "source": "CA Plaine Vallée, open data"}, "geometry": {"type": "MultiPolygon", "coordinates": [[[[2.334377216717429, 48.95616279086078], [2.3342588416802363, 48.95605476071402], [2.3342537676660524, 48.95605644115565], [2.3341046433665773, 48.956120990052284], [2.3341767426866045, 48.95621707286223], [2.3341955273610235, 48.95624307617138], [2.3342204906520965, 48.95627711729448], [2.33424478046108, 48.95631043525505], [2.3342796697150217, 48.95635847017186], [2.3343195289404703, 48.95637029206268], [2.3344235381730742, 48.95632051030625], [2.334502951457438, 48.95628264217231], [2.334507073123578, 48.95628068665337], [2.3343905803977063, 48.9561749152759], [2.334377216717429, 48.95616279086078]]], [[[2.334595599489118, 48.95636301159826], [2.334572241842343, 48.95634219874695], [2.3345657850984205, 48.956345220433576], [2.33437040475083, 48.95643891907304], [2.3343587296155923, 48.95646556259449], [2.334408377811502, 48.95653409283966], [2.3344286347935617, 48.95656244237945], [2.334444065924086, 48.956583750818275], [2.3344790840351544, 48.9566324158673], [2.3345028314445706, 48.95666546097103], [2.3345115515694745, 48.95667764951994], [2.3345316778715413, 48.95670554867743], [2.334557570960499, 48.95674166319533], [2.3345734014791657, 48.956763783173145], [2.334613516540982, 48.956819670621684], [2.334678184793195, 48.956909686709146], [2.334721661470909, 48.95691631276307], [2.334835668059927, 48.95686433796459], [2.334879212083806, 48.95684434593826], [2.3350345752211497, 48.95677254662665], [2.335039658479267, 48.956770146787925], [2.3349940291022095, 48.95672897693088], [2.3349427281195716, 48.956682829609626], [2.3348765935133082, 48.95662203180007], [2.3348220628050083, 48.956572179496774], [2.3347840032536777, 48.956537076656836], [2.3347364971594957, 48.95649319846712], [2.334595599489118, 48.95636301159826]]], [[[2.3365148292694387, 48.960133939791405], [2.3364106023275433, 48.95998633283471], [2.336369779381369, 48.95997486607024], [2.33624894365536, 48.959919521800124], [2.336137067962764, 48.959868363640446], [2.3360785460009152, 48.95984196087159], [2.3360338250846193, 48.959836317647], [2.3360158125495785, 48.959835228712734], [2.3359997083303314, 48.95983442012328], [2.335932214912634, 48.95983683409159], [2.3358319645385994, 48.95983780761563], [2.335730894835017, 48.959838776517024], [2.335615477734976, 48.95984038525408], [2.3356109725922765, 48.95984027036575], [2.335392171240596, 48.95984229521635], [2.335317189138543, 48.95984295872374], [2.335174731965731, 48.959844596999915], [2.335018752458035, 48.959846429897965], [2.3349516916448265, 48.95984704717845], [2.334735077408897, 48.959848903106995], [2.334665419756112, 48.959849685673646], [2.334478599431587, 48.959945769846634], [2.3341863099171287, 48.959831738782086], [2.3341796095470575, 48.95983242099173], [2.333963536317257, 48.95982402687783], [2.333899250379219, 48.95982124176497], [2.3337458394855704, 48.959814454304876], [2.3336126305834566, 48.9598084084074], [2.3334959528346144, 48.95980182476127], [2.3334929831518725, 48.959820423098755], [2.3334786710109574, 48.95994615110662], [2.3335202600910225, 48.959993683751826], [2.3335958784882163, 48.96002863590199], [2.3336822600351654, 48.96003361227333], [2.3337214328192672, 48.96003526876912], [2.333938313545874, 48.960044656992636], [2.3339600142415997, 48.960045676797584], [2.3341579024172074, 48.960055858396295], [2.334225183654647, 48.9600593794129], [2.334469902201282, 48.96007044998733], [2.3346728488559187, 48.960080209176624], [2.334746332655794, 48.9600792679777], [2.3349021820678058, 48.96007698507516], [2.3349607790742497, 48.96007614102655], [2.335154873038023, 48.96007335048369], [2.3351808230679976, 48.960073134653335], [2.335397991337913, 48.96007074142514], [2.3354194362033587, 48.960070410646665], [2.3355842958840096, 48.96006835664842], [2.3356203544187357, 48.96006792695252], [2.3356952002865845, 48.9600672624992], [2.335741520965346, 48.96007597221913], [2.335788577134844, 48.96009125064689], [2.335820349510045, 48.96010563506034], [2.3358534746929127, 48.96013171743323], [2.335873129189878, 48.96015394826704], [2.3359142539892668, 48.96016316870194], [2.3359444454167058, 48.960151645427494], [2.336023239141033, 48.96011988798251], [2.33618426083704, 48.96005477326643], [2.3362096449607037, 48.96008818667955], [2.335939130818143, 48.960193521851416], [2.33592611650522, 48.960218089701435], [2.33603549605571, 48.960368513311025], [2.3360940373413226, 48.96033997097123], [2.336312954673569, 48.96023273121373], [2.3365148292694387, 48.960133939791405]]], [[[2.3402711884116254, 48.969819762424414], [2.3403625549878826, 48.969788431211995], [2.3404363215162807, 48.96988469788417], [2.3405320826431355, 48.96985150226822], [2.3406106889550453, 48.969824686924106], [2.3406499289225007, 48.96981087421882], [2.340751180363543, 48.96977555038942], [2.3408823407199773, 48.96972977959297], [2.3409185620963986, 48.96971702932077], [2.3409801499806706, 48.96969659487338], [2.340894307807983, 48.96960466852956], [2.340843758433429, 48.96955169414958], [2.3407994904415643, 48.96950963530365], [2.340741833413771, 48.969457071438], [2.3406925903501286, 48.96947343703832], [2.3405890176016926, 48.96950874806245], [2.340443065846957, 48.96955767453646], [2.3404876597420694, 48.96961709100271], [2.3402515556010353, 48.96969852426531], [2.3401604622766086, 48.96972985689865], [2.3401274003162924, 48.96974118551161], [2.34003507191041, 48.96977296088336], [2.3399961095357136, 48.96978641521279], [2.3400250629629413, 48.969829738963064], [2.340066216981606, 48.96989111501252], [2.340110670040064, 48.96987553265056], [2.3402711884116254, 48.969819762424414]]], [[[2.3426988807924194, 48.971045201804436], [2.3426434325004135, 48.97096891065344], [2.3425894606341133, 48.97089469585573], [2.342536567940618, 48.970821566052756], [2.342601836283535, 48.97080178044572], [2.3424548743714735, 48.97059567427028], [2.3423380600218486, 48.97063028469595], [2.3422928234614147, 48.97056744828603], [2.342259567634052, 48.97051852613168], [2.342274107946337, 48.97051365995198], [2.342268473878667, 48.97050553573296], [2.342133055336218, 48.970315679044866], [2.3421685734229363, 48.97030454320869], [2.342241975813858, 48.97027877737464], [2.342198064530064, 48.9702191855038], [2.3421308558614666, 48.970122506307966], [2.342045083767628, 48.970003243767586], [2.342000645967273, 48.96994212017871], [2.3419348231814, 48.96984391970773], [2.341951277741104, 48.96983888421645], [2.341851277127059, 48.96972152180119], [2.3418179015781155, 48.96968213096599], [2.3417732172999157, 48.96962972872906], [2.341751279241722, 48.96960397945039], [2.3417290748771338, 48.969577689150015], [2.341693411816137, 48.96953558794197], [2.341685898785663, 48.96953563662935], [2.3415214333790684, 48.96959048782124], [2.3415027776300947, 48.969596770131325], [2.341408546616918, 48.969487712172295], [2.3412185142656514, 48.96955528195648], [2.3410583904754674, 48.96935377762969], [2.34098063080123, 48.96937852963018], [2.3408946432217252, 48.969405844214535], [2.3408782812574698, 48.96944667058122], [2.3409169540513033, 48.96948833894929], [2.3409858092800926, 48.9695626364005], [2.3411337910238976, 48.969719920476], [2.341200640324664, 48.96979087950753], [2.3412693757309055, 48.96986391715019], [2.341404689166027, 48.9700078222321], [2.3414770110329517, 48.9701320472353], [2.341628513301753, 48.970389077663455], [2.3416481752131366, 48.97042200851505], [2.341698316322181, 48.970507353553096], [2.3417412426803983, 48.97057997942781], [2.341779354648801, 48.97064448553869], [2.3417824288775866, 48.970649808031965], [2.341803679884515, 48.970686704304654], [2.341833755273398, 48.97073866660322], [2.341848325195654, 48.97076383584968], [2.3418866855539036, 48.97083032164397], [2.341887556258251, 48.970837070854834], [2.341975051440082, 48.97100373373954], [2.3419825954142492, 48.97100125720721], [2.341997739133875, 48.97102427135835], [2.3420536179253215, 48.97110964767124], [2.3420718439615973, 48.97113735485797], [2.342106026509286, 48.97118862018747], [2.3421900614713493, 48.971294204301444], [2.342200818690326, 48.97130766223391], [2.342234456226657, 48.97134804351506], [2.3422937362890504, 48.97135897983944], [2.342309911298263, 48.97135448232506], [2.3425773373714684, 48.971270069402856], [2.342633290097518, 48.971252480864926], [2.3425279832446395, 48.97111152956438], [2.3425200589889386, 48.971100874887064], [2.342666243081724, 48.97105536439513], [2.3426988807924194, 48.971045201804436]]], [[[2.356770496443226, 48.96979311166754], [2.3565540652190275, 48.969390702053786], [2.3564621972903788, 48.969419255166926], [2.3563851043741346, 48.969445909132475], [2.3563479008615507, 48.96946108678178], [2.356307953481801, 48.96947723887632], [2.3562709952474257, 48.96949466596182], [2.35623438437024, 48.9695171307424], [2.356206026171921, 48.96953496367226], [2.3561701857185144, 48.96956138930118], [2.356150024511519, 48.9695790863685], [2.3561185808871237, 48.96961443823366], [2.3560897433846493, 48.9696489048241], [2.3560665034143686, 48.969683581311685], [2.356047011925346, 48.96972439287028], [2.356048284272417, 48.96978707793803], [2.3561775728453176, 48.96991339827881], [2.3562505746078037, 48.96998555085728], [2.356335047936408, 48.97006891573847], [2.3563527051923687, 48.97008798482284], [2.3563639687345304, 48.970104951301295], [2.35639723311697, 48.97015422924195], [2.356399768052869, 48.970159098832575], [2.3564022929698067, 48.97016477770063], [2.3564730865991947, 48.9703160528773], [2.3565383019052497, 48.970465589473136], [2.3565873085558127, 48.970578349390436], [2.356599516924209, 48.970607281019], [2.3566358745093225, 48.97069362482885], [2.356643038554877, 48.970710749131044], [2.356658830126913, 48.970748152980924], [2.3567548846776267, 48.970977528915334], [2.356800947828876, 48.971118509542165], [2.356827928505908, 48.97120102608694], [2.3568685722972287, 48.97132740964859], [2.356896186055542, 48.97141397620677], [2.3569051278744744, 48.971441991008724], [2.356907499637704, 48.97144901792124], [2.3569457731543384, 48.97156828459607], [2.356972211516852, 48.971639467542225], [2.356997851570001, 48.97170893761201], [2.3570164906530984, 48.97175912607142], [2.3570384332039995, 48.97181832478944], [2.357051322130848, 48.97182540807538], [2.357074074176159, 48.97183020616632], [2.3571018289560977, 48.97182810680125], [2.357117459821712, 48.97182333460473], [2.3572739463690997, 48.971750164549], [2.357390706880015, 48.97169719455134], [2.357605500531889, 48.97159232294094], [2.3576438456652205, 48.97157328424049], [2.3576746774632773, 48.971554295216265], [2.3577434490451887, 48.9715048447329], [2.357795176185994, 48.97146402572706], [2.35779779907552, 48.97146179163177], [2.3578523411397847, 48.97141424325405], [2.357827448414997, 48.97137265428484], [2.3576137823626455, 48.97104373128947], [2.3574647762076757, 48.97081029553789], [2.3573043206692628, 48.97057499967754], [2.357262137426045, 48.97051785068607], [2.357020602433624, 48.97018985608753], [2.356897125032685, 48.97002418040575], [2.3568932298055216, 48.97001885390269], [2.3568891979977518, 48.9700135266671], [2.356770496443226, 48.96979311166754]]], [[[2.3474339747599418, 48.971223122654365], [2.3473364131628816, 48.97107349498987], [2.347225726947816, 48.971109762158264], [2.3471786809981388, 48.9711252430946], [2.3470527715970233, 48.97116637315572], [2.3470452267108772, 48.97116893992613], [2.3469670472531226, 48.97119450281089], [2.3469423581548714, 48.9712026415466], [2.3469153380779266, 48.971211486990214], [2.3467656963271515, 48.97126067075801], [2.346690123000656, 48.97128534839869], [2.3467594907083167, 48.971395795268435], [2.346373590752238, 48.971527861975986], [2.3466366088730743, 48.97188063458971], [2.3469531802754284, 48.97177642626277], [2.3469787649368943, 48.9717513863816], [2.3470252020878517, 48.97171917604368], [2.347550636608788, 48.971548748728914], [2.3475692821130196, 48.97152151275455], [2.3473947502043755, 48.97123576860674], [2.3474339747599418, 48.971223122654365]]], [[[2.355318470229362, 48.97217832655907], [2.3553468804192854, 48.97211238398967], [2.3554061055759026, 48.97211701872296], [2.3554317771981714, 48.972051600965855], [2.3554444691513763, 48.97201947582684], [2.3554503942129417, 48.97200431025003], [2.3554849538448552, 48.97191609914728], [2.355872671113908, 48.97192231855133], [2.3558723850325216, 48.97191233527856], [2.356596014452878, 48.97185039378442], [2.3569214621382715, 48.97182201411163], [2.356861679033251, 48.971652723433486], [2.3568526262037017, 48.971622639750564], [2.356832963622043, 48.97156687038414], [2.3567845093262085, 48.971420391547326], [2.3567543128789064, 48.9713328219302], [2.356723021912237, 48.97123436542949], [2.3566988250847922, 48.97115869814072], [2.3566763360403504, 48.97108852546411], [2.3566558665871504, 48.97103176252892], [2.3566247968498213, 48.9709375336641], [2.356599990225133, 48.970878049675925], [2.3565684583070237, 48.97079910566159], [2.3565278903788007, 48.97069978995743], [2.3564924041225424, 48.970631345995045], [2.35645704040877, 48.97055301085197], [2.356420646482342, 48.970469634326534], [2.356398643974461, 48.97041538100423], [2.356389103951447, 48.97039158943187], [2.356355629325572, 48.970315152816305], [2.3563136150841095, 48.97022239380419], [2.3562666591794543, 48.97014264747153], [2.3562190353256685, 48.97008376029201], [2.356140739095627, 48.970008971433224], [2.356079867135938, 48.96995001306789], [2.356024458553895, 48.96989108400266], [2.355976324119081, 48.96989550167914], [2.355944241837054, 48.96998237749649], [2.3558829400555545, 48.97014553322784], [2.355868399732275, 48.970183583635], [2.355854837744815, 48.97021984077962], [2.3558511740812786, 48.97022890359824], [2.355842414077339, 48.970252417081895], [2.3557808251209917, 48.97041665028902], [2.3557750291186976, 48.9704324460762], [2.355751105327226, 48.97050021145555], [2.35569125570411, 48.97066733154571], [2.3556635743407277, 48.9707517129539], [2.3556483770109575, 48.97079866242426], [2.3556181004200067, 48.970883029869704], [2.355609473440102, 48.970906813814715], [2.3555888210606066, 48.97096407541083], [2.3555661828884684, 48.971027261422485], [2.3555579589246585, 48.97105158708001], [2.3555470451009386, 48.97108354196158], [2.355533585795302, 48.9711224973622], [2.355507831687341, 48.97118359832199], [2.3554821087352837, 48.971242181523344], [2.3554535547903326, 48.97128672110754], [2.3553802544627023, 48.971392799088804], [2.3552815216954115, 48.971489927601574], [2.3552571826972404, 48.97151398675226], [2.3552545552346946, 48.971516580470265], [2.355105499766075, 48.971651207049504], [2.3550896451681944, 48.97166299197771], [2.3549719053608085, 48.971750665755316], [2.3548439647233312, 48.971834777445245], [2.3548330918385862, 48.97184137345165], [2.3547838111966772, 48.97187195282648], [2.354808198739113, 48.971877029922865], [2.3547913856691514, 48.9718889895051], [2.3547283704266575, 48.97192560990938], [2.354677571164842, 48.971946469108154], [2.354623343805086, 48.97196838894604], [2.354548251419427, 48.97199855955393], [2.3545779119245642, 48.97203001326051], [2.3545862708819607, 48.9720388709458], [2.3546489665017054, 48.97210503380605], [2.35468321415213, 48.97214109836707], [2.35468455269355, 48.972220329971236], [2.3552249134692005, 48.972243469294526], [2.355290471959402, 48.97224409148112], [2.355318470229362, 48.97217832655907]]], [[[2.3423418600844257, 48.97211138224235], [2.3424079382652057, 48.97209250045262], [2.342462483040968, 48.97209990361818], [2.3424663290763332, 48.97209821611526], [2.342532517512372, 48.97207061207195], [2.3425630259913905, 48.97203444933483], [2.3425700668987646, 48.971920552100975], [2.3425534800283168, 48.97184959974529], [2.342519674626427, 48.9718116456491], [2.3424484330300253, 48.97173122123324], [2.3423346313279896, 48.9716030826326], [2.3422081698420874, 48.971460756136985], [2.3421141695855154, 48.97135466776407], [2.342069955934187, 48.97130811348355], [2.3420531753627367, 48.97128491051751], [2.342039617063489, 48.97126613158657], [2.3419879323974406, 48.97119471678109], [2.341955329789314, 48.97113734513507], [2.3419391616813066, 48.971108929815486], [2.34192526543145, 48.97108448369131], [2.3419101706752037, 48.97105760299336], [2.341879992593614, 48.971002942394584], [2.3418526179391272, 48.970953422937335], [2.3417937280641397, 48.97084698735979], [2.3417548738559537, 48.97077636223988], [2.341712944389382, 48.97070050452758], [2.341667940829313, 48.97061932429895], [2.341648608648022, 48.97062506335989], [2.3415540377458735, 48.970477965149946], [2.3415770838001597, 48.970470178198454], [2.341510601116534, 48.9703593843052], [2.3414679279226913, 48.970288378385064], [2.341441037711145, 48.97024380737709], [2.341433636098443, 48.970245835029225], [2.3414306802845353, 48.97024195198817], [2.341404772279153, 48.97020610916897], [2.3413846370618887, 48.970178211517215], [2.3413914923406782, 48.97017618086792], [2.3413314146601234, 48.97008817325131], [2.341228434113782, 48.96996890553072], [2.341144732074535, 48.969869707154665], [2.3410658777248714, 48.969776020821314], [2.3410588598848054, 48.96976932774974], [2.341038036222758, 48.96975266697841], [2.340997148213228, 48.969713324562264], [2.340851168904707, 48.969764409594156], [2.34076610817498, 48.96979397732111], [2.340639070064675, 48.96983779228275], [2.340670817256211, 48.96987627523423], [2.340689374587156, 48.9698993083457], [2.340717335221172, 48.969934802913144], [2.3407838731874464, 48.970019519108746], [2.3404849787501933, 48.970108341292296], [2.3404952913150754, 48.9701244947268], [2.3403372900447312, 48.970175602941254], [2.3403563628536412, 48.97020106693101], [2.3405143128493666, 48.97015400507347], [2.3405421731199345, 48.97019741259542], [2.340590935263936, 48.97027285870157], [2.340757264639396, 48.970222065711695], [2.340848566730311, 48.9703466651788], [2.3407038535103357, 48.97039469949191], [2.3406273110847797, 48.97042026727237], [2.3405959154590255, 48.97037558138152], [2.340466445825836, 48.97041713463101], [2.340085444241173, 48.97053922644613], [2.339748739836485, 48.970647172780865], [2.3400109227850954, 48.971040332562396], [2.340048357277637, 48.971093504830336], [2.3400218926947343, 48.97110154245266], [2.340084759974695, 48.971195680948036], [2.340683732788809, 48.97102263065634], [2.340714442728721, 48.971013716966844], [2.3407657699390554, 48.97110239612584], [2.3408190015213552, 48.97119171520128], [2.340819365664558, 48.971195314232844], [2.3408523964285846, 48.97124036871638], [2.3408800014967492, 48.97128242582222], [2.3409522326824495, 48.97141384455122], [2.3410928302674536, 48.971378197111804], [2.3412959096305803, 48.97132715567029], [2.3414550862666044, 48.97156084747623], [2.341430539551749, 48.971568446307735], [2.34146843005838, 48.971618113497165], [2.341507664849891, 48.97166949664078], [2.3415422176466354, 48.971659165030104], [2.341618989187676, 48.971777389147555], [2.3416240894761704, 48.97178452127449], [2.341654399843728, 48.97182875124228], [2.341661373625703, 48.97183895112435], [2.3417378247602776, 48.97195015918092], [2.3417969742242613, 48.97203618296615], [2.3418051568461324, 48.97204800813353], [2.3419335183004297, 48.972234498896924], [2.3419457325718396, 48.97225156186018], [2.3421597937688907, 48.97218565157571], [2.3422921097444878, 48.972146090523275], [2.3423418600844257, 48.97211138224235]]], [[[2.3461590402155417, 48.971991698130836], [2.3460080254813827, 48.971780628629496], [2.3459402726385923, 48.971802470813074], [2.345849203950451, 48.97183182947658], [2.3458219113200736, 48.97184058325929], [2.3450962431767044, 48.9720741167512], [2.3450758136086014, 48.97208021006816], [2.3451837324131817, 48.972220543735844], [2.345186554298404, 48.972224246092644], [2.345235610044522, 48.97228791146641], [2.345260606390983, 48.972320511069185], [2.3453437983568883, 48.97242860613175], [2.345472141120652, 48.97257426664564], [2.3455187337017738, 48.97262748706897], [2.3455983240952993, 48.97271793685182], [2.3456710211923384, 48.97280259373061], [2.345737813876741, 48.97287885527236], [2.345866145277583, 48.97302559433575], [2.345874328175516, 48.97302662814381], [2.3459412871400662, 48.97311143338674], [2.3460359432754707, 48.97307939647008], [2.346087934561346, 48.973061874672645], [2.346203713451724, 48.97302293858695], [2.346323471341099, 48.972982585265434], [2.3463242164772637, 48.97297764342097], [2.3464438104467686, 48.97293944729866], [2.3465937124277274, 48.972891704208436], [2.346757191776167, 48.97283962852514], [2.3466919432183593, 48.972749077801446], [2.346638105963056, 48.972674416096396], [2.346581850969561, 48.97259650386879], [2.34652680508761, 48.97252021685641], [2.3464955261445133, 48.9724766123753], [2.3464704681036483, 48.97243798768815], [2.3463972987023802, 48.97233651260723], [2.3463614393327945, 48.9722878472877], [2.3463253147712955, 48.97223855103028], [2.3462513117124897, 48.97213824032795], [2.3461590402155417, 48.971991698130836]]], [[[2.3455827994499265, 48.973126473914455], [2.3456703999937853, 48.97311238389902], [2.345680683440363, 48.97312017359542], [2.345773700681445, 48.973088127944415], [2.3456604428518277, 48.97297015727819], [2.3455876379955263, 48.97289404274841], [2.3456082383718044, 48.9728852525124], [2.3455772440889544, 48.97285163109522], [2.345453941241651, 48.972717868417966], [2.3454449143772744, 48.97270792734206], [2.345327291146603, 48.97257878171347], [2.345302120673497, 48.97254914872767], [2.3452539380337343, 48.97249205273379], [2.345235529066436, 48.97246785217767], [2.3451994706759667, 48.97242422125903], [2.345143494203345, 48.97235692106868], [2.3451171241107573, 48.97232494342092], [2.3450947623229244, 48.97232176385138], [2.345050990470105, 48.97233744167352], [2.3449148737976224, 48.972386067482454], [2.344863829838156, 48.97240431336033], [2.344809219834644, 48.97242370876953], [2.344682297155968, 48.972468967362566], [2.3446257634530174, 48.97248925143346], [2.3445198347616687, 48.972526980888745], [2.344460971001815, 48.97254788162701], [2.344353804841176, 48.97258623365073], [2.3442938414382963, 48.9726076678491], [2.344234839773772, 48.972628657647505], [2.344141121313465, 48.972662137094865], [2.3439529958215233, 48.97274033270193], [2.3439314055313143, 48.972795069219366], [2.3439531560896083, 48.97282504348607], [2.343982425132868, 48.972865400312365], [2.344296842931749, 48.97330101043444], [2.3443109604515064, 48.97329722081253], [2.3443807318833287, 48.973277998440146], [2.3445430233029514, 48.973233742804204], [2.344582912599834, 48.973222720088394], [2.3446133800120124, 48.97322225709186], [2.3446956296099524, 48.97322090797667], [2.3447639425334277, 48.97321984237353], [2.344841137176226, 48.97321855546937], [2.345005419817219, 48.97321135941052], [2.34507826623399, 48.973208250097706], [2.3451407261729886, 48.973205533661265], [2.3451438308291426, 48.97319763716388], [2.345208437005695, 48.97318719881318], [2.3453522949270798, 48.97316397395406], [2.3454556384775516, 48.973147182327516], [2.345513263753093, 48.973137874749014], [2.3455827994499265, 48.973126473914455]]], [[[2.3514815392076933, 48.97333458691333], [2.3515679256655586, 48.97328631435484], [2.3516158450099676, 48.97324466813151], [2.3517365387162883, 48.97313992784478], [2.35186556986928, 48.973012841033544], [2.351956733383909, 48.97292098013002], [2.3520113619065732, 48.97286705019247], [2.352055493014796, 48.97282241577316], [2.3521045961505904, 48.97277340184358], [2.352112248751427, 48.97275123157802], [2.35211501190075, 48.972748728589124], [2.352158385914797, 48.97271002512286], [2.3522521958830054, 48.97264686451159], [2.3522952594575597, 48.97262209777338], [2.3523729638739326, 48.97257980273903], [2.3524509738237636, 48.972534901462424], [2.352546641490682, 48.97249800890015], [2.3525526020747476, 48.97250199779925], [2.3526408916036803, 48.972476216100254], [2.352635917365058, 48.97246980453961], [2.3527563855077256, 48.972437721791316], [2.3528211907295504, 48.972422064738964], [2.352869417325476, 48.97241045477927], [2.353097028946801, 48.9723522418373], [2.353081173299846, 48.97229820099187], [2.3528364928894248, 48.972301107523364], [2.3527324872739963, 48.972305582127355], [2.3527043334978353, 48.97230677907393], [2.3525194020987064, 48.97231612233418], [2.352345958533181, 48.972324358309656], [2.3521928753922148, 48.97233198459955], [2.3521203038039857, 48.9723350997114], [2.3520649455768745, 48.97233803799253], [2.352060708006205, 48.972338284877274], [2.3520251683914326, 48.97234025109491], [2.351821385449178, 48.97234967128513], [2.3516422061115536, 48.97235778532127], [2.3514585148455565, 48.97236623439552], [2.3513524500713565, 48.97237150599971], [2.3513128139057313, 48.9723733599265], [2.351285602390858, 48.97238661166108], [2.3512329604267275, 48.97237985228965], [2.351139292511827, 48.972387798601275], [2.351133685690755, 48.97238830782255], [2.3510338499786747, 48.97239792927034], [2.35099323184784, 48.97240184606637], [2.350816399602805, 48.972418874200606], [2.350850175224781, 48.972558171835495], [2.35087239653278, 48.972649206822815], [2.3509050426279803, 48.972824288656284], [2.350918238839274, 48.97289423219885], [2.3509361565377045, 48.97299081923629], [2.3509510207093554, 48.97306940463817], [2.35096417172429, 48.973186738649595], [2.35096053202353, 48.97324849776549], [2.35095328153994, 48.973249357786145], [2.350954114131732, 48.97329207689683], [2.3509545841104877, 48.97333101717344], [2.3509618245007027, 48.97333096642741], [2.350959090778909, 48.973385806175855], [2.3509578247705467, 48.97341061875603], [2.3509552085438354, 48.973466987869095], [2.3509895144097244, 48.97348731680626], [2.351128794977441, 48.97345857481365], [2.351162487103163, 48.97345147311369], [2.3512071827575123, 48.973438315992645], [2.351373541059479, 48.973385170527], [2.3514815392076933, 48.97333458691333]]], [[[2.3430102774520223, 48.973393337901676], [2.3430450229349837, 48.97335701844136], [2.343019270021443, 48.97329788622057], [2.342991386285936, 48.973234425891704], [2.3429570029557207, 48.973155642601085], [2.3428830005746244, 48.97299085324007], [2.3428516442982326, 48.97292116896817], [2.342796053116489, 48.97280198274028], [2.342774819705498, 48.972752767013695], [2.342744425519379, 48.972682638340366], [2.342696192534066, 48.972575722242595], [2.3426399896415333, 48.972450957158316], [2.3426205914193043, 48.97240786638798], [2.3425962782360097, 48.972353777745376], [2.342557879220077, 48.972268587537485], [2.3425367532699983, 48.97222171039771], [2.3424915750553077, 48.97212173518768], [2.3423087701065226, 48.9721788248957], [2.342194533598427, 48.97221452839367], [2.342170534168656, 48.97222204044894], [2.342158364345991, 48.9722446349665], [2.3421050362716964, 48.972259809677325], [2.3420111281570857, 48.97228663193733], [2.3420118384127906, 48.972295268696314], [2.341965360089952, 48.97230886226024], [2.341947947501404, 48.97231398241556], [2.3419151802286833, 48.9723235146046], [2.3420230682658256, 48.97250881377677], [2.3421042961161063, 48.97265287057627], [2.3421958214028473, 48.972630891164435], [2.3422040428532633, 48.97262886796433], [2.3422914613159245, 48.972607585361324], [2.3422965309973254, 48.972606354202476], [2.3423046510562053, 48.97259075167041], [2.3423499845090707, 48.972581288278995], [2.3423700256182047, 48.972616738934114], [2.3423872609712544, 48.972647228292296], [2.342327529976087, 48.972661019107996], [2.3422265619059717, 48.9726843856447], [2.3422407262125944, 48.97270928279228], [2.342253683994139, 48.97273237480885], [2.342286019306089, 48.972789385112556], [2.3423223244503437, 48.97278095133169], [2.342382418537785, 48.972900432252914], [2.3422925262318888, 48.972922870386235], [2.342272478461701, 48.97293112353235], [2.3421765613910894, 48.97296548864455], [2.341994998365575, 48.973010534629516], [2.3419194953630096, 48.973029274546995], [2.3419012709631404, 48.97303376076019], [2.341944820029261, 48.97311133570082], [2.342022233114308, 48.97309278609768], [2.342039499151602, 48.97312084767011], [2.3421315784746035, 48.97309833179799], [2.342236126017385, 48.9730728267615], [2.3422614757928755, 48.97306658106017], [2.3423780874117104, 48.97303763495817], [2.3424816774511066, 48.97301221438328], [2.342516576643703, 48.9730825476485], [2.3425839843584897, 48.97306664060476], [2.3426072027464784, 48.97311011199348], [2.3426030118191994, 48.97311746292071], [2.3425402844746763, 48.97313051801154], [2.3424407953217177, 48.97315569134086], [2.3424530498821543, 48.97318039813019], [2.342464241311525, 48.97320276102466], [2.3424724801015353, 48.97322097115506], [2.3424894881340546, 48.97325865327895], [2.342362263037522, 48.973284303973045], [2.34207411690413, 48.9733428839505], [2.3421107049219536, 48.97340926985302], [2.3421196481939752, 48.973425775283175], [2.342322702761087, 48.973388041009194], [2.342339405705271, 48.97342823939136], [2.3423470740899397, 48.97342675270312], [2.3425773826866267, 48.97338341219488], [2.34263037718983, 48.97337309143626], [2.342656257504615, 48.97336810751818], [2.342691137987115, 48.97345076040406], [2.342700995218536, 48.97344901591182], [2.342769176279425, 48.97343679995264], [2.3430102774520223, 48.973393337901676]]], [[[2.343898299347049, 48.97234445074574], [2.343855166486932, 48.972287831420964], [2.343754763570085, 48.97232064452773], [2.3436897316265966, 48.97223503919011], [2.343874762639486, 48.9721746323163], [2.343815144201384, 48.9720930133778], [2.3438539593798215, 48.97208045628407], [2.3438003251495303, 48.972011729436566], [2.3437660366588653, 48.97202278254453], [2.343711918697918, 48.971949107094645], [2.3435461057760705, 48.972002065156715], [2.343481272485732, 48.97191160477755], [2.3431534875357833, 48.97201619218856], [2.3429888975373045, 48.97177779699669], [2.3433750552807795, 48.971658601938216], [2.3432883353335883, 48.971538256190485], [2.3431701297089247, 48.9715747482265], [2.343027377413065, 48.97161883930273], [2.342904920223858, 48.971656656673865], [2.342818540472065, 48.971531096753], [2.3427901039619092, 48.97148984488795], [2.342764881372018, 48.97149690073401], [2.342709380200712, 48.971424745942244], [2.3426630168483946, 48.971364511395876], [2.34237857996225, 48.971454676406566], [2.3423606602663423, 48.971489109627456], [2.34242975698041, 48.97156628503136], [2.3424581760890044, 48.97159809468576], [2.3424849789552304, 48.971628096957865], [2.34259649892691, 48.97175307550491], [2.342623303090099, 48.971782987822316], [2.3426579178305347, 48.971821755656855], [2.342699267550427, 48.97186802422087], [2.3426859607211856, 48.97187253750499], [2.3427043441607847, 48.97196346318491], [2.342744112155622, 48.972026808935176], [2.3426951609271986, 48.9720415582654], [2.3426343897192172, 48.972094461200705], [2.342664060959759, 48.97218931553632], [2.3426486768152235, 48.972196065572], [2.342702222898479, 48.97232567210834], [2.3427482202397956, 48.97243653270696], [2.342789529125433, 48.97252929253505], [2.3428308336113624, 48.972622412018396], [2.3428573975475504, 48.97268217824286], [2.3428661656946934, 48.97270174013921], [2.342906276395459, 48.97279206534593], [2.3429176945108328, 48.972818116397036], [2.342949572163362, 48.97288978187742], [2.342970292400562, 48.972936386912394], [2.3429891561194527, 48.97297857541844], [2.343069377378732, 48.97315931560099], [2.3430975241211613, 48.97322358668638], [2.343114522380842, 48.973262077995564], [2.3431308524886005, 48.97329939660945], [2.343149972605464, 48.973342935361856], [2.34317055206802, 48.97338989927172], [2.343253935748399, 48.97357991890177], [2.343505034906092, 48.97351277026293], [2.3434843517462953, 48.973473989074186], [2.343474913913742, 48.9734533444671], [2.3434398092762874, 48.97337752493072], [2.3434484394305413, 48.97337559380912], [2.343475426015961, 48.973369536663725], [2.3434869336416395, 48.973366901885136], [2.343513097271706, 48.97336111000344], [2.343606116614637, 48.97333985710829], [2.3435583385470222, 48.973261630178186], [2.3436279066299415, 48.9732477127367], [2.343622007958543, 48.97323886775239], [2.343651761441423, 48.97323003801635], [2.3437943662860206, 48.97318711446786], [2.3438512722495073, 48.97316989030168], [2.3438450969649485, 48.97316131359133], [2.343769124598081, 48.973054965638894], [2.34369865504953, 48.97295638133639], [2.34377683308848, 48.972931270221096], [2.3437358875626706, 48.972874483002585], [2.3436577508609227, 48.972766504444564], [2.3440353161758543, 48.97264672076581], [2.3440296974876227, 48.97263733777418], [2.3440097453020003, 48.97260557483952], [2.343982838094915, 48.97256208353105], [2.3439280359256784, 48.972477613404315], [2.343986042847079, 48.972459675784464], [2.3439412991183386, 48.97240079954663], [2.343898299347049, 48.97234445074574]]], [[[2.344948440812128, 48.9742208217231], [2.3448713747066914, 48.97410340778911], [2.344867488339233, 48.974097451480944], [2.344794307815982, 48.973986083711985], [2.3440679617008766, 48.97418399651181], [2.344055933932342, 48.97416288817546], [2.3440095668756653, 48.974080982264944], [2.343993535590493, 48.974052388209195], [2.344714160885831, 48.97386388676693], [2.344681725885553, 48.97381452031621], [2.3446312003400327, 48.97373735795463], [2.3446024221436255, 48.97374466452568], [2.3444537310751814, 48.9737826997764], [2.3443288849099115, 48.97381466033251], [2.3442061090135358, 48.973844923493225], [2.344002620841314, 48.973895338065454], [2.3439668558825493, 48.97390422493088], [2.34383900638448, 48.97393598869904], [2.3437428126788773, 48.97395974231416], [2.3437049930820035, 48.97396906748731], [2.3436885828784746, 48.973938043324985], [2.3436626989728953, 48.97394329722097], [2.34364855408615, 48.973916781723], [2.3436188004575658, 48.973860685241895], [2.3435782385066473, 48.97378429635999], [2.343661309010463, 48.973761280394136], [2.3435531669300524, 48.97358461441972], [2.3433120386076602, 48.97365181774661], [2.3433031016846653, 48.97367802706996], [2.3433798700037523, 48.973840313280526], [2.343380534785943, 48.97384175572792], [2.3434104727358576, 48.97390486746876], [2.3434397380226617, 48.973967166186476], [2.3434658194439986, 48.974021983649976], [2.3434683442712645, 48.9740275728504], [2.343485017333897, 48.97405940780898], [2.3435187619399347, 48.97412397915176], [2.34354290252311, 48.974170243046565], [2.3435615757302557, 48.9742059557319], [2.343614519736921, 48.97430786125457], [2.3436845311417676, 48.974442862775206], [2.343752805797644, 48.97457479726881], [2.3437920151755756, 48.974650189450784], [2.3438122813066915, 48.97468959773647], [2.3438258857888385, 48.97471566061087], [2.343876293437759, 48.974812965891836], [2.343890294145626, 48.974840110028], [2.3439124307466153, 48.97488285576074], [2.3439373666285452, 48.974931102248526], [2.3439877758299263, 48.9750283175438], [2.344025326070835, 48.97504039305934], [2.3440520153007403, 48.97503631252196], [2.344278250403913, 48.9750022987474], [2.344369643448063, 48.974980227059305], [2.3443124617303086, 48.97487838870621], [2.3442948249355204, 48.974847088175444], [2.3442731788275855, 48.974808751540394], [2.3442071751749167, 48.97469157756766], [2.3441914122415786, 48.97466334472527], [2.344222514225591, 48.97465596103535], [2.3445147370197246, 48.97457779447601], [2.3444526862562642, 48.97448294372647], [2.3444187973631183, 48.97442970249372], [2.344393918478969, 48.974387751177694], [2.3448719152397435, 48.97424477357375], [2.344948440812128, 48.9742208217231]]], [[[2.343876780660707, 48.97503409514519], [2.3437937654386123, 48.97486862788753], [2.3437652540748557, 48.97481145918781], [2.3437524612134233, 48.97478603022732], [2.343665985054625, 48.9746134397932], [2.3436499980753305, 48.974581338855856], [2.343594567464731, 48.97447078692552], [2.34350489590447, 48.97429170419781], [2.3434754506077287, 48.9742328216991], [2.3434677270101982, 48.97421704246546], [2.3434370831355467, 48.97415572540424], [2.3434196245937997, 48.97412118837765], [2.3433816557032396, 48.974044993492846], [2.343339817780691, 48.973961493442935], [2.343321436172052, 48.97392434350202], [2.343285194405588, 48.9738520248236], [2.3432376322107378, 48.9737567131372], [2.343147969929627, 48.97357709050685], [2.343087882391202, 48.97345689069045], [2.3429088166578818, 48.97348801326128], [2.3428391342064283, 48.973500131147915], [2.3427372802330133, 48.97351782794095], [2.3423749031689423, 48.973580857822064], [2.342401254179733, 48.97363585687327], [2.3424364815552057, 48.97371266655626], [2.3424713094985767, 48.97378866470345], [2.3424874738744013, 48.97378506636822], [2.342669195239976, 48.97374928285461], [2.3427025733492304, 48.97382113641077], [2.342704037192486, 48.97382420190019], [2.342708966980487, 48.97382323973467], [2.3427127371044514, 48.97383836788128], [2.3427275166949597, 48.97386866384385], [2.342728577589196, 48.97387118757169], [2.342733773895262, 48.97388155748003], [2.3427636040516635, 48.973942330730345], [2.342783179348057, 48.97398227498944], [2.342790236798289, 48.97399670173945], [2.342805951020312, 48.974028711392926], [2.3428191336812207, 48.97405567134512], [2.3428653408299125, 48.9741500764948], [2.342857946674069, 48.974151474792585], [2.3428713923466047, 48.974179245505916], [2.3428940400955147, 48.974224692023995], [2.342948141770203, 48.97421329808851], [2.342992491553723, 48.97430337657601], [2.3430167308397345, 48.97435260865212], [2.343018991541727, 48.97435747701], [2.3430287161802994, 48.97437704410087], [2.343044831350548, 48.97440977530998], [2.34308660983837, 48.974541205369626], [2.3430937051771776, 48.97456345581503], [2.343103300337669, 48.97459327368762], [2.3431050067309793, 48.97459876848509], [2.3431110513844815, 48.97461768593255], [2.3431348338978766, 48.974692274441324], [2.3431402240131227, 48.974708940165144], [2.3431439054574748, 48.97472029093067], [2.343159931283695, 48.97477091678459], [2.343164788675659, 48.9747865004836], [2.343184095313213, 48.97484775549695], [2.343248005319785, 48.97484936439972], [2.343337179510792, 48.97485156120972], [2.343341806662065, 48.97485293542282], [2.3433637164852703, 48.9748595299981], [2.3434022305675755, 48.974870981510556], [2.3435643131815427, 48.974919439197414], [2.343555987596504, 48.974951317155615], [2.3435390930806332, 48.974947807528885], [2.3435190871930747, 48.97500677903164], [2.343561754890188, 48.97501384687854], [2.34371233698679, 48.97503193655519], [2.343804539664705, 48.97504314212603], [2.343876780660707, 48.97503409514519]]], [[[2.365731575370125, 48.97418378634114], [2.365715422461081, 48.974097012959], [2.365633474259231, 48.97410719076255], [2.3655759825458507, 48.97399385060522], [2.3655749172474976, 48.973991596838324], [2.365557140545995, 48.973993121465966], [2.3655329255760913, 48.97395135797021], [2.3655308158382655, 48.97394514196522], [2.3655367145278774, 48.973943104885436], [2.3654925251423475, 48.97384791001802], [2.365438481734732, 48.97373189024625], [2.3654376830438335, 48.97373017743989], [2.3654109872275253, 48.97367904855028], [2.3653806638874713, 48.97362295456632], [2.3653703802218726, 48.97360374606179], [2.3653636988853015, 48.973591570791655], [2.365324158392078, 48.973518432131584], [2.3652797442307416, 48.97343051990698], [2.365258784854913, 48.973390661991424], [2.3652302430097816, 48.97333412775343], [2.365214905194717, 48.973303741738555], [2.3652130357588557, 48.973300224756116], [2.3651643488336864, 48.97320428649868], [2.365148569478605, 48.97317650596968], [2.3651241830756384, 48.97312646831466], [2.36509518342905, 48.97307388832208], [2.3642912653156225, 48.97328913799829], [2.364030046817686, 48.973359513673245], [2.363756893620333, 48.97343396203747], [2.3637677670415425, 48.973449576801], [2.363864827288384, 48.9735885766402], [2.3639234446605495, 48.973676564709535], [2.36393668030316, 48.97372240689084], [2.3639425222799937, 48.973758497925864], [2.3639498780858377, 48.97381599921298], [2.3639499893708855, 48.97381806808542], [2.3639558705088413, 48.973895614893586], [2.3639832737604376, 48.973978131786595], [2.3640032281791226, 48.974044242765835], [2.3640016205514103, 48.974086319280495], [2.3639963489687257, 48.97411524727299], [2.3639722215291155, 48.97417806703939], [2.3639660024157307, 48.97419511986603], [2.3641976172115977, 48.974155431818446], [2.3642473016211434, 48.97421441638416], [2.3648526023347145, 48.974112140802575], [2.3649265481523405, 48.97434328060034], [2.364822515947144, 48.974584448827194], [2.3647568616453616, 48.97472555353942], [2.3647087926098163, 48.97483608683779], [2.3646519203939893, 48.97497391074288], [2.364632856938431, 48.97502479735979], [2.3645981068229673, 48.97510734447248], [2.3645594714773446, 48.97519481687264], [2.3645535632863144, 48.97521996462779], [2.3645504042959358, 48.975232537419586], [2.364542490323924, 48.97526531818854], [2.3645349520496883, 48.975300888627245], [2.364528147310539, 48.975332326391985], [2.3645149651835644, 48.97539376537893], [2.364512787627305, 48.97540427508828], [2.364497411411024, 48.97547757256795], [2.3644657030030856, 48.97554592754881], [2.36446499913421, 48.97554763239763], [2.3644318927943435, 48.975618587788425], [2.3647042658532467, 48.97563118140883], [2.3648114433188936, 48.975635885570725], [2.3649212161320867, 48.975640603378004], [2.365092153324661, 48.97564816275646], [2.3652360587818997, 48.97565440981668], [2.365270524077417, 48.975572760309404], [2.3653007262464922, 48.97549342628289], [2.365334373955867, 48.97541159256949], [2.3653668914687573, 48.97533281031723], [2.3653677384877843, 48.97533056666925], [2.3653804470574893, 48.97529664219046], [2.365397678155379, 48.975250331961114], [2.365415947094486, 48.97520852347755], [2.365430367194352, 48.975168672982164], [2.36545481763381, 48.97509047748787], [2.3654637721700578, 48.97506192864561], [2.3654673121734584, 48.97505169589977], [2.3654323743461116, 48.97501545106475], [2.3654341676395423, 48.97501402174866], [2.3654883410545913, 48.974974021841504], [2.3655495305781518, 48.97481805549358], [2.3655947348273036, 48.974707057087855], [2.3656301792289396, 48.97462343423434], [2.3656739108089515, 48.97449875935451], [2.365689943864208, 48.97444983488333], [2.365731575370125, 48.97418378634114]]], [[[2.364235272106601, 48.977286465610554], [2.364240969296382, 48.977267431701144], [2.364321874410961, 48.97727595372851], [2.364429383670159, 48.97728731441658], [2.364430596322391, 48.977277519014464], [2.3645689549985525, 48.97723499809031], [2.3645947232237203, 48.97720563918223], [2.3646183885554763, 48.97718067545549], [2.3646434550393467, 48.97715284154418], [2.364685114953673, 48.9770415551549], [2.3646792510498624, 48.97704071477187], [2.3647137566052363, 48.97695591835794], [2.3647628625788455, 48.97682776544752], [2.364774347912416, 48.976826927020014], [2.364779145038201, 48.97681445284093], [2.3648247269589318, 48.976695183809284], [2.3648546583617525, 48.97661575861275], [2.3649046491784467, 48.976482214787126], [2.364947976836225, 48.97636850909484], [2.364994682618248, 48.97624663807482], [2.3649956684630578, 48.97624421531597], [2.365080583675722, 48.97602497776766], [2.3650982129918194, 48.97597965889453], [2.3651053127467754, 48.97597996624911], [2.365137988426402, 48.975899476356865], [2.3651701176180766, 48.975818983557936], [2.365203877082772, 48.975739218773725], [2.3649255436301577, 48.97572245817856], [2.364808149813858, 48.97571536196579], [2.3645736211800568, 48.975702339593994], [2.364386482797272, 48.9756902872955], [2.364314066150999, 48.97575860635391], [2.364244966128534, 48.97582379556387], [2.3641773984017758, 48.97589771559195], [2.3641078208950006, 48.975890242673046], [2.364030598103408, 48.976217340584476], [2.364041398124892, 48.97621667844407], [2.3640205174794575, 48.97629318393176], [2.364013234121149, 48.97631904374611], [2.3639878370154785, 48.976407395387746], [2.363968085312139, 48.97648093931131], [2.3639633630032275, 48.97649844966459], [2.363956802192054, 48.976521075998896], [2.36392011731399, 48.9766499239681], [2.363890847938775, 48.976753272516504], [2.363876286459196, 48.97680454250995], [2.363843565737711, 48.97692199096378], [2.363793271548791, 48.9771023836479], [2.3638189877044073, 48.9771107931428], [2.3638109928957194, 48.977172439318046], [2.3638410508488876, 48.97720560121926], [2.3639141917395605, 48.97722343454913], [2.364068591406393, 48.977254378084254], [2.3640727345255836, 48.97725071312284], [2.364084605562411, 48.97725185515655], [2.3640785427051543, 48.97727844082268], [2.3640846666257085, 48.97728036171351], [2.3640894289418175, 48.97728191568564], [2.3642277372959626, 48.9772993748782], [2.364235272106601, 48.977286465610554]]]]}}, {"type": "Feature", "properties": {"code_commune": "95427", "nom_commune": "Montmagny", "date_deliberation": "Wed, 20 Nov 2024 00:00:00 GMT", "source": "CA Plaine Vallée, open data"}, "geometry": {"type": "Polygon", "coordinates": [[[2.3455819907490905, 48.97447103544036], [2.345529636577368, 48.97439791018348], [2.3455138616203213, 48.974403129709295], [2.345470994769481, 48.97432511028903], [2.345492794494843, 48.97431875461322], [2.3455047301210783, 48.9743146831711], [2.3455155865919104, 48.97430952673399], [2.3455252261825246, 48.97430337447614], [2.345533236851136, 48.974296404000484], [2.3455397551904995, 48.9742886160526], [2.3455443668953384, 48.974280368073984], [2.3455470708343946, 48.97427174998409], [2.3455477281518236, 48.974262940876315], [2.3455464731767792, 48.974254121334525], [2.3455434391061147, 48.97424556186178], [2.345383307917836, 48.973955397806], [2.3453787657230283, 48.97394727972303], [2.3454005989906466, 48.97391655444011], [2.3453762817787056, 48.973873347419115], [2.345188550800935, 48.973540497586505], [2.345191289405653, 48.97353997298428], [2.3451453656525407, 48.97341193809722], [2.345131200244996, 48.97337616032255], [2.345121926687049, 48.97335326860524], [2.345119150058908, 48.973345969476945], [2.3450881589134673, 48.97326873407872], [2.344918985016904, 48.973295507305274], [2.344735381159236, 48.9732966626084], [2.344729736203511, 48.97328934780031], [2.3447273195281877, 48.97328600735254], [2.344619120043111, 48.97328703484906], [2.3445261788374725, 48.97331296508327], [2.344465177513205, 48.97332998733327], [2.344384574611875, 48.97335238786871], [2.344307533188701, 48.97337399848954], [2.344229122397927, 48.97339587135067], [2.3441093115696847, 48.973429387949366], [2.3439929289594112, 48.973461844071714], [2.3439486525784727, 48.97347410155221], [2.343755502202396, 48.973528079355646], [2.3436384327918036, 48.973560801152395], [2.3435531669300524, 48.97358461441972], [2.343661309010463, 48.973761280394136], [2.3435782385066473, 48.97378429635999], [2.3436188004575658, 48.973860685241895], [2.34364855408615, 48.973916781723], [2.3436626989728953, 48.97394329722097], [2.3436885828784746, 48.973938043324985], [2.3437049930820035, 48.97396906748731], [2.3437428126788773, 48.97395974231416], [2.34383900638448, 48.97393598869904], [2.3439668558825493, 48.97390422493088], [2.344002620841314, 48.973895338065454], [2.3442061090135358, 48.973844923493225], [2.3443288849099115, 48.97381466033251], [2.3444537310751814, 48.9737826997764], [2.3446024221436255, 48.97374466452568], [2.3446312003400327, 48.97373735795463], [2.344681725885553, 48.97381452031621], [2.344714160885831, 48.97386388676693], [2.343993535590493, 48.974052388209195], [2.3440095668756653, 48.974080982264944], [2.344055933932342, 48.97416288817546], [2.3440679617008766, 48.97418399651181], [2.344794307815982, 48.973986083711985], [2.344867488339233, 48.974097451480944], [2.3448713747066914, 48.97410340778911], [2.344948440812128, 48.9742208217231], [2.3448719152397435, 48.97424477357375], [2.344393918478969, 48.974387751177694], [2.3444187973631183, 48.97442970249372], [2.3444526862562642, 48.97448294372647], [2.3445147370197246, 48.97457779447601], [2.344222514225591, 48.97465596103535], [2.3441914122415786, 48.97466334472527], [2.3442071751749167, 48.97469157756766], [2.3442731788275855, 48.974808751540394], [2.3442948249355204, 48.974847088175444], [2.3443124617303086, 48.97487838870621], [2.344369643448063, 48.974980227059305], [2.3446665704110545, 48.974908290711014], [2.3447216523714243, 48.97489501290338], [2.344832281524689, 48.9748640534084], [2.344887527188364, 48.974848618208895], [2.344989794463099, 48.97481995095881], [2.3452106422180496, 48.97475802912995], [2.3452801805991266, 48.974735747515524], [2.345409249624789, 48.97469400716329], [2.345635152937138, 48.974621051314344], [2.3456797291176, 48.97460672657206], [2.3456461547136733, 48.97456095122553], [2.3456379674265304, 48.97454939610583], [2.3455819907490905, 48.97447103544036]]]}}, {"type": "Feature", "properties": {"code_commune": "95427", "nom_commune": "Montmagny", "date_deliberation": "Wed, 20 Nov 2024 00:00:00 GMT", "source": "CA Plaine Vallée, open data"}, "geometry": {"type": "Polygon", "coordinates": [[[2.3640094712777833, 48.97872550685614], [2.3640670829299193, 48.97858355108423], [2.364104451295693, 48.978488248918616], [2.3641551631588995, 48.97836307246149], [2.3641975677109515, 48.978258085050314], [2.364211935694882, 48.9782226408521], [2.3642764751236833, 48.978061477696365], [2.364301906004105, 48.977992729950174], [2.3643536355605006, 48.97785128232904], [2.3644067748347832, 48.97770624513844], [2.3644378346163424, 48.97763518911798], [2.3644865986180257, 48.977523940483735], [2.364518359875822, 48.97745135942273], [2.3645350837125636, 48.977413139966664], [2.364463674173973, 48.97739891319461], [2.36444616727727, 48.97740061893859], [2.3644345419123844, 48.977401726368], [2.3643183238977725, 48.97743222459149], [2.3641572801220527, 48.9774864950778], [2.364091435485234, 48.97750871721093], [2.3639320095432494, 48.97756470454504], [2.3637082937400433, 48.977638605434464], [2.3633838986914424, 48.97774569349833], [2.3632498935232773, 48.97778949510713], [2.3630294784746866, 48.97786143389683], [2.3629292157055373, 48.97789408376869], [2.362914678569253, 48.97789868266114], [2.362552137170944, 48.97801923446029], [2.3625063366011476, 48.97803328913552], [2.362464616110972, 48.97807110567118], [2.362505695865371, 48.97816349708728], [2.362492254747639, 48.9781678319778], [2.3625472037456228, 48.97829896480892], [2.362536110215269, 48.978301243905314], [2.3625915840940053, 48.978411876600845], [2.362624486146538, 48.978469333614754], [2.362646227805974, 48.9785011027128], [2.362668068725784, 48.97852477908929], [2.362696952424577, 48.978553438749415], [2.362725647839872, 48.97857517318197], [2.3627550064547553, 48.97859852977888], [2.362774521984994, 48.9786113128643], [2.362811018226264, 48.97863191968981], [2.362880757647219, 48.978671047754894], [2.3628827484360113, 48.978653522969246], [2.3630330359395932, 48.978697035423814], [2.363031786625666, 48.97870979812779], [2.3632000279834244, 48.978737488993815], [2.3635441478747374, 48.978793989632706], [2.363957770566763, 48.97885328579156], [2.3640094712777833, 48.97872550685614]]]}}, {"type": "Feature", "properties": {"code_commune": "95409", "nom_commune": "Moisselles", "date_deliberation": "Wed, 21 May 2025 00:00:00 GMT", "source": "CA Plaine Vallée, open data"}, "geometry": {"type": "MultiPolygon", "coordinates": [[[[2.3377188431192706, 49.04679925011917], [2.3378718997570456, 49.046756843588895], [2.337992950605448, 49.046725499496446], [2.338067895508118, 49.046705410897474], [2.3379999406902927, 49.04666007674069], [2.3379378977657437, 49.04662313762631], [2.3378789906048407, 49.04658702503701], [2.3378200858201725, 49.04655073259151], [2.3377604880286005, 49.04651515564961], [2.3376945108870695, 49.04647567697053], [2.337676561186316, 49.04646730541919], [2.337670783213771, 49.0464269896854], [2.337657941922628, 49.04638276847004], [2.3375964212414155, 49.0463907018122], [2.3375346694375017, 49.04639530683155], [2.3375012707371075, 49.04640771134446], [2.3374775319035805, 49.046424215498746], [2.3374676091989848, 49.04644070593335], [2.3374429826748178, 49.046441019698506], [2.3374462985990454, 49.04647283977015], [2.337437123450808, 49.046471380125666], [2.3373838847309663, 49.046569907835774], [2.337376038187062, 49.04660592221315], [2.337351582151663, 49.046700022781394], [2.337332353451999, 49.04678111387017], [2.3373173198512065, 49.04684433414629], [2.337301899971493, 49.04690566397995], [2.3372826332331647, 49.04698972217332], [2.337265344383967, 49.04705814530888], [2.337254420702506, 49.047099447924516], [2.3372385664022417, 49.04709837133868], [2.3372261219933397, 49.04714092443016], [2.337243057949242, 49.0471429960978], [2.337234323767348, 49.04717352047208], [2.337177124940977, 49.04724999595251], [2.3370776521369168, 49.04738036952383], [2.337208978303296, 49.04740150588042], [2.3372117668119095, 49.047397384979135], [2.3373183325705535, 49.04740786403894], [2.337411394562955, 49.04741530118255], [2.3374261569815107, 49.04741619188355], [2.3374623266796353, 49.04741180549951], [2.3374761588356736, 49.04745342449749], [2.3374832686224227, 49.04747513425635], [2.3374947155765566, 49.04751071550301], [2.3374960260426922, 49.047515218694166], [2.337499467685864, 49.04752422960277], [2.337686615200384, 49.04749109228532], [2.3377712111039695, 49.0474759127319], [2.3377712546972123, 49.0474724960398], [2.337771260105986, 49.047321971193846], [2.3377712887856643, 49.047319723369775], [2.3377725939432272, 49.047249593518536], [2.337771173470876, 49.04716793896596], [2.338063309838195, 49.04717224672417], [2.338077945734631, 49.04717232737471], [2.3381131878702814, 49.04717629817828], [2.3381363737454377, 49.04711734895336], [2.3381337148858687, 49.04711130971003], [2.3381213413939697, 49.04708399598329], [2.3381461216151145, 49.047028742228164], [2.3381807196841806, 49.04695447966316], [2.3381796701285484, 49.04695096702727], [2.33790795069623, 49.04692258378404], [2.337629960181066, 49.04689254679633], [2.33761692853186, 49.04682035963526], [2.3377207742154305, 49.046808073759905], [2.3377188431192706, 49.04679925011917]]], [[[2.3356855964217935, 49.04959566173813], [2.3357202007195923, 49.04953201052637], [2.3357266114496276, 49.04953348468187], [2.335756841970665, 49.049458839137614], [2.3357705754905838, 49.049422587750165], [2.3357870529833478, 49.04937502172193], [2.3358105354877035, 49.04932524644228], [2.335824257296418, 49.04930059454813], [2.335853673455782, 49.04924680570222], [2.3358706587338594, 49.04921300009137], [2.335882916068883, 49.049185192921726], [2.335922226127961, 49.049095850767976], [2.33594507159742, 49.04904238524307], [2.335952402045216, 49.04902543104459], [2.3359650972673096, 49.04899546822278], [2.335977086674408, 49.0489672099614], [2.3359868632927383, 49.04894082776917], [2.335990563587616, 49.04892960832733], [2.3359930995006613, 49.0489131671374], [2.3360101374912774, 49.04887522550666], [2.3360172747430266, 49.048862676273274], [2.3360255603605817, 49.04884590718558], [2.3360529472328126, 49.04879030866989], [2.336079921381558, 49.04873488770262], [2.3361293577370263, 49.04863454135223], [2.336135728252006, 49.048617761669924], [2.3361306820519676, 49.04861656483297], [2.3361549145230778, 49.04856157828473], [2.336177659410485, 49.04852663548991], [2.336184911454328, 49.04852649572657], [2.336193656718521, 49.048516563021636], [2.3362028583392167, 49.04850303606974], [2.3362250147219608, 49.04844992633317], [2.3362455905089465, 49.04840274252422], [2.3362652087483133, 49.04835555341901], [2.3361565734130805, 49.04833562048955], [2.336128858600371, 49.048320630656306], [2.336084569648163, 49.04829664721177], [2.3360137878715124, 49.04825839999705], [2.335996703407697, 49.04824652614379], [2.3359757707167117, 49.04821466894757], [2.3359408865247504, 49.04822544625589], [2.3357222691964745, 49.04829086767052], [2.3357063340090694, 49.048296084783836], [2.3356744118366826, 49.048310565082616], [2.335651831448844, 49.04832194986491], [2.3355674054600515, 49.048366442529804], [2.3355725458223366, 49.04837096692279], [2.3355233914393234, 49.04840648288187], [2.3354475825999508, 49.048461723512105], [2.335379090119885, 49.04851178925804], [2.335351887356924, 49.04853160081358], [2.3353360047913925, 49.04854338227031], [2.335269714519114, 49.04859238110568], [2.335214769714342, 49.04863137173985], [2.3352037161240617, 49.04863994281098], [2.3351562096004637, 49.04867492821777], [2.3351071845217493, 49.04871098423014], [2.3350641023181335, 49.04874230740038], [2.3350056960209566, 49.0487845158653], [2.334939956891012, 49.04883315788504], [2.334903235887087, 49.04885912106171], [2.334841509527974, 49.04890418847519], [2.3347962084230587, 49.04893783715748], [2.334736562521534, 49.048980668055904], [2.334714609107102, 49.04899646216905], [2.3346869827915593, 49.049017260332754], [2.334627621813392, 49.04905919356118], [2.33455967491048, 49.04910926184179], [2.3345290287351252, 49.049130852511574], [2.3344138465496584, 49.04921599725647], [2.334382781810504, 49.04923821500236], [2.3343565577229466, 49.049256323281746], [2.3343569153305315, 49.049281772383175], [2.334357458160275, 49.049303445906105], [2.334375970024788, 49.04932135247261], [2.3344339621470778, 49.04937553535894], [2.3344697802487593, 49.0494093635617], [2.3347137075280155, 49.04928024204287], [2.3347195272442614, 49.04928512990724], [2.3347746347719918, 49.049329585386644], [2.334853297235743, 49.04939341395963], [2.334871033501941, 49.04940780930647], [2.3348911304231326, 49.04939811939269], [2.3349055437376145, 49.04940494312887], [2.3349355899659154, 49.049419496539265], [2.3350168926938997, 49.049458791693155], [2.3351241531488265, 49.04951144857288], [2.3352315575215394, 49.04956356663467], [2.335277511676699, 49.04958576119269], [2.3353350205181616, 49.04961368456873], [2.3354158181378226, 49.0496497395593], [2.3354583964297055, 49.04966849844312], [2.3355016460428, 49.04968825013495], [2.3355531929167452, 49.04970103401421], [2.3356268147454746, 49.04972059397255], [2.335639500137374, 49.049680740047506], [2.3356566948276463, 49.049651971107544], [2.3356855964217935, 49.04959566173813]]], [[[2.3367481201885907, 49.04938177054083], [2.3370181820188756, 49.04933740255904], [2.337307726068354, 49.04928855557232], [2.337400834664777, 49.049271175271755], [2.337360274037435, 49.049158642550324], [2.3373578956298915, 49.049152065333985], [2.3373007052525003, 49.049163439335565], [2.337209126759217, 49.04917884978075], [2.3369941793295377, 49.049213811126734], [2.3368854640618437, 49.049232094074334], [2.336764603173157, 49.04924806188878], [2.3366629342508287, 49.048993299106144], [2.336642233166233, 49.04899678155958], [2.3365882518286405, 49.04886412245182], [2.3367148040857306, 49.048841622139804], [2.336961504488403, 49.04879460754708], [2.3369175508494733, 49.04869077804964], [2.3368974300119048, 49.048648854564895], [2.3368594908613147, 49.048416923376735], [2.3368064668454935, 49.04842346451028], [2.336755640606011, 49.048429298401366], [2.3366999853817947, 49.04842764231303], [2.336607265383064, 49.048425421837415], [2.336440829654349, 49.048421805003976], [2.336373676283004, 49.048410014298206], [2.3363393344368713, 49.04848535670442], [2.3363384895682637, 49.048487240339945], [2.3363207415631635, 49.04852724624816], [2.3363204553409727, 49.04852823377799], [2.3363060304220205, 49.048575811254416], [2.3362667685193093, 49.04867216753514], [2.336251208032384, 49.04866947390122], [2.336214542737373, 49.048744623578465], [2.3362080504461424, 49.04874953325842], [2.3361489089214804, 49.04887068724422], [2.33615464368933, 49.04887152820847], [2.336135847104398, 49.0489079315148], [2.3361674969654147, 49.04891476043783], [2.3361661163054364, 49.04893714267993], [2.336188487269104, 49.048995623837364], [2.3361460298219003, 49.04899952549438], [2.3361540206279665, 49.04906997635153], [2.3360953036974528, 49.049061649050806], [2.336069495427759, 49.04905799956661], [2.3360221447173237, 49.049177060564396], [2.3359219564268963, 49.04938421995574], [2.3359137398307674, 49.04938489388629], [2.335867832548288, 49.04947662735709], [2.3358540451320176, 49.049506404279114], [2.335810198428059, 49.04961883050542], [2.3357994341413577, 49.04964754510309], [2.3357700932152143, 49.04972750079046], [2.33603128406454, 49.04975654987831], [2.3360352248098404, 49.049726538681774], [2.3360449892357886, 49.04965834405465], [2.3360528959107945, 49.04960704394671], [2.3360607678138843, 49.049590542338734], [2.3360674442543607, 49.049571246630485], [2.336075578387078, 49.049534244913], [2.336079944333141, 49.049513767484925], [2.3360846080094184, 49.04949140340033], [2.336309431381473, 49.04945452002457], [2.336434725350217, 49.04943426103781], [2.3365505749668807, 49.04941439935661], [2.336585532261173, 49.049408657754164], [2.3367481201885907, 49.04938177054083]]], [[[2.3356201611413154, 49.049738091398886], [2.335544098737632, 49.0497275098477], [2.335524766537996, 49.049720209387615], [2.3354923634461087, 49.049708070909126], [2.335446938984423, 49.04968722815387], [2.3354035629644763, 49.04966666647093], [2.3353404732500676, 49.04963655419263], [2.335263972868839, 49.04973495199651], [2.3352062652091763, 49.0497011827481], [2.33515389585386, 49.04980600835354], [2.3351169476738063, 49.0498816955758], [2.335098982261514, 49.049917204100005], [2.3351103633019745, 49.049925809405636], [2.3351247249595017, 49.04993667918408], [2.3351596865627577, 49.04996267945753], [2.3351743460103314, 49.04997166257689], [2.3352048914369283, 49.04998999527385], [2.3352194175634726, 49.049998707892335], [2.335253350565238, 49.0500195770569], [2.3352950358053954, 49.05004399595056], [2.3353724082921956, 49.050091181964504], [2.335401745760192, 49.050107709544015], [2.335480043003326, 49.05013610751622], [2.3354868056667595, 49.05013146913359], [2.335511244434475, 49.05006047833411], [2.335543064499159, 49.04996857720744], [2.3355755476882223, 49.04987829827608], [2.3356201611413154, 49.049738091398886]]], [[[2.3359508409328407, 49.05170285179328], [2.335944038455389, 49.051687173693644], [2.3359357276988773, 49.05166802088133], [2.335912436687536, 49.051614339114664], [2.3358336148921928, 49.051412934529395], [2.3357793032745726, 49.05127397921552], [2.3357712269106883, 49.051252983441465], [2.3358111515659328, 49.051244032449596], [2.33584681946161, 49.05123631677648], [2.3359669898878725, 49.051210544904755], [2.335990172610872, 49.05120563758336], [2.3359854975330347, 49.051196799683616], [2.335963369424318, 49.05115135820981], [2.33596109798647, 49.05114711946254], [2.335934452363154, 49.05109122240849], [2.3359081757620457, 49.0510385644686], [2.33590366742054, 49.05102738959222], [2.3358797083283553, 49.05097537388678], [2.335854385947097, 49.05092299096078], [2.3358485315496127, 49.05091010017841], [2.335728283852565, 49.05067474671658], [2.3357162198844272, 49.050655347418605], [2.335699360108287, 49.05063655103233], [2.3356543334536983, 49.0506273101327], [2.3355911328974157, 49.05061644007929], [2.3356016273672338, 49.050587454275956], [2.3356053138733803, 49.050588014178764], [2.335634642536654, 49.05053044836467], [2.3357333353561884, 49.050557969839886], [2.3358600152250473, 49.05052584980978], [2.3358020102463417, 49.05045107615722], [2.335771339338241, 49.050410443007586], [2.335730147117318, 49.050358152113574], [2.335650591967837, 49.05032111512797], [2.3355949119091846, 49.050310556418474], [2.335554404893599, 49.05033299197897], [2.3355434459690576, 49.0503662014113], [2.335513613478806, 49.05044174823337], [2.3354960260889612, 49.050490476986575], [2.335458476223786, 49.05059178785857], [2.3354168221963527, 49.05070377636807], [2.335392722212699, 49.0507696435974], [2.335377162547585, 49.05080957147435], [2.335360022132313, 49.05085542525652], [2.3353404583154274, 49.05090890874135], [2.335409126326662, 49.05092016884506], [2.335383211064557, 49.050988903424674], [2.335370170042078, 49.05102443919631], [2.335281119713232, 49.05125872494971], [2.335270196118182, 49.05128914703705], [2.335234742076931, 49.051386962524276], [2.335232612987554, 49.05139297531302], [2.3355697242962887, 49.05147657661218], [2.3356451315944846, 49.051495786711186], [2.3357857177621684, 49.0515317224013], [2.3359508409328407, 49.05170285179328]]]]}}, {"type": "Feature", "properties": {"code_commune": "95598", "nom_commune": "Soisy-sous-Montmorency", "date_deliberation": "Wed, 19 Nov 2025 00:00:00 GMT", "source": "CA Plaine Vallée, open data"}, "geometry": {"type": "MultiPolygon", "coordinates": [[[[2.297885859303894, 48.975105618875794], [2.2977164516906003, 48.97506649856361], [2.297488836608605, 48.9754226208862], [2.2975528403233128, 48.97555878371121], [2.297583672490731, 48.975622451889436], [2.2975936437305378, 48.97564274358672], [2.2977992944700114, 48.97560806728455], [2.2979944052558, 48.97557494760946], [2.298018776253096, 48.975570863726965], [2.298326393525487, 48.97550144238186], [2.2983495453830236, 48.97548647027748], [2.298482705376143, 48.97531665986516], [2.298530478596782, 48.975289152178924], [2.298572306102539, 48.975277076946284], [2.298605026153008, 48.975271782806196], [2.298832899379849, 48.97527059715776], [2.298856860385844, 48.97526651070839], [2.2988707497995624, 48.97525966760847], [2.298880028966172, 48.975250279636015], [2.2988470192546226, 48.97524666950108], [2.298512556915114, 48.97522025411067], [2.2983687353297113, 48.975198280343555], [2.298071433827593, 48.975141236521544], [2.297885859303894, 48.975105618875794]]], [[[2.2999447822051953, 48.97535784501393], [2.299600492273399, 48.97533074582905], [2.299475366059272, 48.9753912546026], [2.2994442621043785, 48.97546921846766], [2.2994076186162995, 48.975532492059806], [2.2993632836553997, 48.975588706499], [2.2993043798008985, 48.975651490322356], [2.2993023102650216, 48.975653006971235], [2.299207396796912, 48.975721875188015], [2.2991414098478105, 48.975762855504506], [2.2991286377147655, 48.975818534858085], [2.2991457998705536, 48.97583239378009], [2.299390548648871, 48.976089482516535], [2.299467953646323, 48.976103423465815], [2.299507792021389, 48.97608692993502], [2.299597083752686, 48.97605004224408], [2.2996569777791254, 48.97602530267477], [2.2997144009022548, 48.97600144790733], [2.30011868947049, 48.97583402770626], [2.3001803672185632, 48.975808668800866], [2.301035367194261, 48.975454580488304], [2.3010283139618997, 48.975420367588114], [2.2999720744688266, 48.9753599826652], [2.2999447822051953, 48.97535784501393]]], [[[2.3009579460241727, 48.976081811118874], [2.3010229664303363, 48.97596025072607], [2.30104664244594, 48.97591641500101], [2.3010778904719658, 48.97585805541907], [2.3010910617657476, 48.97583349250904], [2.301123010805294, 48.97577378810963], [2.301194186908545, 48.97564138244128], [2.301214647206115, 48.97560301340928], [2.3012437927426705, 48.975548598254754], [2.301264672421989, 48.975509512248145], [2.301194143525803, 48.97547187210142], [2.301004985911669, 48.97555008447807], [2.300813627689793, 48.97562936283582], [2.300636835111588, 48.975702251156605], [2.3004072867548717, 48.97579731297326], [2.3001737593273606, 48.9758936100924], [2.2998865191384605, 48.9760120746956], [2.2997297772773475, 48.976076895454575], [2.29952893911015, 48.97615989328293], [2.299505847742368, 48.976210926179824], [2.29961579496093, 48.97632406529921], [2.2996700948500344, 48.976379956439146], [2.2998056426101483, 48.976519503135265], [2.299867151222083, 48.97652705622361], [2.3000749821620023, 48.97644221021636], [2.3004840442091115, 48.976275536099514], [2.300757671911104, 48.97616364524549], [2.3009579460241727, 48.976081811118874]]], [[[2.2990453441387624, 48.97585635651768], [2.298965774706617, 48.97584087390159], [2.298853987019785, 48.97587448223339], [2.298784932845247, 48.97588963572538], [2.29876466691457, 48.97589320420697], [2.29865868082432, 48.975911918595195], [2.2984662269570135, 48.97593030705799], [2.298466163849555, 48.97593498282902], [2.298318943118656, 48.975942035172935], [2.2983014491148763, 48.97594265224112], [2.2981265151254977, 48.97594837318931], [2.2979566387953616, 48.97595385370701], [2.297828854670311, 48.9759580516571], [2.2977073575890916, 48.975962016504106], [2.2973840047561143, 48.97597244269721], [2.2973508198057893, 48.97601208542773], [2.297601788225859, 48.97620257926693], [2.2977543155336537, 48.9763184873695], [2.297959985821233, 48.97647472325695], [2.2979928438125583, 48.97649973506325], [2.298162277609342, 48.97662833114814], [2.2982205174749892, 48.976635146549356], [2.2984401820072766, 48.976534096042165], [2.2985993715635287, 48.97646020879314], [2.298600196001512, 48.97645985391107], [2.2987900338263825, 48.97638236873522], [2.298849652999647, 48.976357807816996], [2.298949931640031, 48.97631666839829], [2.2991117462553996, 48.97625061934375], [2.299153093483398, 48.976233685119496], [2.299281115704602, 48.976181466802096], [2.2993023167472066, 48.976128804239885], [2.2990453441387624, 48.97585635651768]]], [[[2.2942651928853683, 48.977135038480824], [2.294447360060165, 48.97713017502111], [2.29444804305573, 48.977130179038454], [2.294537199642322, 48.977123779140065], [2.294678795668944, 48.97710869496121], [2.294681534970988, 48.977108171514104], [2.2948500007182617, 48.977076069313746], [2.2949436771456546, 48.977048653067406], [2.29501818939269, 48.97702409166599], [2.295162553467862, 48.97697611037361], [2.295355707141956, 48.97689640197024], [2.295368632729843, 48.97689018309922], [2.2954494889306605, 48.976851090727635], [2.295569570429677, 48.97679046663708], [2.2957358702427246, 48.976706373399644], [2.2959278899156272, 48.97660939166583], [2.295944266846631, 48.976600495217895], [2.2960528462021204, 48.97654178148959], [2.2961134374300682, 48.9765060768384], [2.296298926738455, 48.97639691620278], [2.2963023684503736, 48.9763949580273], [2.2964704662748243, 48.976278770806054], [2.296658418201018, 48.97614903104266], [2.2968975292649887, 48.97598389032747], [2.297018107243426, 48.975926684849256], [2.2970097891382784, 48.975885180310854], [2.2967962265457778, 48.975888604627464], [2.2963801023710775, 48.97595064116413], [2.2961320716570834, 48.9759874943518], [2.2959230521192753, 48.97601855099293], [2.295877031721894, 48.97603752497337], [2.2958689031114927, 48.97604260302677], [2.2958614623532854, 48.97604732541434], [2.295627590651059, 48.97609774954509], [2.2956260795609738, 48.97609837015211], [2.295446191239634, 48.97616718600325], [2.2953963433930102, 48.97618631716846], [2.2951998178133506, 48.97628318168514], [2.295032858673055, 48.97636556174537], [2.2949158204818096, 48.97642341551101], [2.2948698932612315, 48.97644553705156], [2.294808291426812, 48.976475120188], [2.2946389564893157, 48.97655128084773], [2.2944712675520957, 48.97662691139286], [2.294464671801473, 48.9766297502218], [2.294272951160592, 48.976684376359636], [2.2942597877029396, 48.97668798586798], [2.294199113800428, 48.97668942738848], [2.294181484119357, 48.97668995313305], [2.2941681378163907, 48.97668690704988], [2.294111068140299, 48.97667443124264], [2.293967405193958, 48.976600386160406], [2.2937648674062845, 48.976495959067336], [2.29370271338675, 48.9764857012708], [2.293508261322358, 48.97646989823147], [2.2933618754192167, 48.9764656187698], [2.2933002565730813, 48.976466244935786], [2.2933483430317954, 48.97652650872467], [2.2935384020336933, 48.976765032257255], [2.2936681539167934, 48.97692784255953], [2.2937301950690028, 48.97698665959771], [2.2937997910690076, 48.9770323919222], [2.293893212822078, 48.97707403794928], [2.29397510827996, 48.97709933950418], [2.2940159585223276, 48.977109112063545], [2.294046460225698, 48.977116395710695], [2.2941529609261924, 48.977130511308985], [2.2942651928853683, 48.977135038480824]]], [[[2.297629184672453, 48.976328455892045], [2.2975027582841707, 48.97623212445865], [2.297425414941202, 48.97617321972218], [2.29731507652401, 48.97608939205903], [2.2973141300739637, 48.97608866710839], [2.297168367355378, 48.97597774396603], [2.2971078751422414, 48.97598602237737], [2.297040594844598, 48.976001275187954], [2.2970002349066023, 48.976015876406755], [2.2969662596997047, 48.97603312288108], [2.2968267717097692, 48.976135000484625], [2.2966714188029544, 48.97624829539399], [2.2966525286104242, 48.97626122386513], [2.296507753484079, 48.976360012605326], [2.296479627225333, 48.976379091756755], [2.2963984874386805, 48.976429154109354], [2.2963659765978917, 48.976449196697565], [2.2963049502529196, 48.97648678736485], [2.296243373777163, 48.976524644549876], [2.296241444367122, 48.97652589219032], [2.2961779858713043, 48.97656149015544], [2.2961293943030796, 48.97658872230679], [2.2959804531824743, 48.97667219857061], [2.2959804596533617, 48.976691892344206], [2.296308512007142, 48.976940123851975], [2.296448063849446, 48.97704570588939], [2.2965835560066017, 48.977148476247834], [2.296634344132362, 48.97715075243101], [2.2967627844371776, 48.977057892856976], [2.2967765842354164, 48.97704763230486], [2.2969529832456788, 48.97691368784914], [2.2969949433845804, 48.97688183029731], [2.2969981192024806, 48.97687933099016], [2.2971352655992465, 48.97676889658521], [2.297274759106875, 48.976656587325714], [2.297434970148437, 48.976527493205026], [2.2976315027889966, 48.97636920582819], [2.297629184672453, 48.976328455892045]]], [[[2.300965984912496, 48.976967086521725], [2.300979091739925, 48.976845763256456], [2.3009841304076977, 48.97679615364892], [2.300990917125016, 48.97672829931297], [2.300951794538134, 48.97671188469937], [2.3008664579315976, 48.9767492460577], [2.300715438893871, 48.9768150906032], [2.3007355259167492, 48.97683499135164], [2.300779333735639, 48.9768788606741], [2.3007908754898834, 48.97690437691643], [2.300768331699166, 48.97692492840746], [2.3007644631131217, 48.97695862797999], [2.3006901896896634, 48.97695549722444], [2.3006874153724746, 48.97695862844853], [2.3005903828997916, 48.97707325748344], [2.3005853866864596, 48.97707907351916], [2.300520983418301, 48.97715459522939], [2.3005076532814095, 48.97717061418722], [2.3004643408689143, 48.97722188900074], [2.300461432344759, 48.977224839585034], [2.30041500588731, 48.97727402792843], [2.3004145924577797, 48.977274295294144], [2.300409764675476, 48.977328492296195], [2.300400098187917, 48.97743769555856], [2.300649967305335, 48.97744724591326], [2.3009130806731424, 48.977457322563325], [2.3009305555495922, 48.97729564820698], [2.300952097072512, 48.9770956891981], [2.300965984912496, 48.976967086521725]]], [[[2.2977653372000835, 48.976432937437885], [2.2976991166599845, 48.97643039152211], [2.297576748698209, 48.976529042940676], [2.2974661199143345, 48.97661823085647], [2.2973520381178156, 48.976710186135236], [2.2972467966822263, 48.97679490911031], [2.297181621975355, 48.97684632446522], [2.297110646770729, 48.97690238193006], [2.2969267222608725, 48.977047343367815], [2.2968058791677355, 48.97713404278136], [2.2966666927432824, 48.97723358381281], [2.2969848258191305, 48.97746826629585], [2.2970921431724958, 48.977371595645074], [2.297130789940638, 48.97734232648607], [2.2971412797355337, 48.97733438456689], [2.2971585334325177, 48.977321266590124], [2.2972571650357625, 48.97725062333431], [2.2972575784813323, 48.97725035597946], [2.297382170046217, 48.977159181795905], [2.2975026279608177, 48.977070591113964], [2.297498168806434, 48.97706696797148], [2.297694649666487, 48.976932870269486], [2.2976957509602336, 48.976932247237585], [2.297830837754296, 48.97685282435898], [2.2979617946120814, 48.97677571522188], [2.2980693411999, 48.97671240743347], [2.2980717471991468, 48.97666575006857], [2.297916648315575, 48.97654793892562], [2.2977653372000835, 48.976432937437885]]], [[[2.299428240836988, 48.976262629865914], [2.2993276747534357, 48.976244057317345], [2.29917202305968, 48.97630897363535], [2.298970209946059, 48.97639322378448], [2.298792301209839, 48.97646745172734], [2.2987653740510194, 48.97647871488012], [2.2987013544615422, 48.9765054082448], [2.298695719992954, 48.976507893222575], [2.2986144970155618, 48.97654401808412], [2.298443802666295, 48.97662008620414], [2.298325469695294, 48.976672899851266], [2.2982917968287904, 48.976687990241906], [2.298296345261216, 48.97669512098097], [2.29825747557595, 48.976710630589274], [2.2982201181589197, 48.97672542962683], [2.2981805120163123, 48.976744891632414], [2.2981324677187374, 48.97677212778734], [2.29789524821452, 48.97690850569005], [2.2978281999476105, 48.97694696112182], [2.2977281066719013, 48.977004557077116], [2.297735142991362, 48.97700954418472], [2.2976798062291808, 48.97704060426452], [2.2976696225791056, 48.97704612003118], [2.297495671846828, 48.977160745833835], [2.297495603789317, 48.977165781273186], [2.297270177557427, 48.9773390065742], [2.2972699007108806, 48.977339274729324], [2.297048105635391, 48.977526729119226], [2.2970064502188197, 48.97756632206486], [2.29699425100091, 48.97758954131259], [2.296976918821446, 48.977658952255844], [2.297014087108595, 48.97767841417297], [2.297044147748866, 48.97767796085981], [2.2974142257386836, 48.97752653603962], [2.297491837501527, 48.97749497706928], [2.297740472325232, 48.97739364792934], [2.297828800424601, 48.97735756526882], [2.298099271036899, 48.977247640409644], [2.298184716696954, 48.97721252980071], [2.2984850025624435, 48.977089829208076], [2.298529785053733, 48.977071476486536], [2.298888170741296, 48.97692537424792], [2.298937622769442, 48.97690516022671], [2.299100261248007, 48.9768389361771], [2.2993067202196715, 48.97675471297434], [2.299342846752983, 48.97673999633634], [2.2995109832601894, 48.9766711959953], [2.2996655210250765, 48.976607891414645], [2.2996873121597385, 48.97654183332163], [2.299553333874509, 48.97639734974346], [2.299428240836988, 48.976262629865914]]], [[[2.2964867682061874, 48.97723423728923], [2.2965007284629766, 48.977202035844336], [2.2962202984822797, 48.976987896423175], [2.295903229084169, 48.97674575417739], [2.295848694601029, 48.97673770044234], [2.2956972157189206, 48.976816845015705], [2.2956476869675577, 48.97684263265395], [2.295527577408685, 48.976905324946664], [2.2955164434606092, 48.97691038532272], [2.2953649732498707, 48.97697873843486], [2.295338171929933, 48.97699072096373], [2.295313429332058, 48.97700199617533], [2.2950742803830226, 48.97708862826894], [2.2950329579768165, 48.977103582865766], [2.294895969802161, 48.97714153567756], [2.294824732083486, 48.97715631435022], [2.2947143122582405, 48.97717931562327], [2.2945644651760477, 48.97719839797688], [2.294524917197967, 48.97720338108075], [2.2943840064255996, 48.97720821757904], [2.2943093829194, 48.97721074613334], [2.2941433660831625, 48.977203294674666], [2.294142137910753, 48.97720319752181], [2.294048006531984, 48.977193650998736], [2.2939614333384015, 48.97718082163787], [2.2938988714773263, 48.97721057849574], [2.294094068907621, 48.97745335771965], [2.2942324384716986, 48.97762566019491], [2.294246143395554, 48.97764255693002], [2.2942671002219504, 48.977668668747405], [2.294316940306301, 48.9777307408973], [2.294438941399171, 48.97788118477822], [2.294470881537193, 48.9778932428292], [2.294692720811379, 48.977844278972654], [2.2948444675415476, 48.977806143389294], [2.29503720525278, 48.977757367519466], [2.2950415947705696, 48.977756044431636], [2.29523647134374, 48.977700626313], [2.2954424608942356, 48.9776416761247], [2.295492710170554, 48.97762326672128], [2.29559004974831, 48.97758768825963], [2.295759603973799, 48.97752573586226], [2.295999451406228, 48.977438027424164], [2.296014141889809, 48.97743262817555], [2.296026780936054, 48.977427396737106], [2.296150961309253, 48.97737686782414], [2.2962674480332175, 48.97732953096946], [2.2963755569353026, 48.977285472108065], [2.2964867682061874, 48.97723423728923]]], [[[2.30087329742766, 48.97624075608962], [2.3008412735182495, 48.97621458090063], [2.300479200416725, 48.97636138691297], [2.3003484373270364, 48.97641430991446], [2.3002665713936277, 48.976447554517314], [2.300234978462073, 48.97646040944307], [2.3001761927279847, 48.97648398672406], [2.300118777759011, 48.97650721227128], [2.3000480352740684, 48.976536115266185], [2.3000272952065495, 48.97654444725547], [2.2998864735654228, 48.97660369577733], [2.299843332341551, 48.97662196866271], [2.299696638989693, 48.97668100283504], [2.2996508986373385, 48.976699530253384], [2.299601587315266, 48.97671947561429], [2.299525491477538, 48.976750235479685], [2.2992450099276933, 48.97686343234022], [2.2991860830528896, 48.97688727808486], [2.2991793521406065, 48.97689002645566], [2.2990590042750716, 48.976940311121105], [2.29903894688127, 48.97694864692743], [2.2989477396143565, 48.97698561291356], [2.298673835344152, 48.97709713828088], [2.298482761701266, 48.97717488578668], [2.2982496537420056, 48.97726974273502], [2.2981313810197657, 48.9773179703122], [2.298015858289745, 48.977364864980515], [2.2978962130620477, 48.97741353392018], [2.297779452003553, 48.9774610505905], [2.29758137018822, 48.97754163324329], [2.2975495002966695, 48.97755466568581], [2.2974335642836956, 48.97760173722016], [2.2973122690343013, 48.97765111531389], [2.297007864538774, 48.977774867911634], [2.296994810784873, 48.97781076166071], [2.2970193680349533, 48.97789399685592], [2.2970124224419064, 48.977902499085545], [2.2970067078629715, 48.97792099027279], [2.2970069737683922, 48.97792153138486], [2.2970296138400603, 48.97797481010431], [2.297031460587714, 48.97797967690997], [2.2971771132321432, 48.97792738435333], [2.297476988256924, 48.977825456739964], [2.297527767595457, 48.977808218627914], [2.297548902572582, 48.97780105842111], [2.2976027186761483, 48.977781499994315], [2.2976480205316676, 48.97776521893909], [2.297725859543115, 48.977737078327536], [2.297761688493153, 48.977724248868654], [2.29796485709585, 48.97765142930469], [2.2980533991748664, 48.977619754094235], [2.2980844190198817, 48.97760896468589], [2.2982057492679826, 48.97756704984692], [2.2982646324453913, 48.977546531584885], [2.2983274939764247, 48.97752477760657], [2.298358514921803, 48.97751389820783], [2.2984461537276686, 48.97747826069445], [2.2986767816276106, 48.97738500754107], [2.2988733452096652, 48.97730540338906], [2.299146827014116, 48.977194864297935], [2.2991552080717548, 48.97719131623989], [2.299258390605346, 48.977147675635564], [2.2993727041568675, 48.97709915404581], [2.2994401645592575, 48.97707059199204], [2.2996307299748295, 48.97698987244968], [2.2997137299373587, 48.97695366736372], [2.299837960100973, 48.97689908827429], [2.2998819344708057, 48.97687983107456], [2.2999363423688206, 48.976856767947275], [2.2999794837548744, 48.97683849503245], [2.3000693894326303, 48.97679666468076], [2.300224730939414, 48.976724371510215], [2.3003459790702983, 48.976667975978685], [2.300434370689707, 48.97662694585017], [2.3004721759238436, 48.976609271115116], [2.300475474843976, 48.97660776161686], [2.300514110527563, 48.97658928238016], [2.3005795581844635, 48.97655792024561], [2.300641431237341, 48.97652824582192], [2.3007914426371516, 48.97645601075754], [2.3008539186829786, 48.976422113229575], [2.3008334864013005, 48.97635679799669], [2.300840682894615, 48.97630926924087], [2.30087329742766, 48.97624075608962]]], [[[2.292208915906328, 48.97632411220479], [2.2918595474741585, 48.976298579537755], [2.2917973529727282, 48.97636152011565], [2.291793893861031, 48.97646500428689], [2.2919176761528846, 48.97647391830007], [2.2921150171119753, 48.9764882122309], [2.292206044300294, 48.97649486434466], [2.2923120837604607, 48.976502594143646], [2.292418262297836, 48.97651014481746], [2.292452638339654, 48.97651376477468], [2.2924821042215027, 48.976516816205276], [2.2925190707283973, 48.97652081112612], [2.2925282166393157, 48.9765213146982], [2.292649420970374, 48.97652895378845], [2.2927797761469186, 48.97653673663482], [2.2929157220757754, 48.976545271701916], [2.2929269145115203, 48.97654596715891], [2.2930225612225104, 48.97666496316847], [2.2931129788737743, 48.97677673421016], [2.2932514897641005, 48.976948319383105], [2.2933686429421893, 48.9770932504592], [2.2934531323866207, 48.977199051170736], [2.293452992120366, 48.97719932012166], [2.2935730367407334, 48.97735272100447], [2.2936707901453923, 48.9774777538175], [2.293692960132299, 48.9775050419188], [2.2934154187336753, 48.97760169615346], [2.2934109546150703, 48.977648700988055], [2.2934116461678316, 48.977688272359245], [2.2934134131018835, 48.97777937747183], [2.2934189807267247, 48.978063215634435], [2.293810293218471, 48.97799888508951], [2.294057840065277, 48.9779582569814], [2.294317163525296, 48.977915539429425], [2.2943293017544373, 48.9778969063028], [2.294192666661457, 48.97772758174186], [2.2940779270390887, 48.97758572325558], [2.293943176665686, 48.97741856765951], [2.29392060411407, 48.977390737678995], [2.2936991985558848, 48.97711632983532], [2.2936136306192028, 48.97700944383113], [2.293498650298928, 48.97686542504118], [2.2933608364725977, 48.97669276514113], [2.293269763566284, 48.976578922126365], [2.2932250321754335, 48.97652308444051], [2.2931369050830774, 48.976413665024104], [2.2930779753292865, 48.976387329186295], [2.292805983170844, 48.97636765081908], [2.292544911636287, 48.97634857579766], [2.292208915906328, 48.97632411220479]]], [[[2.2990599797463958, 48.97835709497379], [2.299069369106216, 48.978268663083405], [2.2990784658288206, 48.97818166828438], [2.2990905302138827, 48.97806708366399], [2.299093522155112, 48.978037695479586], [2.2991019814501583, 48.977957441355386], [2.2991112377028435, 48.9778687388748], [2.299118769423367, 48.977796482696284], [2.2991219027839396, 48.97776673562776], [2.29912549929362, 48.97773303453751], [2.2991482066246243, 48.97751806512459], [2.2991195403984412, 48.97750629722604], [2.2988389524611335, 48.977616884621014], [2.298806263235868, 48.97762991260571], [2.2988991870214712, 48.97772910416546], [2.298910500170926, 48.977741130394435], [2.2989235636661425, 48.977755055290075], [2.2988548084948364, 48.97783900364884], [2.2988237668377947, 48.97785141178735], [2.298805911654844, 48.9778585014641], [2.2986638944762023, 48.97791486389873], [2.2986803208094946, 48.977932675281025], [2.2986812758051425, 48.97793277079007], [2.298678067458544, 48.97795793120007], [2.298670157344734, 48.97801768547394], [2.2986212819170815, 48.9780153314181], [2.2985917929834567, 48.97801390003284], [2.2985235322885305, 48.97801053332819], [2.29838523146497, 48.97800405917103], [2.2979886228579467, 48.977985552134946], [2.297974026456315, 48.97801433282931], [2.297970586428912, 48.97804650606127], [2.2979786208766435, 48.97809897970469], [2.297989996992148, 48.97812656351294], [2.2980312626797814, 48.9782270720339], [2.298093163331812, 48.97837769989325], [2.298150965646472, 48.97851823205605], [2.298198048230275, 48.97863316260044], [2.2982415026305696, 48.97865257096391], [2.2983179664101687, 48.97865553617875], [2.29857056214207, 48.978665916101086], [2.2987092866919494, 48.978671493251966], [2.2988452779940096, 48.97867714419164], [2.298982771961383, 48.978682803758474], [2.299028001839924, 48.978661755719834], [2.2990461724900757, 48.97848947463532], [2.2990599797463958, 48.97835709497379]]], [[[2.3023197968898237, 48.97816711199546], [2.302143419387648, 48.978015280868085], [2.3020502055340692, 48.97803892851802], [2.302028753731983, 48.978242664919414], [2.3020219874919374, 48.97830908052147], [2.3020194951465753, 48.97833190710494], [2.3020099258905953, 48.97842393516605], [2.30200412412488, 48.97847956530564], [2.3019940471928337, 48.97857887436552], [2.301985280413232, 48.97866200444832], [2.3020201895663304, 48.97868711694178], [2.3023164763260637, 48.97869945176956], [2.3024719939268077, 48.97870584164001], [2.302543539098002, 48.97870886548372], [2.3027456143862546, 48.97871732419883], [2.3027509865503113, 48.97871402818161], [2.3028763545397926, 48.97863580223761], [2.3028319660110514, 48.97860443004208], [2.3028302082625545, 48.97860307094373], [2.302758300172039, 48.9785456402298], [2.3027190010804164, 48.97851168973139], [2.3026486405067885, 48.97845094069669], [2.30250751366591, 48.97832917035466], [2.3023197968898237, 48.97816711199546]]], [[[2.3000361436949737, 48.977703190955864], [2.300044466090516, 48.977622846024346], [2.300049161081533, 48.9775785400926], [2.3000917217352614, 48.97755271000594], [2.3001258807186677, 48.977531956644334], [2.3001213813861487, 48.97753130091326], [2.3000757014332165, 48.977525009363646], [2.3000382017617556, 48.977519934564235], [2.299866528539884, 48.97749618149419], [2.2997996775789487, 48.97755046606371], [2.2997005094294347, 48.9776307302818], [2.299665152000234, 48.97765930005315], [2.2996315240700906, 48.97762034577513], [2.2996044890391576, 48.97758889380796], [2.2995602357876046, 48.97753755765554], [2.2995479370259826, 48.977497289083836], [2.2995459134711065, 48.977495388829304], [2.299504940842456, 48.9774540535533], [2.299427446611494, 48.977375635454315], [2.2992942898163395, 48.977433579132864], [2.2992908542094344, 48.9774350877995], [2.299262215603102, 48.97749220313156], [2.2992396489925, 48.977706903613694], [2.2992302515374803, 48.977795964993746], [2.299216147414296, 48.97793014151881], [2.299207713759861, 48.978008507364486], [2.2991961067353355, 48.9781195875758], [2.299190165390117, 48.97817521679712], [2.2991780130945716, 48.978286203878525], [2.299165680496146, 48.97840042721406], [2.2991469868987893, 48.978570996687935], [2.2991388832300887, 48.97864513791064], [2.299137476775745, 48.97865825882132], [2.299188070888614, 48.978685172373176], [2.2992531954866733, 48.97868816066991], [2.29937061005692, 48.97869361256662], [2.299565849756833, 48.97870239641876], [2.2995658473332985, 48.97870257625567], [2.2998898253195517, 48.97871795638492], [2.299934025013756, 48.97869222586753], [2.299945635433574, 48.97858078597071], [2.2999530222278977, 48.978509068501765], [2.299960263921693, 48.97843797965969], [2.2999648212445685, 48.97839376288645], [2.2999695381723138, 48.97834783845717], [2.2999799090863986, 48.97824727228128], [2.299987288519879, 48.97817609429876], [2.2999937369095322, 48.97811318403059], [2.3000012577505737, 48.978041647161355], [2.3000116491289346, 48.97793955233897], [2.300025922919634, 48.97780276888129], [2.3000361436949737, 48.977703190955864]]], [[[2.300887115284586, 48.977711930480204], [2.3008902125538944, 48.97768479100108], [2.3009005694601585, 48.97758512386857], [2.3008674023171203, 48.97756262901162], [2.300573425226535, 48.977551742828936], [2.300492591732813, 48.977548753558054], [2.300350178149368, 48.977543426707136], [2.300206507959409, 48.97763143514379], [2.300201788884873, 48.9776775394504], [2.300191255278182, 48.977780083110105], [2.300187491377947, 48.977816121315726], [2.300180883655529, 48.977880739266915], [2.3001742734953017, 48.97794553705088], [2.3001589939937213, 48.978096163176424], [2.300141562243256, 48.97826458198284], [2.3001267904347027, 48.97840792705312], [2.3001193821000516, 48.978481263072126], [2.3001121430394895, 48.97855217208399], [2.300097206615392, 48.9786975844394], [2.3001364159627955, 48.978727938255595], [2.3004883725658827, 48.97874536843515], [2.300742442772225, 48.97875791058875], [2.300779635385555, 48.97873510645846], [2.300795269861391, 48.978588439145796], [2.3008029395767107, 48.978515913951206], [2.3008105971746433, 48.97844428793603], [2.3008432173459545, 48.978131717008374], [2.3008592238438825, 48.97797767787759], [2.3008726829942487, 48.97785051162659], [2.300887115284586, 48.977711930480204]]], [[[2.30186203474495, 48.978215976024245], [2.3018721480917823, 48.978113969385916], [2.3018792396343173, 48.978043688873385], [2.3018933041765948, 48.977901778260026], [2.301930575785536, 48.97790352390172], [2.3020183657102438, 48.977907362006924], [2.301982848944845, 48.97787667057033], [2.3017348964369617, 48.9776632728677], [2.301698701835329, 48.97763221768984], [2.301612946391539, 48.97755833914992], [2.30153394386511, 48.977490255102424], [2.301170271140507, 48.977176364801075], [2.3011224675108544, 48.977134990274294], [2.301086301335736, 48.977142513159066], [2.3010806873157703, 48.97719427761734], [2.3010378165824124, 48.97758862144813], [2.301008773916275, 48.977858768551656], [2.3009917137355838, 48.97802008554786], [2.3009691999941757, 48.97823136934568], [2.300956182231826, 48.978356200069356], [2.3009430677136695, 48.97847806267094], [2.3009155182925576, 48.978738686130036], [2.300957883332504, 48.97876806888384], [2.3013293759999156, 48.97878552051102], [2.301461671129176, 48.978791776431144], [2.301515189520555, 48.97879433620925], [2.301577992128097, 48.97879730972138], [2.301666189722711, 48.97880142022254], [2.3017554825763207, 48.978805357183084], [2.3018054078991197, 48.978780468640515], [2.3018191344111805, 48.97864341214173], [2.3018434541726074, 48.97839913612784], [2.3018529088568074, 48.97830548874971], [2.30186203474495, 48.978215976024245]]], [[[2.295961804225826, 48.978331397473625], [2.296941175510158, 48.97800882322969], [2.2969357998665774, 48.97799215548431], [2.296919679037936, 48.97794170265272], [2.2969068419035015, 48.97790098103048], [2.2968791855823634, 48.97781458024928], [2.296862091663014, 48.977664394165224], [2.2968687703860855, 48.97759483086534], [2.296868784982972, 48.977593751843145], [2.296911069267115, 48.977537976014425], [2.296942089762884, 48.977506953631405], [2.296781553701224, 48.97738713088081], [2.296624667627694, 48.97727020692205], [2.296595571934088, 48.97727003630762], [2.2964889539648876, 48.97732507504312], [2.2963882275495884, 48.97736872768065], [2.2963871274481553, 48.97736926078177], [2.296370369765723, 48.97737599683516], [2.2961966177006343, 48.97744538929773], [2.2961175026250538, 48.977476938614316], [2.2960286766665656, 48.97750933014487], [2.295738312699442, 48.9776149969669], [2.2954579705920852, 48.97771694506858], [2.2954491854897383, 48.97772004086712], [2.2952786788766906, 48.97777155584991], [2.2952719586157513, 48.97777349473281], [2.2952339860773314, 48.97778316345937], [2.2950762024300766, 48.97782324242184], [2.294913483825061, 48.97786455112826], [2.2947489830462175, 48.97790629876407], [2.294665909900023, 48.9779273924736], [2.294580677914448, 48.97794649506595], [2.294575744404606, 48.97794763508646], [2.2945296023831565, 48.977955277182595], [2.2943343548405215, 48.97798758107813], [2.29427109728674, 48.9779980899327], [2.294092414835846, 48.97802779312243], [2.2939701427038575, 48.97804820603748], [2.2937606524674443, 48.978083033013235], [2.2935723828736174, 48.978114477496845], [2.2934202639263965, 48.97813965998669], [2.29341983761892, 48.978120773091746], [2.293419035122632, 48.978079312644795], [2.293411783015021, 48.97808016918308], [2.292497151870914, 48.97819132172141], [2.2933332687367685, 48.978539586306546], [2.293663163303453, 48.978682352766704], [2.2940832523785026, 48.978883471240366], [2.294762651823717, 48.97869106999333], [2.2954512131592515, 48.978487567932625], [2.295961804225826, 48.978331397473625]]], [[[2.306747449735524, 48.9789528324134], [2.306756692758135, 48.97889488392437], [2.3067589145203136, 48.97888194750104], [2.3067751463605877, 48.97878141473465], [2.306791961728845, 48.97867809763993], [2.30681206891363, 48.97855330736946], [2.3068451061115383, 48.97835017677919], [2.306855234485279, 48.97828728746513], [2.3068658074157296, 48.9782217928761], [2.3068800223815047, 48.97809831737816], [2.306880168576205, 48.97809759881887], [2.306910760783343, 48.977893374892844], [2.3069382239533236, 48.97770864668404], [2.306941830894442, 48.97768402792676], [2.3069503784821124, 48.97762697459369], [2.306962706740313, 48.97754251580777], [2.3069217734769807, 48.97752852069686], [2.306780979354678, 48.97762707485047], [2.306659217935909, 48.977712070162895], [2.306497605295709, 48.97782480179801], [2.3063963861380388, 48.97789570736147], [2.306294066691634, 48.977967146026465], [2.306138794966595, 48.97807550748001], [2.3060891525509257, 48.97811011141839], [2.305984768821821, 48.97818261697471], [2.3059253301887352, 48.97822444813097], [2.3058595513151396, 48.97827046906643], [2.305777778723366, 48.978327458240315], [2.3056757331844415, 48.978398718092976], [2.305675717770904, 48.97843055162697], [2.3057793012559866, 48.97849985421298], [2.3058985916780776, 48.978579678944676], [2.3060268166440157, 48.97866567017006], [2.3061490866959575, 48.97874749023367], [2.306262687704396, 48.97882377457685], [2.3063406778254563, 48.97887620249567], [2.306337368131071, 48.97887852141854], [2.3064076451769644, 48.978925419236454], [2.3064128793262983, 48.97892221218456], [2.306527299529236, 48.97899859092217], [2.3065631817287024, 48.97902262859166], [2.306566297234093, 48.97902462496093], [2.306681794065698, 48.979092017222705], [2.306733492086869, 48.97905697532071], [2.306733960669301, 48.97905257168298], [2.306740941298607, 48.9790003653528], [2.306747449735524, 48.9789528324134]]], [[[2.30581708645477, 48.97861661629864], [2.305782836911941, 48.97859312739468], [2.305720428601444, 48.97855041130514], [2.3056925406271653, 48.978531365541286], [2.305613073072335, 48.978477130115216], [2.3055600904045086, 48.978475384594596], [2.3054723639330246, 48.97853827416682], [2.3054051917938403, 48.97858626513789], [2.305533877792813, 48.9786581412651], [2.3055759160593947, 48.978681495477296], [2.3056208002108938, 48.97870657473164], [2.305627173721339, 48.97871011871842], [2.3056654123999336, 48.9787315624687], [2.305648574997421, 48.978744324349684], [2.3055834349901634, 48.97879358613099], [2.3056334811879564, 48.978861769552275], [2.3056357842326154, 48.97886322169063], [2.305713156823294, 48.978910700544674], [2.3057113617536524, 48.97891212896227], [2.305763650349031, 48.97897609880289], [2.3057599248049443, 48.97897886493032], [2.305898496810484, 48.979139194542796], [2.3059671256005103, 48.9792072155441], [2.3059625816228118, 48.97920988701664], [2.3060430877541656, 48.979288767736584], [2.306044031982968, 48.979289672453085], [2.3060836007896044, 48.979334324505146], [2.3061227634498715, 48.979378704416376], [2.306237023709442, 48.979508048526405], [2.3064029668383927, 48.97971619620213], [2.3064039074814655, 48.979717370670755], [2.3064364728095277, 48.97976476977713], [2.3064749384902785, 48.979820476117844], [2.3065195681760744, 48.979885210612736], [2.3065446325080616, 48.979921415573955], [2.3066056092974154, 48.980010164669444], [2.3066306886401886, 48.97984044064159], [2.306640755329823, 48.97977197570135], [2.3066655264456246, 48.97960485768399], [2.3067188515397414, 48.97924303632046], [2.306708302170403, 48.97921455892134], [2.3066535960516923, 48.97917809271914], [2.3065441828448567, 48.9791052501546], [2.3065122261321953, 48.97908393293819], [2.306458469319686, 48.97904801168156], [2.3064083696973228, 48.9790144496064], [2.3063670714085194, 48.97898678355496], [2.306318599152122, 48.97895413010408], [2.3062534722910093, 48.9789103194853], [2.306231401485147, 48.97889553399367], [2.306201341880103, 48.97887539669143], [2.3061639717119866, 48.97885027119695], [2.306169385685139, 48.97884382787938], [2.306128091260445, 48.978815891985704], [2.306125637195394, 48.97881551808863], [2.3061031371989396, 48.97881242039777], [2.306070648838844, 48.97879002087495], [2.306030443736736, 48.97876236102364], [2.3059643803459147, 48.97871710601184], [2.3058927631656414, 48.97866831173186], [2.30581708645477, 48.97861661629864]]], [[[2.305533094703266, 48.978573606786185], [2.305559950598466, 48.97856764732923], [2.305586250964423, 48.97858281713744], [2.3055895362965004, 48.97859254810728], [2.3055873302237235, 48.978594064069625], [2.305579049941437, 48.978600310918786], [2.305533094703266, 48.978573606786185]]], [[[2.2984247754332654, 48.978748334587536], [2.2982594276149224, 48.97874152225994], [2.298232057786366, 48.978755120750826], [2.298300394662798, 48.97892494021044], [2.298739353356879, 48.98001731391675], [2.2988839228726214, 48.980025352992314], [2.298894258620289, 48.979927574537356], [2.298997301942521, 48.97895266523768], [2.2990055946126113, 48.97887465835173], [2.299008732953986, 48.97884455164255], [2.2990136104126884, 48.97879691961825], [2.2989714941865986, 48.978769426062485], [2.2986865180018317, 48.97875921738556], [2.2985502545090197, 48.978753474750306], [2.2984247754332654, 48.978748334587536]]], [[[2.299244273587287, 48.9787926020123], [2.2991654982053724, 48.97878881455475], [2.299120344248477, 48.978814359362715], [2.2990932660714827, 48.979059607868145], [2.2990879570212353, 48.97910885602076], [2.2990877925269095, 48.979110923346056], [2.2990759639335834, 48.97921813534303], [2.299064005962448, 48.979324807019495], [2.2990519873084705, 48.97943597460326], [2.299042023394327, 48.97952647132503], [2.2990300361774265, 48.97963530100799], [2.2990254949284883, 48.97967825883707], [2.2990146215420286, 48.97977540470468], [2.298999961409646, 48.97991020719015], [2.2989968460417844, 48.979938605420486], [2.298978012304429, 48.98010935365988], [2.2990432258434894, 48.980166657523824], [2.2991889105031746, 48.9801730840868], [2.2992596366475713, 48.9801761950148], [2.299746934493969, 48.9801978349714], [2.29978008943457, 48.98018076282924], [2.2997893703656, 48.98009017219656], [2.2998038170687125, 48.979950782206984], [2.299817784828275, 48.979816515151825], [2.2998325687912162, 48.97967236104396], [2.2998424117096143, 48.9795806046143], [2.2998513986221822, 48.97949154094368], [2.2998649175598103, 48.9793601488219], [2.299878569400028, 48.97922902723488], [2.2998887931606844, 48.97912926961859], [2.2999065464642845, 48.97895734576134], [2.299917545184726, 48.978850758301846], [2.2998798070204662, 48.978822751067256], [2.2995933737708025, 48.97880911887418], [2.2995480456148933, 48.978807055690794], [2.29936728550212, 48.97879835638518], [2.299244273587287, 48.9787926020123]]], [[[2.300754184972346, 48.978981803607105], [2.300764219592607, 48.97888582167156], [2.3007629877389673, 48.97888599434197], [2.300730113598775, 48.97886197245346], [2.3004249676227624, 48.978848053313136], [2.3001217306290673, 48.978834414309866], [2.3000852315725595, 48.97885641295331], [2.300082620360362, 48.97885756674914], [2.300072035649192, 48.978953725278835], [2.3000560991735512, 48.979102369058026], [2.300036874912755, 48.97928210784438], [2.3000300093494808, 48.979345555164855], [2.3000259829127168, 48.979380782452594], [2.300014835587049, 48.979488268255714], [2.3000013872351377, 48.97961444511264], [2.299988232617985, 48.97973909493518], [2.299981038013078, 48.979806676875945], [2.2999777623594633, 48.97983687270453], [2.299974376739635, 48.97986508953116], [2.299971391246722, 48.9798940280953], [2.2999592847792267, 48.980011849667996], [2.2999571336939093, 48.98002955242097], [2.2999443608306067, 48.98015627270327], [2.2999408903911176, 48.980190783803536], [2.2999614306329357, 48.980207539868644], [2.300007995547377, 48.98020916047572], [2.3002904834829425, 48.980222139125004], [2.3004206012678523, 48.98022802376248], [2.3004842263993157, 48.98023091270487], [2.3005082818196714, 48.98019966901504], [2.3005339678891734, 48.98017922587483], [2.3005679591432373, 48.98016089943712], [2.300629393883138, 48.980143812094624], [2.300649087939643, 48.97995948991195], [2.300659073336716, 48.97986719472628], [2.3006696861850426, 48.9797688781864], [2.3006831039179896, 48.97964485931406], [2.300696567560465, 48.97951742352681], [2.3007084013476917, 48.97940958197137], [2.3007185860476524, 48.97931261177203], [2.3007380835906677, 48.97913269463735], [2.300754184972346, 48.978981803607105]]], [[[2.301224205748512, 48.97888544462039], [2.3009411820576213, 48.978872195213874], [2.3008989229804926, 48.97889586911941], [2.300893360592031, 48.97894376699058], [2.300886187835548, 48.9790098204227], [2.3008802530354373, 48.97906509000745], [2.300874318222705, 48.97912035958903], [2.3008538684757394, 48.979310162996335], [2.3008443211671485, 48.979400392511764], [2.3008345018243634, 48.97949053050802], [2.3008210590905507, 48.9796164377014], [2.300805611789534, 48.9797593291003], [2.3007902949617463, 48.97990267086606], [2.3007893507259265, 48.979911927679815], [2.3007789037142663, 48.980008086972845], [2.300763590368699, 48.98015115894667], [2.300799739159019, 48.980165398011344], [2.3008428282492117, 48.980191817442424], [2.300869217423605, 48.98022065744108], [2.3008828876251335, 48.98025050241293], [2.301023647624539, 48.980257437596165], [2.301199361031453, 48.98026592511358], [2.301421356630439, 48.98027675018742], [2.301603488303669, 48.98028545433894], [2.301645722817386, 48.98026366850127], [2.3016611679585313, 48.98012077706194], [2.301673667124084, 48.98000394681727], [2.3016808402252305, 48.97993780348143], [2.3016880398868285, 48.979869681936805], [2.3017036371058817, 48.97972562229532], [2.301718478726316, 48.97958695376023], [2.30172238675529, 48.97955028693291], [2.301724421151035, 48.97953105473229], [2.3017537741055216, 48.97925794216211], [2.301765193410613, 48.979150277927566], [2.3017878397103515, 48.978939084876295], [2.3017528422158646, 48.97891037478781], [2.3015431346474577, 48.97890052108358], [2.3013809387023665, 48.97889292208735], [2.3012994333536976, 48.97888894028307], [2.301224205748512, 48.97888544462039]]], [[[2.3027704467250936, 48.98033891386401], [2.3027717651568094, 48.980322105485286], [2.3028842719427587, 48.98032707575913], [2.3029074249637054, 48.98032226441008], [2.302927211905054, 48.98030358499179], [2.302945630142212, 48.98031565208906], [2.303063270187569, 48.980223083008795], [2.303025363784954, 48.980197234046905], [2.3029674216444147, 48.98015768992423], [2.3027926467410342, 48.980038512311495], [2.302732661884627, 48.979998506568194], [2.302714752260963, 48.97996890693964], [2.3026463008316727, 48.97985736124687], [2.3025764610768404, 48.97980857536303], [2.302604722352993, 48.979789585556105], [2.302627613350951, 48.979804286549104], [2.3026831465932727, 48.97984003998326], [2.302772819753222, 48.97996852505112], [2.3027726590214734, 48.97997032262465], [2.3028444333836724, 48.98001750097085], [2.302842228376479, 48.9800189269623], [2.302906132730934, 48.980062102814294], [2.302908063318273, 48.98006076515241], [2.3029259555388792, 48.98007130046784], [2.3030541792664834, 48.98015729475012], [2.3030790445465983, 48.98016742092673], [2.303087283179305, 48.98016432140205], [2.3031164306818175, 48.98018112692566], [2.303258651356511, 48.98006891685811], [2.3032879278359317, 48.980045526448585], [2.3033528393527414, 48.97999320716018], [2.3033879195136984, 48.97996490453311], [2.303502963659899, 48.9798722300003], [2.303544396230445, 48.97983883846079], [2.30364618106368, 48.97975687784877], [2.30364714814928, 48.979756074134094], [2.3036980954958564, 48.97971608329184], [2.303705828553373, 48.97970992332578], [2.3037389645287902, 48.97968394736624], [2.30373951697544, 48.97968350094572], [2.3038136608726356, 48.97962520997942], [2.3038880742019208, 48.979567190304785], [2.3039286625638105, 48.979535592235166], [2.304022542896813, 48.97946230818575], [2.304019437870859, 48.97942892784041], [2.3039388477429257, 48.979376932971405], [2.303924219628076, 48.9793674958457], [2.3038550057519607, 48.97932294081393], [2.3038134257319047, 48.979295991653416], [2.303773603550705, 48.97927040156152], [2.3037157683638596, 48.979233106519914], [2.3036913891134785, 48.97921731798294], [2.303634100463187, 48.97918002607187], [2.3035659023549706, 48.979131070412166], [2.303483900869452, 48.97907232261456], [2.3034495323473076, 48.979047573402845], [2.3034040671593234, 48.97901493622694], [2.3033083992047554, 48.97894639698741], [2.303169026788342, 48.97884639965249], [2.303137228717948, 48.97882355371124], [2.3029865052697978, 48.97871431780653], [2.3028337119178164, 48.97881036956834], [2.302698540661771, 48.97880463799681], [2.3025592737405725, 48.97879870260915], [2.3025200902248044, 48.97879685612594], [2.302427927445728, 48.97879299297104], [2.3023348096622556, 48.97878903426542], [2.3020146300504165, 48.97877557128422], [2.301967718564994, 48.978799847972645], [2.3019565560573096, 48.97890877271018], [2.3019554549135024, 48.9789195573606], [2.301941493986642, 48.97904357328002], [2.301920545359339, 48.97924029821713], [2.301906319638204, 48.97937384465247], [2.301903643484019, 48.97940017723395], [2.3018975574152094, 48.97945661499314], [2.3018898902961364, 48.97952905027519], [2.3018825193149803, 48.979599778692275], [2.3018639538987835, 48.97977160804962], [2.3018387050069102, 48.98000364849484], [2.301814670747719, 48.98022661349198], [2.3018101546992535, 48.98026786295407], [2.3018529663415044, 48.98029464010297], [2.3021138748287706, 48.98030721908518], [2.302305698621437, 48.98031651810631], [2.3025256479659175, 48.98032714938164], [2.302663134634314, 48.98033370390479], [2.3027704467250936, 48.98033891386401]]], [[[2.3020554115354472, 48.98037774013698], [2.301841333789303, 48.98036732202384], [2.3017969014693924, 48.98038999439001], [2.3017873918386442, 48.98047752633925], [2.3017727423238137, 48.980612059319576], [2.301765089356447, 48.980683415495356], [2.3017574593205157, 48.980753063218145], [2.3017524644964786, 48.980799435615126], [2.301731588138485, 48.980990675179534], [2.3017261242439333, 48.98104145117502], [2.3017032156386237, 48.98125174302436], [2.3017437804645633, 48.98126277017907], [2.3019103064308117, 48.981131639096915], [2.302008897596761, 48.981053887848375], [2.3021809469569985, 48.980918292244496], [2.302191992796618, 48.980909633742634], [2.302227756046483, 48.98088142537076], [2.302308670816784, 48.980817689319615], [2.3023586555233178, 48.98077832295263], [2.3024815455049605, 48.980681558511726], [2.3025758542527703, 48.98060719903655], [2.3028053423387713, 48.980426254344735], [2.3027958409985505, 48.98041145136642], [2.30259008035672, 48.98040225195949], [2.3025772452543065, 48.98040172771282], [2.302501194519979, 48.98039831800899], [2.3023886888233744, 48.98039325745787], [2.302210235392895, 48.980385295301005], [2.3020554115354472, 48.98037774013698]]], [[[2.308910931982721, 48.98022283228361], [2.308808283415638, 48.98013402415204], [2.308807470947206, 48.98013347991882], [2.308692618068173, 48.98004810844574], [2.308600762640126, 48.97997986529171], [2.308509305310044, 48.979912523609705], [2.308413523473609, 48.97984164983249], [2.3083820016846635, 48.979818357285794], [2.308224020616116, 48.97970935607651], [2.308073218069918, 48.97960507216956], [2.307919434753782, 48.97949897235475], [2.3078984536732152, 48.97948437331992], [2.3077809507379636, 48.97940330203388], [2.307533088306569, 48.97923209233626], [2.30744563955767, 48.97917169717681], [2.307332735851646, 48.97909415906386], [2.3072027773585506, 48.979004742109716], [2.307136115697791, 48.97900426716849], [2.307032648367466, 48.979069494911705], [2.306930696616879, 48.97913374214008], [2.306875035918416, 48.979168851152934], [2.306865291322353, 48.979182463510014], [2.306859293508477, 48.97922244566125], [2.306844914306931, 48.97931723387675], [2.3068422299679088, 48.97933412434104], [2.3068144935859363, 48.979518760748554], [2.3068080415045964, 48.97956206749914], [2.3068074411152226, 48.97956611067186], [2.3068071439186015, 48.9795679074621], [2.306792903530978, 48.979662516593095], [2.3068371988971133, 48.979752338223015], [2.3069282079880775, 48.97982237637506], [2.307031650787027, 48.9799128094078], [2.3070822824089516, 48.9799680462681], [2.307108676130539, 48.97999679498178], [2.30710921536535, 48.979997337648484], [2.307222239103996, 48.98015823737076], [2.3073194518229623, 48.98029593485675], [2.307464930945894, 48.98050243397382], [2.3074984503972176, 48.98055010803256], [2.307510932156698, 48.980577157672776], [2.3075542193733742, 48.98067101976697], [2.307567762913178, 48.980700413583975], [2.307588745722378, 48.98074567718622], [2.3076480942262583, 48.980813283831246], [2.307698986159826, 48.9808593495013], [2.307749205916473, 48.98090460194106], [2.307749475541977, 48.98090487327273], [2.3078146996609483, 48.98095192084581], [2.3078558385252683, 48.980981473844764], [2.3080526046920085, 48.9811226225715], [2.308149365015452, 48.981191973455054], [2.308189963804365, 48.98122107358968], [2.308384158922261, 48.98136049832431], [2.308493909129593, 48.981439365945356], [2.3086023091122065, 48.98151705664871], [2.308645885141943, 48.98154833198101], [2.3087168953171613, 48.98155080947578], [2.309423228184325, 48.98117035745356], [2.309551751235057, 48.98110113542265], [2.3096592209931606, 48.981043212602366], [2.309713850312829, 48.981013761713506], [2.309722057168402, 48.98100274813405], [2.3096679611139264, 48.98095090968612], [2.309577179282055, 48.98086333960517], [2.309486530781032, 48.98077603998977], [2.3093555479965806, 48.980650020077036], [2.3092247048457173, 48.9805238209562], [2.3091273119920848, 48.98043009750284], [2.309028302909911, 48.98033465607006], [2.3090106332385196, 48.98031755841045], [2.308924977749863, 48.98023505311657], [2.308923491806171, 48.98023378560197], [2.308910931982721, 48.98022283228361]]], [[[2.3034579482791977, 48.9813860413146], [2.3025321485823285, 48.98087096568621], [2.3023765185471636, 48.980994607288785], [2.3023356428130954, 48.98102710238376], [2.3022955963420224, 48.98105888288479], [2.3022171570563135, 48.98112137436002], [2.3021504598151523, 48.981174222156994], [2.3021312645834553, 48.98118948771662], [2.3020731251357853, 48.9812358207062], [2.30215379355002, 48.98128206196919], [2.302259140476981, 48.98134220528345], [2.302469699658332, 48.98146240091165], [2.302697612100284, 48.98159267872358], [2.3027199816021517, 48.98160557813301], [2.302977997505898, 48.98175284637728], [2.303048500042914, 48.9817931827998], [2.3031363563504206, 48.98184351176215], [2.303222452547048, 48.98189266140581], [2.3033456985212224, 48.98196306922656], [2.303398744930597, 48.9819603198088], [2.303509009655297, 48.98186779751582], [2.303670676539227, 48.98173204968134], [2.3038059487565987, 48.98161862975004], [2.303805278145633, 48.98157690054728], [2.3036114744025937, 48.9814702933519], [2.3034579482791977, 48.9813860413146]]], [[[2.301053271837681, 48.9803301799849], [2.300880012335818, 48.9803220662579], [2.3008724395799187, 48.980336590034895], [2.300845306446295, 48.98036304981046], [2.300808109067869, 48.98038612368121], [2.3007726779707744, 48.98039976567155], [2.300739506376601, 48.98040793537473], [2.3007365612013326, 48.980433906638716], [2.300726642372069, 48.980521256274685], [2.300712653886456, 48.9806470702304], [2.3006957334251403, 48.980797866322526], [2.3006890667785176, 48.980856728554414], [2.3006828268826367, 48.980914334315905], [2.300678803186596, 48.980949381737084], [2.3006677742364, 48.981048145370835], [2.3006548857181994, 48.98116326456], [2.3006413841542606, 48.98128332605307], [2.3006281775288073, 48.981401770595724], [2.3006143554290674, 48.98152533727668], [2.3006022344324024, 48.981634166115796], [2.300602084510928, 48.981635154419685], [2.300593079153119, 48.98172565665839], [2.3005842043250526, 48.98181660927618], [2.3005735883472713, 48.98192526700747], [2.3005419808341934, 48.98224350796376], [2.30057196892768, 48.98225879024316], [2.3005751231202507, 48.98225790938082], [2.300805572404381, 48.982037047514055], [2.3009168429427214, 48.981941206210905], [2.3010361320776083, 48.98183830742423], [2.3011378655541876, 48.98175059353329], [2.30117131723567, 48.98172165262354], [2.3012369728525672, 48.98166511238535], [2.301273050255747, 48.98163393860835], [2.301358112835177, 48.98156672030338], [2.301522156381528, 48.98143746375971], [2.301539767311623, 48.98127579071466], [2.3015548225498796, 48.98113145834656], [2.3015581167028714, 48.98109982381938], [2.3015734825165075, 48.980952705549086], [2.3015769241310133, 48.980920262546846], [2.3015842787987495, 48.98085079309238], [2.301589284652621, 48.98080361144002], [2.3015916358634474, 48.98078114379632], [2.301596054186946, 48.98073701618146], [2.301600587362205, 48.98069450788935], [2.3016051350294657, 48.980650920575705], [2.301609525540086, 48.980608861076064], [2.3016142061757647, 48.980565544308824], [2.3016185906305533, 48.98052393439707], [2.3016330373814036, 48.98038418457074], [2.301632631182796, 48.98038391242989], [2.3015909366080676, 48.98035534320065], [2.301406753159912, 48.980346806934186], [2.3013230585982485, 48.98034290234103], [2.301224620095797, 48.980338192402776], [2.301053271837681, 48.9803301799849]]], [[[2.3097494366093514, 48.98102943361908], [2.309748761920918, 48.98102880026035], [2.309221846353781, 48.981314517151304], [2.3087441929336863, 48.98157335814744], [2.308735607854152, 48.98161278583629], [2.308802326910762, 48.98166056084656], [2.3088587592880994, 48.981701082538585], [2.308951190846076, 48.981767350330166], [2.3090962661236456, 48.981871420040044], [2.3093109021454947, 48.98202543883282], [2.3093972434575623, 48.982087444707716], [2.3093985880741354, 48.98208907110088], [2.309455451572019, 48.98215891056682], [2.309455585795172, 48.98215909118973], [2.309613260631477, 48.982353607495796], [2.309716582833787, 48.982371557608325], [2.3098145790713116, 48.98232760851091], [2.3098265360477974, 48.982322281794524], [2.30987642864542, 48.98229981776808], [2.309889346675494, 48.98229413687357], [2.3101120405922515, 48.98219137437337], [2.310247444176838, 48.98212884568218], [2.3102815376737214, 48.982112945104646], [2.310344496346349, 48.98208390154255], [2.310540107686863, 48.98199366198547], [2.3107215626526405, 48.98190972545315], [2.3107751727985124, 48.981885034280026], [2.310731266461467, 48.98184764293215], [2.310706815218064, 48.98182672973183], [2.3105687499099328, 48.98170894371994], [2.3104227134603508, 48.9815844572498], [2.310274071366919, 48.98146076492886], [2.3102069109860093, 48.981404984854784], [2.310137049572706, 48.98134685115154], [2.3100704299588606, 48.98129152372919], [2.3099676149390453, 48.98121494557369], [2.309966669413013, 48.98121413080804], [2.309883722131649, 48.98114351199205], [2.309777400730002, 48.98105324485384], [2.3097494366093514, 48.98102943361908]]], [[[2.300526937769437, 48.98108734102926], [2.300533802956156, 48.981023893784226], [2.300540686278131, 48.98095909776094], [2.3005476928807784, 48.980895291630866], [2.300554550756157, 48.98083238388287], [2.3005661095000542, 48.9807247207183], [2.3005748268645716, 48.98064545738714], [2.300581830962921, 48.98058183107286], [2.300601467273236, 48.98040182505315], [2.3005771161233097, 48.98039412934576], [2.300544127364455, 48.980378559762386], [2.300510564502391, 48.98035489353807], [2.300491329736729, 48.98033247988425], [2.3004769924337296, 48.980301461948876], [2.3002724524207494, 48.98029298508181], [2.300084300527914, 48.98028496318612], [2.300084027313015, 48.98028496159203], [2.2999174727791027, 48.9802760762648], [2.2998852256253337, 48.980296750757105], [2.29985813090432, 48.9805434377863], [2.2998420966949533, 48.98068911321427], [2.299828517060942, 48.98081483952071], [2.299815138173974, 48.980935800940095], [2.29980250768847, 48.98105191074533], [2.299779707229855, 48.98105078848182], [2.299711987695805, 48.98104751557089], [2.2997216075425464, 48.98095207102607], [2.2997301257071405, 48.980867411082144], [2.299738620825275, 48.98078445957816], [2.2997512601590215, 48.98065755875855], [2.2997603731189256, 48.98056930524697], [2.299789287463638, 48.98028899676891], [2.2997625238760073, 48.980267708078664], [2.29976170544298, 48.980267613375844], [2.299497235024446, 48.98025581780172], [2.2994581859144367, 48.98025406103696], [2.2992906583632045, 48.98024642811134], [2.2990236156622426, 48.98023290788366], [2.2989560078090285, 48.98027207997922], [2.2989441240999144, 48.980383338169844], [2.298931253310679, 48.980507000281875], [2.2989282264121473, 48.98052883445934], [2.298910831552219, 48.98068403391692], [2.298897136104472, 48.98080805087311], [2.298875058107773, 48.98100656692978], [2.2988593463806675, 48.9811483772756], [2.299037513410136, 48.98128916242152], [2.2990992930416967, 48.9813378132878], [2.2993181568707572, 48.98151030960737], [2.2994050702779987, 48.98157961006749], [2.2995802639001917, 48.9817182187615], [2.2996592148649753, 48.98178027850879], [2.2999947516051633, 48.9820445488442], [2.3003447543828206, 48.98232041295224], [2.300395859850356, 48.982309650196285], [2.3004131603625684, 48.98214087152387], [2.3004162799301726, 48.982112113642856], [2.3004272177551663, 48.98201002236172], [2.3004290737521416, 48.981993936567235], [2.3004342440041454, 48.981944777610366], [2.3004488900975413, 48.98181078447126], [2.3004587347533163, 48.981718848339085], [2.3004683907216084, 48.98163077788468], [2.300492898117442, 48.981403589684454], [2.300511802378753, 48.98122726648369], [2.300526937769437, 48.98108734102926]]], [[[2.3109154267293834, 48.98201299414122], [2.3108340285020526, 48.98193869801725], [2.3106451464652698, 48.98202636889432], [2.310373234436245, 48.98215240984827], [2.310325532769448, 48.982174526977566], [2.3103031253029274, 48.98218491939476], [2.3102260046776286, 48.982220715814734], [2.3101191917655943, 48.98227018990515], [2.3099722369531417, 48.98233831728735], [2.3099532516623364, 48.98236878262271], [2.310162061055807, 48.98261215182192], [2.310265389683531, 48.98273261608479], [2.3102976806491418, 48.98277021056691], [2.310395759493909, 48.98288479938495], [2.3104779675628033, 48.98298050255333], [2.310562056337301, 48.98307864443954], [2.310827616092572, 48.982999237752566], [2.3109292565692607, 48.9829689773122], [2.3111094953407174, 48.98291515816225], [2.311149548880072, 48.98290315835035], [2.311387945212666, 48.9828320473991], [2.311449396230451, 48.9828136957035], [2.3115530947243976, 48.98278272714509], [2.311627714180581, 48.98276040429901], [2.3117080939910895, 48.98273640587981], [2.3116431615025137, 48.982677222324675], [2.3115748555050692, 48.98261487199371], [2.311461326142926, 48.982511346156144], [2.3113436158394234, 48.982403749568654], [2.311228467110465, 48.98229877538723], [2.311113455459294, 48.98219380186939], [2.3110714743052942, 48.982155432538676], [2.3109154267293834, 48.98201299414122]]], [[[2.309888375862726, 48.98243927042164], [2.309794195806184, 48.982422182384], [2.309646990799453, 48.98248850942141], [2.309727538390312, 48.982585642397375], [2.3097498627652127, 48.982612388676266], [2.30975376126941, 48.982617177137136], [2.3097488133182242, 48.98261939679532], [2.3097769707924765, 48.98265957546861], [2.3098290200102074, 48.982721653457254], [2.309845023935628, 48.98274080964541], [2.309977504348644, 48.98289858090216], [2.310102448526476, 48.983047765765754], [2.310214747310183, 48.98318213005976], [2.310464117162104, 48.983107936666784], [2.3103377722444938, 48.98296126204417], [2.310209141400596, 48.98281187636822], [2.3100727118340907, 48.98265309346953], [2.3099731421344467, 48.982537686454684], [2.309888375862726, 48.98243927042164]]], [[[2.2996951481561347, 48.9832199210232], [2.29972751865335, 48.98318009329177], [2.299786838234318, 48.983107330392635], [2.299803928981597, 48.98308611788438], [2.2999043280029423, 48.982976095887494], [2.2999455117625236, 48.98293110386228], [2.3000010041030063, 48.98286856997934], [2.3000236173841446, 48.982843073251516], [2.300061771205166, 48.98279986200637], [2.3003205029016343, 48.98250821518957], [2.3003207846020772, 48.98250758735616], [2.300307617242564, 48.982399780166844], [2.300252862817161, 48.98235683625147], [2.2995375140465146, 48.98179836234376], [2.299537375011319, 48.98179854138247], [2.299102327415967, 48.98145725181954], [2.2991055155382707, 48.98145385328518], [2.2988034708872074, 48.98121909169362], [2.298746552603517, 48.9811746955752], [2.298749356139278, 48.98114917317077], [2.2987695405947934, 48.98096953041425], [2.298789775863328, 48.98078611105677], [2.2988103145336374, 48.980600445304205], [2.2988302314150744, 48.980420351256306], [2.298841737838425, 48.980316824458335], [2.298707494911563, 48.98024203113529], [2.298556398339899, 48.98027217198385], [2.2984466869275937, 48.98029293266152], [2.2985304092951253, 48.98047695999135], [2.298529861649706, 48.98047704671437], [2.2984303592159216, 48.98054103125698], [2.2982998208286767, 48.980566256188084], [2.2980486086194496, 48.98061460513853], [2.2977990376738693, 48.98066278332001], [2.297696186746076, 48.98043862671072], [2.2976312584308363, 48.98045128575462], [2.297305443404962, 48.98055081350778], [2.297298730767401, 48.980703737269735], [2.2972981507385812, 48.980716323425234], [2.2972936592642665, 48.9808161142815], [2.297326496475483, 48.981085363305], [2.2974224123215583, 48.98129697985995], [2.2974450496940224, 48.981330384808246], [2.297753516371339, 48.981463571824314], [2.2980284756277314, 48.981528668353185], [2.2980715098133504, 48.98153890187195], [2.298913198403357, 48.981663154679886], [2.2988757590567186, 48.981704031725116], [2.2992131844880683, 48.98196975413404], [2.299212633190695, 48.98197011061458], [2.298906351755084, 48.98213018648351], [2.2992580068219954, 48.98237431982456], [2.29923042961985, 48.98239304303257], [2.2994661866258608, 48.98255934279755], [2.299432426642772, 48.982580637775335], [2.2993757948316946, 48.98261618720074], [2.2993749690891456, 48.9826166320042], [2.299164203001901, 48.9827753778159], [2.2987014005177184, 48.983123651210796], [2.298701804295659, 48.983124103197], [2.2987550989187744, 48.983194196656214], [2.2988408662392255, 48.98317644315696], [2.2990341579674154, 48.98333089509209], [2.299034833768058, 48.98333143859162], [2.2992588789447153, 48.98347491910702], [2.299259555961879, 48.98347537268715], [2.299428970480773, 48.98354650372699], [2.299430493863146, 48.98354498389602], [2.2996951481561347, 48.9832199210232]]], [[[2.3110452271992616, 48.983888047522306], [2.3107474119351354, 48.98352501824563], [2.31074714466555, 48.98352456708505], [2.3108194704846436, 48.98350016329627], [2.310889454686814, 48.98347718481332], [2.3109064701871302, 48.98347161727594], [2.311005135793115, 48.983439091566716], [2.31104973265338, 48.983424510059294], [2.311254603465181, 48.98335752325849], [2.3114286030102664, 48.983300340597026], [2.3114295628933434, 48.98330007633137], [2.3116413369385476, 48.983557667846746], [2.311673473740826, 48.98359669983598], [2.311712735749796, 48.983644495418055], [2.3121538067362803, 48.9834763475144], [2.3123271037845123, 48.98341025695669], [2.312169131159284, 48.98323723485939], [2.3120469813967985, 48.98310353534133], [2.312000520559718, 48.98305255118301], [2.311951227806552, 48.98299876308555], [2.3118356708778576, 48.98287283468243], [2.3117213333187565, 48.982747722471316], [2.3111359127520426, 48.982921784461794], [2.310575726818525, 48.98308834498175], [2.310485609288746, 48.98311507434922], [2.3104568032065003, 48.98312372143572], [2.3102684705163465, 48.98317992104416], [2.3102048244498254, 48.98319888898747], [2.310154901663279, 48.983141229749904], [2.310071470369496, 48.983045069712624], [2.3099766026375788, 48.9829356248428], [2.3098824088245853, 48.98282690316176], [2.309833423946584, 48.982770687962855], [2.3097802745973093, 48.982709143200225], [2.3097835712460024, 48.98270781329107], [2.3097172655581613, 48.98262874733321], [2.3096512321047515, 48.98254977282333], [2.3094972407259027, 48.98236588897275], [2.309401084589453, 48.98225077086486], [2.309324834445923, 48.98215932765814], [2.3093240267202804, 48.982158423756424], [2.309239997857219, 48.982086899083214], [2.309239727022692, 48.982086717673454], [2.3091334290648278, 48.982004903148514], [2.3091319406748627, 48.98200381547511], [2.3091033808811616, 48.9819836876131], [2.3089974083020155, 48.98190825951762], [2.308883720907877, 48.9818273913661], [2.3087682746614724, 48.981745254011656], [2.3086815188539487, 48.98168369489383], [2.3086548564183795, 48.98166474687835], [2.3086428116511115, 48.981656134571416], [2.3085321044830542, 48.98157726159067], [2.3084154406196173, 48.98149430752576], [2.308298391231325, 48.98140955261166], [2.3081513020047035, 48.98130304227925], [2.308069977354393, 48.98124412183925], [2.307981346589119, 48.98117985360489], [2.3078686282169536, 48.98109827060575], [2.30773074276306, 48.98099837736148], [2.3076376466543023, 48.98093093570098], [2.3075469857910704, 48.98086530652486], [2.307434613892868, 48.98077832956955], [2.30747567918616, 48.98075185883687], [2.3074408210669053, 48.98068160580796], [2.3074378492120298, 48.98066881926092], [2.307428924070428, 48.98063117896535], [2.3073787264148455, 48.98054330191659], [2.3073333952762534, 48.98047982269471], [2.307310997571613, 48.98044848928629], [2.3072690146797186, 48.980390065184494], [2.3072462108248666, 48.980358459639575], [2.307084185627148, 48.980132710553754], [2.3070137688784222, 48.980034644874586], [2.3069427123610025, 48.97995384111398], [2.306823687010086, 48.979853785877864], [2.306761877212429, 48.979868446231364], [2.306728700541576, 48.9801024201011], [2.3067658414907757, 48.98015506121043], [2.3068435368152813, 48.98021953701231], [2.307021766578627, 48.98036723492748], [2.307046359453653, 48.98038761018636], [2.3071524950733124, 48.980460613105905], [2.3072186947272546, 48.98050613793328], [2.3072089116463084, 48.98051237620555], [2.3070055629328765, 48.980373436093835], [2.3068178988871675, 48.980226313117356], [2.3067968624309456, 48.98023635311889], [2.306945940527135, 48.980408432294404], [2.307038155274138, 48.980470114224815], [2.3071138478858715, 48.980520909613944], [2.3071066795259525, 48.98052572417561], [2.3071592112374137, 48.98056145815421], [2.3071653058702166, 48.98056545006694], [2.307144751047565, 48.98058034887415], [2.307238576872977, 48.98064419814934], [2.3071303430367247, 48.980718300970985], [2.3073139041495514, 48.9809992084712], [2.307378234048186, 48.9810825809159], [2.307445248423635, 48.98116956582579], [2.3074828546070396, 48.98121816270204], [2.30755000953669, 48.98130487857601], [2.3075833150628027, 48.98134814500093], [2.307625619020505, 48.9814030637032], [2.3076571822733642, 48.98144380214121], [2.3076771958860567, 48.98146954633], [2.3076974755537067, 48.98149583160135], [2.3077352188199, 48.98154442917199], [2.3078309745885988, 48.98166871878002], [2.307831107607194, 48.981668989323104], [2.307837011921555, 48.981677026732044], [2.30804712380553, 48.981965280017455], [2.3080535173074175, 48.98198788811135], [2.308053909186164, 48.981989239249145], [2.3081338706659107, 48.98208906773632], [2.3081374477241217, 48.982087199937894], [2.308234712466525, 48.982180383751604], [2.308235522567274, 48.982181107824154], [2.3083487101390125, 48.98226871806798], [2.308447698497026, 48.9823453654027], [2.308367436647439, 48.982380962672956], [2.308443366738036, 48.982475821786466], [2.308443635178711, 48.98247618303439], [2.3084542373946806, 48.982490542245664], [2.3085296699398334, 48.98256120857039], [2.308534930874794, 48.98256627470003], [2.3086247212455784, 48.982636034538274], [2.3087215236903447, 48.98271275894163], [2.30867506707825, 48.98273362363305], [2.3088408847336526, 48.98288079726377], [2.3088412885977716, 48.98288124921596], [2.308899549751246, 48.982959010351394], [2.3089549899922517, 48.9830331581999], [2.3089891575796786, 48.98309396450379], [2.3090234630577915, 48.98315468166316], [2.3090842016201476, 48.9832619523701], [2.3091864526143415, 48.983442840910584], [2.3092974612736947, 48.983406880597705], [2.309676771811361, 48.98328074082588], [2.3096929664899912, 48.983275258660996], [2.309798769920204, 48.98324025710639], [2.3099866404447744, 48.98317776082303], [2.3100074153592827, 48.983197753746715], [2.3104411048964457, 48.98361695987946], [2.3105027176521444, 48.98359681110466], [2.310556781871041, 48.98357922674277], [2.310613592691582, 48.98356057903956], [2.3109256518836463, 48.98393124415294], [2.3110452271992616, 48.983888047522306]]], [[[2.3048103373957933, 48.98352241456061], [2.304881182020373, 48.983455740969845], [2.3050083373070316, 48.983336427694056], [2.305080428997715, 48.98326841232512], [2.305137990758131, 48.98321416121524], [2.304733229571633, 48.98302576107506], [2.3047326867214237, 48.98302548815365], [2.3045373320921563, 48.982942344109425], [2.304330295456478, 48.98285418611288], [2.304126922819456, 48.98276793742897], [2.304088793516512, 48.982799369898125], [2.3039438963943346, 48.98272335185912], [2.303799947560506, 48.98264796861651], [2.3037901788257225, 48.98264287611644], [2.3035149965201005, 48.9825322895113], [2.303485657933468, 48.98251943972788], [2.303256107308015, 48.98241918905624], [2.3032761331909986, 48.98240311883118], [2.3033322349846284, 48.98242727481342], [2.303506930174814, 48.982502117749995], [2.3036761902398113, 48.98257477067285], [2.303816246249276, 48.98263475427983], [2.3039476062613238, 48.98269118018269], [2.3039621301506936, 48.98267786560415], [2.3040396899176088, 48.98271167780762], [2.304070253459063, 48.98272489425841], [2.3042882682218537, 48.98281959099478], [2.304289218502837, 48.98282004613134], [2.3044000758931187, 48.98286700040903], [2.304683608050742, 48.98298689561008], [2.304684830364469, 48.98298744224518], [2.3048625464456585, 48.98307165286572], [2.305043250598896, 48.98315722939908], [2.305101224559904, 48.983184542750955], [2.3051118312502736, 48.983188291117685], [2.305150858275046, 48.98320209585762], [2.3052844071895944, 48.98307454619068], [2.3053448831032157, 48.98301689469576], [2.305408813089287, 48.982946134100914], [2.3054092289417443, 48.982945686883106], [2.30552567323842, 48.98278935177586], [2.305525952474392, 48.982788903766746], [2.3056101962389395, 48.982659989162556], [2.305610336456923, 48.98265972019877], [2.3056648736096212, 48.982565884244686], [2.305721095018108, 48.9824482278421], [2.305705178536991, 48.982443099918605], [2.3054795321288215, 48.98236733575559], [2.30530762436261, 48.98256417572684], [2.3052100920410488, 48.982675297921475], [2.305080921936518, 48.98282283629105], [2.305075926875324, 48.98282856256421], [2.3049735746350315, 48.98278921189824], [2.3049859353105098, 48.982774176088256], [2.304942175261244, 48.982756746859735], [2.304903988755061, 48.982741418186706], [2.305005965640843, 48.98262492648365], [2.3050549919250765, 48.98262655937389], [2.3051712938525832, 48.98250133783893], [2.305244686438958, 48.98253008932177], [2.305421149425029, 48.98232976872655], [2.3054038620320982, 48.98229432804484], [2.305486526389158, 48.98228356599795], [2.305495544500701, 48.982303941293225], [2.3057303137029446, 48.982382006357405], [2.305821123658436, 48.98216032679006], [2.3058397606073946, 48.98211520227007], [2.3054824415451134, 48.981975818392776], [2.305392602488297, 48.981940766972016], [2.305358910644237, 48.981977621066264], [2.305257427392423, 48.98208800107465], [2.305068762974574, 48.9820155976493], [2.3047962365271464, 48.98191078451227], [2.304787388031719, 48.98190839517861], [2.3044617147709348, 48.9822120732056], [2.304431417528675, 48.982240223973946], [2.304385899085174, 48.98228276442829], [2.30429652420048, 48.982366146341526], [2.3042406319528896, 48.98241815864414], [2.304016189725774, 48.98232405396218], [2.303850306674286, 48.98246850046709], [2.303801810367705, 48.9824477160984], [2.303759019328509, 48.98242939280085], [2.3038803892818343, 48.9823238055806], [2.3039250928579937, 48.9823421399341], [2.3040532225156394, 48.982231645870336], [2.304178169816389, 48.98212410073429], [2.304234236263489, 48.98212028936144], [2.30432494023434, 48.98202945139327], [2.304331599324221, 48.98203209784007], [2.3044247020755546, 48.9820682480815], [2.304495514849982, 48.98209572612936], [2.3046353635236336, 48.98196695462998], [2.304768580772729, 48.98184362996248], [2.3048425880779333, 48.98177526605195], [2.3048630969746426, 48.98169238391876], [2.3048553510247407, 48.981689281576465], [2.3048829744220467, 48.98165670886039], [2.304980558601436, 48.981694863006865], [2.305008709483743, 48.98173522267067], [2.3052150385414985, 48.98181474269057], [2.3053226868540277, 48.981856371994944], [2.3055301001562123, 48.98193661713842], [2.305861062812214, 48.9820648775069], [2.3058568287362715, 48.982075014552706], [2.3058730063347976, 48.982081043221044], [2.3059497853409052, 48.981886889348836], [2.305949925555141, 48.981886620384465], [2.30597590172135, 48.98181366148246], [2.3060035867920323, 48.98173549679449], [2.3060323958855657, 48.981655000541664], [2.3060180978695746, 48.98163099772239], [2.305732509736272, 48.98152215440161], [2.305614523824722, 48.98147713837909], [2.3054372727204306, 48.98140956758313], [2.3052579825378845, 48.981341265307364], [2.3050216063393156, 48.98125096006653], [2.3049756642047194, 48.98123333832585], [2.30495207708904, 48.98123994606124], [2.3049097387933206, 48.981238891422805], [2.304880725035155, 48.98123242853826], [2.3048610777364784, 48.98122026470574], [2.304842777800951, 48.98119929600186], [2.3048372162764608, 48.98117588320526], [2.3048304483231647, 48.981171167871956], [2.3048522424457927, 48.981145395688586], [2.3048717882533687, 48.981124286586684], [2.304906908268944, 48.981113429279176], [2.3049409673823584, 48.98111038931292], [2.304979674358944, 48.98111735797012], [2.305013057911175, 48.981134187553444], [2.3050141435750366, 48.98113473339471], [2.3050289626411233, 48.981150376317316], [2.3050363362486763, 48.981171101844986], [2.305112588477739, 48.981200409573916], [2.3052327410572553, 48.98124678753517], [2.305351673973918, 48.9812924389083], [2.3054706083011234, 48.98133800024328], [2.305588590167924, 48.981383286168075], [2.3057084727762813, 48.98142948222675], [2.3060205541875796, 48.98154935983457], [2.3060762535215407, 48.981532056696246], [2.3060966926249504, 48.98147471270609], [2.3061612753433316, 48.981293437284435], [2.306194482106615, 48.98120073656354], [2.3062692768979614, 48.98099128356971], [2.306305333074872, 48.98088978659521], [2.3063281984364266, 48.98082463306485], [2.306008000989705, 48.980698953983634], [2.3058532011551813, 48.98063834794533], [2.3058518446777105, 48.980637620693734], [2.305663573569849, 48.98054633604047], [2.3054921331745466, 48.98046333172639], [2.305387748565369, 48.98041281879468], [2.3053874777531056, 48.98041263737592], [2.3052932980648073, 48.98036524090944], [2.305205499439938, 48.98032084886048], [2.3051208237031395, 48.98027791363964], [2.3050105945661588, 48.980225208303274], [2.3049098656276183, 48.980177234027906], [2.30490918740155, 48.980176870396605], [2.304732961649789, 48.98010453834383], [2.304574127021707, 48.98003941094899], [2.3046124055928674, 48.979996648526644], [2.304643111378769, 48.97998891308797], [2.3046796859044516, 48.97999182285189], [2.3046800957247973, 48.979991825227344], [2.30470968835014, 48.980006025108636], [2.304722854488895, 48.98002264768656], [2.3047249229993745, 48.98004163392695], [2.3048056080595547, 48.98007645303185], [2.3049657562543713, 48.98014554444172], [2.305162156216016, 48.98024173329313], [2.305273726377056, 48.98029633468664], [2.3053804077360867, 48.98034874945618], [2.305505686837912, 48.98041008447946], [2.305619022813687, 48.980465505089796], [2.3057323638356184, 48.980520565916734], [2.305854393988959, 48.98057972355061], [2.3058660071944197, 48.980569449339214], [2.306009914180533, 48.9806272945908], [2.3060000672956154, 48.98063829843645], [2.3062895551787674, 48.98075148020087], [2.306356915317421, 48.98075097045945], [2.3063885922908915, 48.98066023915237], [2.3064543618350997, 48.98047177628353], [2.306454504442593, 48.98047132748146], [2.306460653231723, 48.9803893511465], [2.3064603459329787, 48.98035095125983], [2.306460227680121, 48.98032909872369], [2.306450370210246, 48.98026924139366], [2.3064080299502905, 48.980155780604605], [2.306342559898897, 48.98005567484466], [2.3063080173795663, 48.98000286877182], [2.306238474499603, 48.97991110244451], [2.3062032981335947, 48.97986485721886], [2.3061682584364855, 48.97981861277099], [2.3060428675896505, 48.97965314416925], [2.305987998570129, 48.979659571143735], [2.305800937510746, 48.979805246981606], [2.3058012662456786, 48.979831776868], [2.305769106668798, 48.97985632023295], [2.305748196593834, 48.97984666713045], [2.3057137568143533, 48.97982713385374], [2.3058417443668007, 48.97972652864543], [2.305888413180204, 48.9796896595116], [2.305977048377586, 48.97962021039922], [2.3060024527949374, 48.979600214088535], [2.306013220904472, 48.97959182339882], [2.3059700947624577, 48.97952709739154], [2.305967194826947, 48.979529418673806], [2.3058759431274107, 48.97941630409209], [2.3058745986903233, 48.979414677655356], [2.3057791543628428, 48.9793086428327], [2.305767560638874, 48.97931747835248], [2.305694817332011, 48.97924044088699], [2.3056701706077503, 48.979213950082496], [2.305626801344234, 48.97916747737897], [2.305576967648218, 48.97911404297712], [2.305520269358677, 48.979052925147414], [2.305464105603295, 48.97899270963594], [2.3054065951646847, 48.97893104748905], [2.3053008693489585, 48.97881757880513], [2.3052385136878426, 48.97875049297722], [2.3052015133655455, 48.97874883986568], [2.305009717468175, 48.97890132149809], [2.304825100841177, 48.97904808918571], [2.3047172581361237, 48.9791337925903], [2.304663819578329, 48.97917628735122], [2.3046055492384503, 48.97922253094546], [2.304580693293814, 48.97924235029821], [2.304509993601196, 48.9792985934355], [2.304449235216008, 48.97934698073501], [2.3043966242750553, 48.97938885069176], [2.3043336595337203, 48.979438753867825], [2.3043060423885446, 48.97946071535786], [2.3042809105976434, 48.979480712896454], [2.3042241578853795, 48.97952579606759], [2.3041386829045147, 48.979593733503755], [2.3040512771570505, 48.97966300855548], [2.3040083303453853, 48.97969729074133], [2.3039739481832693, 48.979724518499125], [2.3038980007444905, 48.97978486737716], [2.30381252491116, 48.97985280456439], [2.303787253725386, 48.979872981036195], [2.303737127137445, 48.979912886749354], [2.3036745685388893, 48.97996297177035], [2.303659930412661, 48.97997466702416], [2.3035933727169553, 48.98002751647329], [2.303525433151606, 48.98008152689046], [2.3034550067999575, 48.980137591111124], [2.3034258705664006, 48.98016071259757], [2.303356136678817, 48.98021606137533], [2.3033347335366168, 48.98023302289693], [2.303279358516351, 48.98027712442076], [2.3032604383680955, 48.98029230184239], [2.3031947103552968, 48.98034434655002], [2.303129532258931, 48.98039612463836], [2.303109370496194, 48.980412194075676], [2.303006632100021, 48.98049378895235], [2.302942007297619, 48.980545030596446], [2.3030312347104593, 48.980594828122825], [2.303133620481599, 48.98065162626889], [2.3033674172646093, 48.980781037848104], [2.3034790244929564, 48.98084301497766], [2.3035447978831263, 48.98087936697607], [2.303552539566338, 48.98087257759848], [2.303755810862697, 48.98098616415914], [2.303818866891689, 48.98102142112547], [2.30391406102169, 48.98107466975089], [2.3039719670394927, 48.9811068392897], [2.3041193673959945, 48.981189436501936], [2.3042264983594256, 48.98124913880425], [2.304295117527052, 48.98128730538188], [2.304440083989732, 48.981368089560014], [2.304465591625544, 48.98137111506241], [2.304481072554989, 48.981378129063174], [2.3044956243256736, 48.98139332087263], [2.304479863014255, 48.98140725783137], [2.3044483415694588, 48.981435041823815], [2.3044326397781942, 48.98143432130596], [2.304413621405611, 48.981426207685075], [2.304404766373353, 48.98141410635682], [2.304405157533316, 48.98140529595055], [2.3042342814292156, 48.98131069282431], [2.304033436694252, 48.9811993693321], [2.303877759858245, 48.98111249749929], [2.303512572728004, 48.980908675382096], [2.3034903339133184, 48.980896226496675], [2.3029090009530333, 48.9805714567003], [2.302842302708841, 48.980624484745896], [2.302777122703962, 48.980676352547455], [2.302678389556078, 48.9807546431707], [2.302566534671497, 48.9808435585344], [2.3026199676944246, 48.980873004974505], [2.3028193440358873, 48.98098144474872], [2.3028852573675107, 48.98101752814306], [2.302885664783707, 48.98101771036123], [2.3031118389730025, 48.98114509973561], [2.303284183859754, 48.9812420510779], [2.3032973373987806, 48.98124941141749], [2.303530697322999, 48.98138106818216], [2.3035313755551368, 48.981381431820814], [2.3036903625952774, 48.981465985237044], [2.3038123143524842, 48.98153098958206], [2.3038831869760727, 48.98154372061899], [2.303919084841018, 48.9815564285293], [2.303939645497764, 48.981581996673064], [2.303935909887282, 48.98160589511124], [2.303925756639959, 48.981619324983875], [2.3039246444829207, 48.981620757334454], [2.3039242238111104, 48.98162156422067], [2.30390330959459, 48.98163259359502], [2.303876999574563, 48.98163846591658], [2.3038517337489637, 48.98163777974972], [2.3037841636356355, 48.981694669993644], [2.303695447279282, 48.98176969228079], [2.303606730666794, 48.981844714497036], [2.30345873125979, 48.98196984049156], [2.303442564480151, 48.98198341525399], [2.303449054029289, 48.98200890176881], [2.3034428321996407, 48.982024602553906], [2.3034259606450638, 48.982039791875025], [2.3033989142747195, 48.9820496165244], [2.303371987214947, 48.982050539265195], [2.3033564049907853, 48.98205107825508], [2.303331254683238, 48.982041759831034], [2.3033303056302206, 48.98204121476835], [2.3033190668665773, 48.98203368570856], [2.303302668987321, 48.98201353715673], [2.3033080466730644, 48.98198946843155], [2.3031979519725665, 48.9819266007561], [2.3031012808131166, 48.98187136467457], [2.3029433233373164, 48.98178133105471], [2.302750522718635, 48.98167131115263], [2.3025898559587894, 48.98157964264188], [2.302491557622673, 48.98152358725649], [2.302403293855365, 48.981473165505314], [2.3023062157594687, 48.9814178364581], [2.3022134768055755, 48.98136496055026], [2.302036944482681, 48.98126456614766], [2.3018940155218637, 48.98137820935773], [2.3017312013757314, 48.98150756349186], [2.3020904800497424, 48.9817136946161], [2.302138339195109, 48.98174113046039], [2.3021780644870553, 48.981763842858044], [2.302275669017405, 48.98182070377882], [2.302368800577978, 48.98187493077242], [2.3023339034667196, 48.98189963711679], [2.3023038396415396, 48.981920504775815], [2.3022511376630623, 48.981917950124554], [2.302223605048964, 48.98192327542149], [2.3021567552710995, 48.981885657521985], [2.3021680876420665, 48.98186584996695], [2.3021682130229317, 48.981846336920576], [2.3021682864881807, 48.98183069035701], [2.3021551822837965, 48.981809481698036], [2.30205146782865, 48.981749797447705], [2.3020069998509953, 48.981724179804864], [2.3018364498100454, 48.981625888234], [2.3017860158579233, 48.981596908549356], [2.301688944228926, 48.9815411294179], [2.301663120121519, 48.98156166190223], [2.301568110780367, 48.98163709563503], [2.3014623294643446, 48.98172109938909], [2.3013757398668453, 48.981790107371054], [2.301374773917107, 48.98179082114769], [2.30129073860711, 48.98186290139858], [2.301294591571451, 48.981891340215576], [2.301589893988459, 48.982049439759045], [2.3017305592628223, 48.98212480661181], [2.301887502497965, 48.98220890083971], [2.3019311410854484, 48.982204748443934], [2.30209797180066, 48.982071460770754], [2.3021427254187543, 48.982096180779], [2.302035296294244, 48.98218080489287], [2.301968597508697, 48.982233652536095], [2.301971181215564, 48.982244728369764], [2.3019663226229277, 48.98226061686012], [2.301952300104211, 48.98227726135433], [2.3019521598682195, 48.98227753031392], [2.3019334404356844, 48.98228785271137], [2.30190999752198, 48.98229383120983], [2.301892235444304, 48.98229390769906], [2.3018280038563135, 48.9823461401411], [2.3017237170130467, 48.982430692324236], [2.301680180741975, 48.98240687850611], [2.301728108593532, 48.98236821987752], [2.301762638750442, 48.982340364199075], [2.3018405363871737, 48.98227769007614], [2.3018495164711603, 48.98227027854559], [2.3018471236375873, 48.9822449956381], [2.3017614017540264, 48.98219854495446], [2.3016573690454365, 48.982142185767714], [2.3015508968769747, 48.98208437348006], [2.301255620976338, 48.9819242956455], [2.301217069850084, 48.98192604944849], [2.301132481609178, 48.98199857598729], [2.3010409827093943, 48.982076997263746], [2.300950312883675, 48.982154703895624], [2.3008896831810004, 48.98221334152564], [2.300855493530259, 48.98224632468003], [2.3007735506270324, 48.98232525105646], [2.3007824702069124, 48.9823426586098], [2.3011005227837864, 48.98249558629595], [2.3012431918167313, 48.982564220970495], [2.30138572582156, 48.982632764757234], [2.301480613295097, 48.982678369804944], [2.3014868273850695, 48.98267346010294], [2.30151350332637, 48.98267091766852], [2.301514318175079, 48.98267128211358], [2.3015459352910943, 48.982687382951596], [2.301546478121038, 48.98268765588752], [2.301567684810689, 48.98270576438716], [2.3015739026533137, 48.98272090801497], [2.3015578210082315, 48.98273825987064], [2.3015561804323674, 48.98273834024434], [2.3014812289738966, 48.98274437846334], [2.301459045367721, 48.98270746990043], [2.3013553275260326, 48.98265812647982], [2.301212106796896, 48.982589848434195], [2.3010665785279447, 48.98252047766475], [2.3010133610783794, 48.98249525832319], [2.300748369928783, 48.98236898778632], [2.3007287012912983, 48.98236860336444], [2.300656265379416, 48.98244156008108], [2.300576198149623, 48.98252319500189], [2.3009009961004536, 48.98267238565744], [2.3009020817532595, 48.98267293153513], [2.3010471133549886, 48.982738612667276], [2.3011940446214143, 48.98280529386034], [2.301340704245027, 48.98287188335988], [2.3014634639187075, 48.982927632419276], [2.3014645459570096, 48.98292844804609], [2.30152034886845, 48.98295449155306], [2.3015792915544595, 48.98298073316263], [2.3016652659625683, 48.98301864251731], [2.301809785649734, 48.98308189173636], [2.301912965555507, 48.983130692055965], [2.302097794652507, 48.98297997381119], [2.3022950567766474, 48.98281898618359], [2.302431120715054, 48.98270809039357], [2.302421096051794, 48.982661001243116], [2.302393302657695, 48.98264501279724], [2.302424517707231, 48.98261983541394], [2.3024576682468663, 48.982592960697865], [2.302489567282366, 48.982608433450004], [2.3025601286920567, 48.98260371795736], [2.302607925489983, 48.98256460859944], [2.302678481925792, 48.98260098880992], [2.3019815382625004, 48.98316220515523], [2.3022027127123406, 48.98326564677455], [2.3024353480648507, 48.98337032363864], [2.3027395188887723, 48.983509857136184], [2.302889846994825, 48.98357826449778], [2.3030559277325255, 48.98365386725973], [2.303235705406119, 48.983502758298144], [2.303401774776857, 48.9835894213034], [2.303494053266709, 48.983554706457504], [2.3035666355744646, 48.98351142424454], [2.3036456160792365, 48.983449474707946], [2.303685795363666, 48.983418054293054], [2.3037147357371284, 48.98340967938195], [2.303750742775162, 48.983404133154245], [2.3037718791705224, 48.98339697188872], [2.303803089185683, 48.98337215383694], [2.3038000411823445, 48.983344708996135], [2.303838861364241, 48.9833127410901], [2.3038841770956955, 48.983275235505836], [2.303925913438327, 48.98327035194569], [2.3040191644081416, 48.98319355738643], [2.3041173886255297, 48.98311265504389], [2.3041277220731566, 48.98309598891381], [2.3041315798698503, 48.98307317031313], [2.3041275813538222, 48.98306568333536], [2.30409544323739, 48.98304760181472], [2.304111883407118, 48.98303402856282], [2.3041410341897546, 48.983009917872764], [2.3043342399207325, 48.983110675419034], [2.3043107264973357, 48.983132121091714], [2.3042913753029, 48.98314882486658], [2.304258820010473, 48.983131280523104], [2.3042310486393953, 48.98313399706449], [2.3041951182617004, 48.9831440401362], [2.304176131751822, 48.98315391169985], [2.3041277963551776, 48.98319247898241], [2.304133965002109, 48.983221560570904], [2.3041024687605423, 48.98324736622659], [2.304060194873154, 48.983282191786465], [2.304048314698439, 48.98329192470312], [2.3040033200505117, 48.98329526067599], [2.303910193446827, 48.983372955189274], [2.303753099076555, 48.983503603970775], [2.3037077288317067, 48.98349416829222], [2.303351684678418, 48.98378939356621], [2.303645724976341, 48.98392059275099], [2.3037925648477144, 48.9839843925169], [2.3041431465172786, 48.98413786025986], [2.3041802541264946, 48.98415219371744], [2.304611638546884, 48.98370947612533], [2.3046123300516523, 48.983708850658225], [2.304671272186212, 48.983653618614724], [2.3047405987514913, 48.98358810534031], [2.3048103373957933, 48.98352241456061]]], [[[2.3034763965895357, 48.98393426755216], [2.302752009402538, 48.98360740852215], [2.302750922504398, 48.98360695257974], [2.3022852902010906, 48.983393820717566], [2.302102244361497, 48.9833099349821], [2.301798209409645, 48.98317067039196], [2.3015359996440132, 48.98305053280326], [2.3012600740298392, 48.982924289748794], [2.30094463694963, 48.982779830771996], [2.3008525738971444, 48.98273756899489], [2.3007690644350243, 48.9826993137081], [2.3007136623363555, 48.982673991579425], [2.3005581859084177, 48.982602763703625], [2.3005045078081277, 48.98259147985585], [2.3005032625531965, 48.982592641622446], [2.3003830186770515, 48.98272565918973], [2.3002408598253936, 48.98288300844139], [2.3000783113707794, 48.98306298961259], [2.3000770600399933, 48.983064600964674], [2.3000001568248902, 48.98316477850392], [2.2999812441117875, 48.9831893975623], [2.2999379913166984, 48.983245977859056], [2.2998829965060716, 48.98331211160234], [2.299723980225584, 48.98350353333934], [2.2996471774666394, 48.98359615749571], [2.2996684171801496, 48.98363207168176], [2.299971708892382, 48.98373500755097], [2.300075083791012, 48.983586694742215], [2.300297078079288, 48.98363924702177], [2.3003398436476314, 48.983649298276816], [2.3003525090185866, 48.98365233966968], [2.300588260987654, 48.98370802909036], [2.3008212883877506, 48.98376316261253], [2.301120232031155, 48.98383405688014], [2.301192899055499, 48.9836220771312], [2.3013058287548542, 48.98364692473794], [2.3016861584730797, 48.98373124077966], [2.301849290120751, 48.98378218857233], [2.3018275058303534, 48.98383754556683], [2.302278294538533, 48.98379277763644], [2.302444520423537, 48.98377611895861], [2.3025071005223046, 48.98377576341382], [2.3025269681195395, 48.983781724051354], [2.302575707020914, 48.983804848367015], [2.3032678335953958, 48.984133049764466], [2.303268783891446, 48.984133504908556], [2.3036761614853978, 48.98433082753593], [2.3039473843519973, 48.9844623430789], [2.3040992700687823, 48.98426170227741], [2.304068652273861, 48.98420145476126], [2.3038873490386265, 48.98411965023068], [2.3034763965895357, 48.98393426755216]]], [[[2.298357834645877, 48.98436485698844], [2.2981360079978295, 48.98413793742541], [2.2980922072213352, 48.984093258175136], [2.2976722532966725, 48.984272179287984], [2.2970923373575816, 48.9833677332361], [2.2970690588139573, 48.98333117715166], [2.2971182569861983, 48.98332013484134], [2.2972790090029735, 48.98328393748104], [2.297279420064769, 48.98328384996371], [2.2976688589953453, 48.983188831489485], [2.2981362914241603, 48.98307493416522], [2.2979293277711377, 48.9828000808082], [2.2976564518459215, 48.98286340955039], [2.296652240187499, 48.98309690703527], [2.295921177215374, 48.983266803766405], [2.2958692319144247, 48.9832789085658], [2.2958541567198765, 48.98328232716484], [2.296050201313563, 48.983485089910545], [2.296155974395394, 48.98346313930873], [2.2962126896196646, 48.98352255286837], [2.2962509491399463, 48.98356261415278], [2.297112438993542, 48.98446754518783], [2.2972024281764405, 48.984562134000385], [2.2973658416464695, 48.98473358906968], [2.297441361367735, 48.984756512603305], [2.298357834645877, 48.98436485698844]]], [[[2.296321581369081, 48.983774802175034], [2.2962507280147624, 48.98370001847464], [2.296232407544797, 48.98368075694826], [2.2961754310705147, 48.98362044262381], [2.296127744837223, 48.983570254392816], [2.2960657379941307, 48.983558560002336], [2.2957473603357896, 48.98363186886181], [2.2954466613687288, 48.98370114414542], [2.295427210975978, 48.98374509323525], [2.2955351147832794, 48.983858313176356], [2.295629546249409, 48.98395751551254], [2.29570310337895, 48.98403438371548], [2.295721961716839, 48.98405427795006], [2.2957738258759477, 48.984108717324034], [2.295853441072315, 48.984192275439845], [2.2959950298368135, 48.98434049362271], [2.2960464895848762, 48.984394570787316], [2.296066965680951, 48.984416093103384], [2.2960829955034545, 48.9844330031483], [2.296141327985656, 48.984494134747216], [2.296215020814922, 48.98457118323486], [2.296285878958295, 48.98464569714128], [2.2963521604344423, 48.98471514835374], [2.2964262540087588, 48.9847929184427], [2.2965030448952914, 48.98487331212175], [2.2966713084232633, 48.98504974241074], [2.296739154999235, 48.98505409684127], [2.2968605009193124, 48.985002291887696], [2.297006170595265, 48.984940108114714], [2.297268921854109, 48.9848281620859], [2.297288825167383, 48.98479104970461], [2.2971737769448524, 48.98467023591596], [2.297044987542063, 48.9845350434013], [2.2969702224814914, 48.98445637049325], [2.2969047504865823, 48.984387643752875], [2.296883733664861, 48.98436566878672], [2.2968337539731163, 48.98431321931107], [2.2967610108332828, 48.98423662638038], [2.2966847620913393, 48.98415659569376], [2.296613363658299, 48.984081629194826], [2.296542371631418, 48.98400693480525], [2.2964690865334676, 48.98393006871721], [2.296391359036317, 48.983848320566544], [2.296321581369081, 48.983774802175034]]], [[[2.2964140336696315, 48.98491847205347], [2.29625156569833, 48.98474801042443], [2.296193366984982, 48.984687059530984], [2.2961225101357163, 48.98461245565491], [2.2960501653010836, 48.984536763898696], [2.2960000508856973, 48.9844842233646], [2.295868838765387, 48.984346587348846], [2.2956906131103145, 48.98415957606633], [2.2956545089958316, 48.98412177540802], [2.295487736427119, 48.983946701133476], [2.2953865682849544, 48.98384053488112], [2.29532406205186, 48.98377497202025], [2.295225722416282, 48.983752452612165], [2.2948619770732765, 48.9838361936855], [2.2945747093603894, 48.98390221849814], [2.2945412033374804, 48.98398511229916], [2.2946374664528624, 48.98409017131777], [2.2947677890674476, 48.98423265946335], [2.294946855750244, 48.98442795017282], [2.295123226770937, 48.984620616906035], [2.295079828373084, 48.98463708797704], [2.29520667220053, 48.984774339463414], [2.295249244860923, 48.98475831312282], [2.295304845560411, 48.9848193391408], [2.295391275077014, 48.98491426808731], [2.295463437754327, 48.984993286373125], [2.295539235759844, 48.98507628265601], [2.2956035894794846, 48.98514680203714], [2.295673870583164, 48.98522356100255], [2.2958502433441366, 48.985416496276194], [2.295885045125176, 48.98541939828231], [2.2959800153858008, 48.9853782304255], [2.2962107740980424, 48.98527823886665], [2.29632237353546, 48.98522988436129], [2.2964387824739947, 48.98517948968084], [2.296550519324577, 48.985131045842095], [2.2965734066950416, 48.985085498131745], [2.2964140336696315, 48.98491847205347]]], [[[2.303651838679763, 48.98584016649555], [2.3035300036850845, 48.98579629533488], [2.3034267969077105, 48.98575918664783], [2.303370331585487, 48.985833226674885], [2.303355776904486, 48.985828376142706], [2.3032318578954905, 48.9857871003978], [2.3031503806329208, 48.98575982955653], [2.303099868045124, 48.98582805891639], [2.3031194104638892, 48.9858787102186], [2.303380604607032, 48.985974018760785], [2.3035710969033487, 48.9860434675915], [2.3037590059334287, 48.98611200097306], [2.304097706717414, 48.986235455437054], [2.3041346912993137, 48.986228475970435], [2.3042170283045187, 48.98613039587455], [2.304287009368716, 48.986046901816856], [2.3042588584848827, 48.986037026685345], [2.3040305287505203, 48.985956568477384], [2.3039210547354867, 48.985918074995354], [2.303731620471401, 48.98585124067399], [2.303708637345085, 48.985843193899065], [2.303651838679763, 48.98584016649555]]], [[[2.301779721292254, 48.984984081267584], [2.301606752291993, 48.98484135271072], [2.301422507670972, 48.98501914080249], [2.301430347019488, 48.98502548119792], [2.3019856725784655, 48.98547887775677], [2.301962577705942, 48.98548935452726], [2.301869542922925, 48.98553935099435], [2.3018965640048545, 48.985562079385204], [2.301923053118878, 48.98558372557498], [2.30195643144451, 48.9856112569621], [2.302026294269753, 48.98566903552415], [2.3021450746083256, 48.98576729502565], [2.302168182189071, 48.98578640358907], [2.3023293988979123, 48.98591944087782], [2.3023923684356284, 48.9859716937012], [2.302190768868297, 48.98607834122715], [2.302518897363193, 48.98634786567471], [2.3025577104913006, 48.98634719206314], [2.3026670982403545, 48.986198642578046], [2.3026972871741256, 48.986158441779956], [2.3027430613345947, 48.98609719920727], [2.3028145786259886, 48.986001215362734], [2.3028687054554187, 48.985928420963376], [2.3028892982751787, 48.985900753831736], [2.30280875804421, 48.98583419102957], [2.3024926819755547, 48.98557283054879], [2.3024713299308126, 48.985555260974586], [2.3023595752967068, 48.98546288775225], [2.3021755221572153, 48.98531101322412], [2.3020310675075106, 48.98519156190134], [2.301886339073721, 48.985072198719116], [2.301779721292254, 48.984984081267584]]], [[[2.295212703835551, 48.98498443981012], [2.2951481168394623, 48.984981542466116], [2.295011480035097, 48.98504242819918], [2.2947827413004687, 48.98514449763049], [2.294613937984756, 48.98521967175018], [2.2944893957766337, 48.9852752324918], [2.294316766232346, 48.985350383688434], [2.2940454536337023, 48.98546829784806], [2.2940124679247673, 48.985482581671846], [2.2938520708230286, 48.98555231875013], [2.2937124277731673, 48.98561300544423], [2.2936496153742105, 48.98564033254685], [2.2934777921304317, 48.98571629659687], [2.2933748389664115, 48.9857615520068], [2.2932703693311653, 48.98580778756926], [2.293168789363274, 48.98585251133979], [2.2930364150411338, 48.98591108186377], [2.292826380178751, 48.98600363576865], [2.2928120669715577, 48.9860513914868], [2.2930407916525706, 48.98627233624894], [2.293087317494635, 48.986317393022915], [2.293181720979443, 48.986408593572854], [2.2932855637280927, 48.98650902198422], [2.293354146078962, 48.98651967739256], [2.293451605254022, 48.986476637792244], [2.2935629475861594, 48.98642747503948], [2.2936991725264675, 48.986367128129054], [2.293831274016818, 48.986308555290684], [2.2939703808560226, 48.986247235857675], [2.2941042688261466, 48.986187863904306], [2.2942473627237088, 48.98612467918176], [2.2943779467014043, 48.98606708598301], [2.294540558719252, 48.98599529298019], [2.294653412818887, 48.985945328769986], [2.2947762986885816, 48.98589110702302], [2.294886264972807, 48.985842474490966], [2.294949080625566, 48.985814876992706], [2.2950516226589683, 48.98576961782586], [2.295155539267705, 48.985723737171334], [2.2952737521308197, 48.98567146580511], [2.295591411505305, 48.98553115993371], [2.2956413060235286, 48.9855092414026], [2.2956510496173257, 48.985475846509935], [2.295573555222413, 48.98538690532282], [2.295555661335152, 48.98536638728037], [2.2954838187810567, 48.98528386388609], [2.2954849190594, 48.98528333079723], [2.2954168850342787, 48.9852020886703], [2.2953873064678403, 48.98516666434617], [2.2953657495879414, 48.98514423633132], [2.295212703835551, 48.98498443981012]]], [[[2.302381708416986, 48.98630777087659], [2.3022871078856912, 48.98623006523388], [2.3022656341090912, 48.98624190035732], [2.3022426490162298, 48.98625435616123], [2.302187467083111, 48.98628353057041], [2.302183201576098, 48.98628575388212], [2.3021346766649597, 48.986246534168004], [2.302057632303984, 48.98618421768433], [2.302029922882692, 48.98616184504031], [2.3019825839980426, 48.98618692844198], [2.3019360672220164, 48.986211836758336], [2.30225362067881, 48.98647518548059], [2.3023161857707093, 48.9865270762616], [2.3023652346419246, 48.9865680075082], [2.302376452520395, 48.98657715514585], [2.302387614652385, 48.986580277494504], [2.30244704663775, 48.986499151155726], [2.302498969212076, 48.98642778293287], [2.302488069963509, 48.9863948969986], [2.302381708416986, 48.98630777087659]]], [[[2.2948947683883874, 48.98464175566509], [2.2948124448547373, 48.984556472447274], [2.2947698368391287, 48.984575106255186], [2.2944899966840717, 48.98469755752653], [2.2943950216037066, 48.984739083901786], [2.2942791532625453, 48.98478983950625], [2.2941817028209575, 48.98483252017562], [2.2940771089229055, 48.984878036334244], [2.2939873564868964, 48.98491725506263], [2.293851695600302, 48.98497661650275], [2.293715900227945, 48.98503579714612], [2.293542716546229, 48.985111483535825], [2.293396335915481, 48.98517536750916], [2.29325916229602, 48.9852353488384], [2.293118415433511, 48.98529683768116], [2.2929789051642357, 48.985357794094526], [2.292914167762893, 48.98538600872495], [2.292882141811393, 48.98540002812208], [2.2927683320701058, 48.98544989513637], [2.2926198867543963, 48.98551475515722], [2.2925233936117024, 48.98555717033588], [2.292379894214136, 48.98561999094742], [2.2923331600982464, 48.985640487970315], [2.2922875262644933, 48.98566045191526], [2.292202993363796, 48.9856974519602], [2.2921212086990197, 48.9857332991354], [2.292015094868749, 48.98577979368603], [2.292003958677305, 48.98578485369386], [2.2918839625066734, 48.98583738110308], [2.291771251178914, 48.98588671409546], [2.291672143673194, 48.98593037209955], [2.2915066490190963, 48.986002863617976], [2.291377024509032, 48.98606000975502], [2.2912640352930485, 48.98610961039986], [2.2910636226335193, 48.98619763189287], [2.2907910440794383, 48.98631732968737], [2.2906588074264134, 48.98637553869916], [2.290461274088255, 48.986462676950175], [2.2903950175776924, 48.98649187039859], [2.2903433216928892, 48.986515394740366], [2.2903810461307885, 48.98652443052231], [2.2904040066217837, 48.986534008445844], [2.2904623104087833, 48.98656690610563], [2.290503772697352, 48.986602401889705], [2.2905291490071575, 48.98663519471135], [2.290635484670469, 48.98677286908787], [2.2906753625304903, 48.98682436207365], [2.290738282619639, 48.986829410152446], [2.290813747198861, 48.9867963142555], [2.290857323414031, 48.98677705812068], [2.29097650059293, 48.98672470677564], [2.291100213113158, 48.98667040376056], [2.29113320282955, 48.98665594091807], [2.2914049589507037, 48.986536507295945], [2.2915404925321035, 48.98647696806752], [2.2916038621255668, 48.98644901589345], [2.2917228999511385, 48.98639675290183], [2.2918467487592764, 48.98634235998906], [2.2918470244564655, 48.98634218176645], [2.2920144422396005, 48.98626898174711], [2.2921184954766174, 48.98622337430415], [2.292229832404069, 48.98617466236555], [2.2923517539659555, 48.98612124673147], [2.2924684505660373, 48.98607022813312], [2.2925472077936453, 48.98603598152852], [2.292636415535119, 48.98599685061446], [2.2927238348148835, 48.9859586083398], [2.2928739329692047, 48.98589285870277], [2.292967674435501, 48.985851865837134], [2.2931179122640986, 48.985785846940054], [2.293231308871872, 48.98573624694874], [2.293327523635171, 48.98569418926958], [2.2934655230054255, 48.98563385304436], [2.2936057226626407, 48.985572450514056], [2.2937426210855945, 48.985512647034696], [2.2938884582003563, 48.98544857960712], [2.2940610923545237, 48.98537315928023], [2.2941934556031427, 48.98531521702089], [2.2943269188461612, 48.985256741534116], [2.2944249176660385, 48.98521397405994], [2.2945234689088734, 48.98517076012823], [2.294624629195225, 48.985126572279384], [2.2947381619870666, 48.98507679180062], [2.2947457212359734, 48.985073509011734], [2.2948394512072574, 48.98503314407707], [2.295098379815861, 48.984921360162936], [2.295107579566655, 48.98486763903793], [2.2950546443485518, 48.984811574470655], [2.294973695013161, 48.98472566997957], [2.2948947683883874, 48.98464175566509]]], [[[2.3022309005080825, 48.98675283114409], [2.3023137276523933, 48.98663892845824], [2.302310473602117, 48.986616698102445], [2.3021395349919693, 48.986474881628936], [2.302036024778525, 48.98654172312465], [2.3019813055841656, 48.98657710493928], [2.3019377531218934, 48.98660508793998], [2.3018761421855882, 48.98664492584785], [2.301743176630683, 48.986524372176625], [2.3016201997903543, 48.98641295889637], [2.301494255231272, 48.9862987405261], [2.3013873466081156, 48.986201628657746], [2.3013859731248445, 48.98620216020916], [2.3013505684580795, 48.98622371586046], [2.3019608745646116, 48.986816455881076], [2.302040451769353, 48.986893714638185], [2.3021279874509206, 48.986978663236435], [2.3021396521539237, 48.98695454131511], [2.3021632656444644, 48.9869054897967], [2.3021470747213, 48.98689019832904], [2.3022303431439455, 48.98675363722587], [2.3022309005080825, 48.98675283114409]]], [[[2.304738586002265, 48.986210035454505], [2.304377791879766, 48.98608339816118], [2.3042218742802087, 48.98625829710934], [2.304223752057784, 48.986281328758224], [2.304567590204729, 48.986409037224036], [2.3047588837714192, 48.98648010741319], [2.304925708210116, 48.9865418631998], [2.3056155706759585, 48.986797917121294], [2.306145238660142, 48.986987125787465], [2.30620303425806, 48.987007693092075], [2.3062894812513672, 48.986990477788886], [2.306349360897782, 48.986895863454734], [2.306027591901807, 48.98677251431861], [2.305921410490612, 48.98673278280829], [2.305915836507675, 48.98673068229168], [2.305849219594984, 48.98670565748856], [2.3057725417923547, 48.98667688751502], [2.305701436838476, 48.98665030793652], [2.305594575208467, 48.986610392343444], [2.305421909774547, 48.98654599586195], [2.3052515541507135, 48.98648260167413], [2.3051062138562433, 48.986428614385986], [2.305042585403549, 48.98640495530479], [2.305002280077021, 48.98630265715204], [2.3049300674080526, 48.986277239707704], [2.304738586002265, 48.986210035454505]]], [[[2.294784788953823, 48.986745533697125], [2.2950436152032223, 48.986631861006025], [2.2951812088577856, 48.9865712506991], [2.2953178385092197, 48.98651117412012], [2.2954913048313217, 48.986434947365794], [2.2955317976154785, 48.98641117518647], [2.2955344178406043, 48.98640939207361], [2.2957391119632526, 48.98626707364897], [2.295807249569391, 48.98621981339318], [2.295873458492947, 48.98617371080202], [2.2960985608901527, 48.98601748322706], [2.296158423777025, 48.985975839486926], [2.2962615963092086, 48.985904145060815], [2.296106248642988, 48.98580296739667], [2.296089589082559, 48.985792168581824], [2.29599617874475, 48.985728223384015], [2.2958908543677734, 48.985656204863666], [2.2957814681968003, 48.985581464652796], [2.295733923972959, 48.985581185566836], [2.295349204357004, 48.985749784021294], [2.2952129951456017, 48.98580923366219], [2.2950737616411945, 48.985870014251674], [2.294892324919406, 48.98594970066549], [2.2947743940463656, 48.986001253906124], [2.294688483933056, 48.986039146837285], [2.294551857236322, 48.98609904289073], [2.294449455623713, 48.98614394274877], [2.2943305614050824, 48.98619593950829], [2.2941948963513736, 48.98625539118275], [2.294076411492845, 48.98630739009622], [2.2939635646036955, 48.98635672432241], [2.2938486547080066, 48.98640703547318], [2.293714912281276, 48.986465688591466], [2.293713675336252, 48.986466220859185], [2.293520004026313, 48.98655104879801], [2.2934277719334064, 48.98659151141275], [2.2934073538247826, 48.98663608384716], [2.2936425047064004, 48.9868671367456], [2.2936476292234143, 48.986872112785385], [2.293668259037298, 48.98689237741723], [2.293673921503129, 48.98689798609704], [2.293777879588333, 48.987000123276445], [2.293884264349169, 48.98710470260726], [2.293951527779372, 48.98711193275519], [2.294167607153709, 48.98701716440142], [2.294269877769019, 48.98697199426412], [2.294512624750629, 48.98686533221177], [2.2946161292704432, 48.98681980933249], [2.294783276323838, 48.98674624420504], [2.294784788953823, 48.986745533697125]]], [[[2.3042287287348895, 48.98636885448398], [2.3041663255501907, 48.98634556173908], [2.304142624672309, 48.98635028021628], [2.304108469844771, 48.98639081806085], [2.303984488723196, 48.98653766550465], [2.303945475930959, 48.98658384037773], [2.3038541173860807, 48.98669229918387], [2.3037833101911436, 48.986776147852574], [2.3036961159808813, 48.986879684824544], [2.303606426021612, 48.986985904982234], [2.303517565089285, 48.98709141047879], [2.3034606351069797, 48.98715924295642], [2.303463627714641, 48.9871908239248], [2.3034885961456224, 48.987213899694886], [2.303687788271775, 48.987297247150366], [2.303848393611414, 48.98736436377053], [2.3038490767420936, 48.9873643677343], [2.3038845995398174, 48.98736457384556], [2.303910670521508, 48.98735636210679], [2.3039283284888175, 48.987343785164654], [2.304021982964882, 48.987237407950886], [2.304063147171314, 48.98721426629753], [2.3040783981251245, 48.987207970103285], [2.304272700456003, 48.987125916586855], [2.3044435044506297, 48.98705379809911], [2.3045172958521176, 48.98702257235914], [2.3045411558451354, 48.98700598466155], [2.304582208175221, 48.98696054083442], [2.304692606374333, 48.98683825350945], [2.30469736162288, 48.98681984648652], [2.304691315096949, 48.986802006336305], [2.3046700924129615, 48.98678488755467], [2.304592447944995, 48.986756920546725], [2.304515346448349, 48.98672922640925], [2.304438243830466, 48.98670162213932], [2.304358285423558, 48.98667301208739], [2.304304028714147, 48.98665354349984], [2.304468296860679, 48.986457110958916], [2.3044409570379862, 48.98644787005116], [2.304440005485837, 48.9864475048352], [2.3042287287348895, 48.98636885448398]]], [[[2.2926926167155437, 48.9860939412366], [2.292622633341361, 48.986085885005366], [2.292395411436532, 48.98618625020851], [2.2922561662793286, 48.98624756701297], [2.292119944876021, 48.98630755262083], [2.2919834511366672, 48.98636744654036], [2.2918454456471107, 48.986427960854606], [2.2917112861326703, 48.986486968989794], [2.2915753391720908, 48.98654677574352], [2.291450936966991, 48.98660161472666], [2.291329285374159, 48.98665512095287], [2.2911666693084802, 48.98672672972319], [2.2910309943427376, 48.98678653746101], [2.290791808778644, 48.986892044545556], [2.2907643836096696, 48.98693927285841], [2.2908264134046252, 48.98701958278039], [2.2909048172041167, 48.987121571416246], [2.2909844264052137, 48.98722536561056], [2.2910354388025653, 48.98729203163198], [2.291096927840193, 48.98737197848751], [2.2911551895525792, 48.98744812939219], [2.291219335667823, 48.98746352581468], [2.2913765912196102, 48.987394403245126], [2.291557357698809, 48.987314538387494], [2.29169371901664, 48.98725455428189], [2.2918166098449047, 48.98720042555094], [2.2920019093346697, 48.987118698351104], [2.29205634369863, 48.98709473984345], [2.2922196477140404, 48.98702277425142], [2.292377589847981, 48.98695320478277], [2.2925127135276773, 48.98689366206197], [2.2926530604534165, 48.98683181193498], [2.292789832784277, 48.986771559219754], [2.2929285297720003, 48.98671041844083], [2.293063927883638, 48.9866506968606], [2.293153274138258, 48.98661147647222], [2.2931700500849703, 48.98656346547393], [2.293006636978576, 48.98640261608294], [2.2929336914199547, 48.98633105557067], [2.292801152812755, 48.98620078244807], [2.2926926167155437, 48.9860939412366]]], [[[2.294568354323345, 48.987591353489755], [2.2947337193932693, 48.987488192722886], [2.294824942056157, 48.98743153673164], [2.2949001914557448, 48.987383959129616], [2.2950652978121813, 48.98727962734988], [2.295285529266784, 48.987140548448416], [2.2955200916640535, 48.98699247086983], [2.2955203673520916, 48.986992292638895], [2.2963865503665666, 48.98639335016336], [2.2963863355571665, 48.98638903250795], [2.296381960509552, 48.986318595643844], [2.296262414641234, 48.98624730341788], [2.296182498658105, 48.98624620515022], [2.296106510788299, 48.98619719989045], [2.296108103336434, 48.986170411605244], [2.296065951004019, 48.986145255082526], [2.2958748166769785, 48.986275154091565], [2.2955910453765265, 48.98647545967605], [2.295458903997454, 48.986537091646184], [2.295067032918716, 48.98670852469113], [2.294963946208269, 48.98675351086646], [2.2948561835830494, 48.98680071759244], [2.294714608520837, 48.98686265298769], [2.294594061219794, 48.98691553951229], [2.294403005082608, 48.98699894541996], [2.2942108467815263, 48.98708297401082], [2.294105420077419, 48.98712911469905], [2.29401057931451, 48.987170461643366], [2.293995935179929, 48.98721246030723], [2.294235941443049, 48.9874485762488], [2.2943501473745647, 48.98756093465454], [2.294399912622451, 48.98753865620741], [2.294479650381887, 48.98750270557083], [2.2945051272985455, 48.98752830411147], [2.294568354323345, 48.987591353489755]]], [[[2.302010320357837, 48.9875297571773], [2.302018643537204, 48.987439071516995], [2.3020291934562076, 48.9873250183622], [2.302031480608051, 48.987297154988056], [2.3020317707678, 48.98729589772923], [2.3020387128577915, 48.98726734203614], [2.3020478009408025, 48.98723160484368], [2.3020560402734707, 48.98719802090674], [2.3020743964787074, 48.98712331026792], [2.3020912994317366, 48.987055065752905], [2.3020914384721984, 48.98705488671213], [2.301954188524662, 48.98699887441637], [2.3018324542293205, 48.986886389544296], [2.3015135424256403, 48.98703920396668], [2.3015631981390063, 48.987085804317466], [2.301567380351649, 48.98708978535503], [2.301626643526139, 48.98714336581442], [2.3016556543022513, 48.98717060204226], [2.3017050382253497, 48.987217110820325], [2.3016665293574436, 48.98724593238761], [2.3016657011442856, 48.98724655704041], [2.301581126419077, 48.98728698051182], [2.301713476498141, 48.98736193882614], [2.3017193079239244, 48.98736521005771], [2.301765820314121, 48.987391558940004], [2.3017858899733907, 48.98740291633447], [2.3018069087764927, 48.987414818797454], [2.3017666200518754, 48.98744389980864], [2.3018050897008995, 48.98746885299501], [2.3018332651719122, 48.98748709183298], [2.3018077440383733, 48.98750519804495], [2.301778618222159, 48.98748650404685], [2.30176899748391, 48.98748051302323], [2.3017393288146417, 48.987461546081455], [2.301721313371017, 48.98744984093662], [2.3016565594085723, 48.98740827850135], [2.3015158048977273, 48.9873181638363], [2.3014456699589587, 48.98735165714335], [2.301337303822731, 48.98740345228627], [2.3012569942286305, 48.98744165224401], [2.3012190375001396, 48.98745986575695], [2.301189057070408, 48.9874742589512], [2.301162911837687, 48.98748795507882], [2.3009540348846445, 48.98758646480578], [2.3010122373289863, 48.98770874187481], [2.301064158885143, 48.987810389545125], [2.301091717546056, 48.987864325079315], [2.301396930224462, 48.98796870676075], [2.3014579689610395, 48.98797158005023], [2.3015128606659627, 48.98797432759742], [2.3015344369673505, 48.98797526253035], [2.3016706619663974, 48.987965354457835], [2.3016714829409266, 48.98796526931158], [2.3017831156873023, 48.987914482071496], [2.3017846330881557, 48.987913411805366], [2.3018355802008195, 48.98787414140267], [2.3018620905139136, 48.98785361297831], [2.301934868340894, 48.98777598177445], [2.301935581673899, 48.98777373780646], [2.3019682789723066, 48.98767914736917], [2.3019884674740023, 48.98762063389064], [2.3019854810092606, 48.987619177719836], [2.30199309060033, 48.98759179494289], [2.30199826037731, 48.98757312067144], [2.3020103143191193, 48.98753020676595], [2.302010320357837, 48.9875297571773]]], [[[2.2999022731802277, 48.98767232516668], [2.29982065025994, 48.98766591381554], [2.2998133942188668, 48.98767711206532], [2.2997388069168014, 48.987756979565056], [2.2996395349545042, 48.98786377027222], [2.2995881020593574, 48.9879186838225], [2.2995842195266514, 48.98792288761997], [2.2995269596718866, 48.98798433163078], [2.2995723206328065, 48.988004829520825], [2.299589841387164, 48.98801266533229], [2.2996611580904833, 48.98795247236866], [2.2997234908477617, 48.98789987052744], [2.2998361264577754, 48.98780520766003], [2.2999649287089032, 48.98769715029543], [2.2999609234188534, 48.987680041220834], [2.299912367822501, 48.987673553092804], [2.2999022731802277, 48.98767232516668]]], [[[2.2932872171457546, 48.986678809977704], [2.2932235530679184, 48.98666818350763], [2.2931251369749206, 48.98671121728016], [2.2929900193647224, 48.9867704010301], [2.2928492655792923, 48.986832069303595], [2.292576004686031, 48.986951767055395], [2.292460813984208, 48.98700243490827], [2.2923465867806403, 48.987052568783085], [2.292257513633915, 48.98709170024867], [2.292143015236829, 48.98714165247823], [2.292030164700714, 48.98719098484715], [2.291894357792013, 48.987250433058314], [2.2917560790532296, 48.98731076577138], [2.291483091281048, 48.98743010292254], [2.291268250873936, 48.98752370473932], [2.291250543454727, 48.98756973159099], [2.2913067930015636, 48.98764317277304], [2.2913796913924744, 48.98773820429461], [2.2914378197548726, 48.987814174393634], [2.2915138058889877, 48.987913270668315], [2.2916397242681246, 48.988078216888745], [2.2917058637579415, 48.98808777969272], [2.291863523082927, 48.98801919845086], [2.2920133476720155, 48.98795398791083], [2.2921171249046886, 48.98790882851698], [2.292217877786465, 48.987865000063486], [2.2923220669943376, 48.98781966307138], [2.2924283164449526, 48.98777352881478], [2.2925649438710995, 48.987714084862155], [2.292700750000489, 48.987654725835554], [2.292835867792174, 48.98759572229595], [2.292974832837907, 48.98753512262738], [2.2931095340129732, 48.98747656594572], [2.293244093366651, 48.98741836797538], [2.2934499965274315, 48.98732857677214], [2.2936547949717956, 48.98723958803208], [2.293752385763267, 48.98719699860937], [2.293767780427391, 48.98715005852356], [2.293527093323534, 48.986914027474235], [2.2932872171457546, 48.986678809977704]]], [[[2.2903251100204485, 48.98658830608071], [2.2902759165089313, 48.986578662886274], [2.2902179806197704, 48.98657885969624], [2.290177313672516, 48.98658518362191], [2.290138184256297, 48.98659898040225], [2.2900143133926782, 48.98665481022107], [2.2898140073327915, 48.986744718661136], [2.2896229109649258, 48.98683054474714], [2.2894395129011915, 48.98691290904685], [2.289280035798153, 48.98698453385342], [2.2891356804979153, 48.9870494137498], [2.2889972354005717, 48.98711172067308], [2.2888659424813302, 48.98717056275631], [2.288729423033632, 48.98723189160706], [2.288592489693668, 48.98729348762137], [2.288426683601242, 48.9873681312005], [2.2882645905678216, 48.98744099807691], [2.288091499225986, 48.98751874534124], [2.2878911840451734, 48.9876088303331], [2.2877754223271065, 48.987660839176016], [2.2876813829930565, 48.98770308513849], [2.2876665562917395, 48.98774804947706], [2.287721330467856, 48.98779918222758], [2.287913173248332, 48.98797846216042], [2.288030954722988, 48.98808823999953], [2.2881680257071624, 48.98821629697189], [2.2882295477031414, 48.988223766026856], [2.2883860020775684, 48.988153743387954], [2.2885249947329034, 48.988091620307046], [2.288665912151612, 48.98802860922665], [2.2888003708181226, 48.98796825743897], [2.288921765907514, 48.987913942965605], [2.289048934761508, 48.987857054760845], [2.2891831155954163, 48.987796970667965], [2.2893204582128917, 48.987735466354266], [2.2894553240115227, 48.98767520616142], [2.289522276756146, 48.987645208051525], [2.2896839514091485, 48.98757287656893], [2.289817718438355, 48.98751296915883], [2.2898229421880987, 48.98751066203284], [2.290091585502527, 48.987389594363876], [2.290263852439084, 48.98731192927292], [2.2903636653093753, 48.98726692776506], [2.290497711384516, 48.98720648168995], [2.290634505611636, 48.98714488268836], [2.2907176818670547, 48.98710742613367], [2.290734279418138, 48.987062651726234], [2.2907348467818367, 48.98706112635687], [2.2905376123708687, 48.98680592229519], [2.2904471161657884, 48.986689024250545], [2.2904303561353734, 48.98666563456711], [2.2904149328935923, 48.98664441098584], [2.2903796853467258, 48.986614077653215], [2.2903251100204485, 48.98658830608071]]], [[[2.299089397501434, 48.98840307355443], [2.2992539234073823, 48.98826033489512], [2.298785784684835, 48.98826128669879], [2.29878368697933, 48.98828510449079], [2.298775234256411, 48.98838496145198], [2.298773430425863, 48.988407252238524], [2.298767081453378, 48.98848284181269], [2.2987584811165935, 48.988583507214], [2.298750318543567, 48.98868210689607], [2.2987501576458365, 48.98868390444946], [2.299040038825639, 48.988445949055055], [2.299089397501434, 48.98840307355443]]], [[[2.3047174001400528, 48.987803739339775], [2.304681381590309, 48.98778950234979], [2.304669841132361, 48.987794201477264], [2.3046324865354233, 48.987798121520065], [2.3045986450803913, 48.98779477801254], [2.30456697938817, 48.98778200501261], [2.3045519569619244, 48.98777121689626], [2.3045387371697226, 48.987758460883384], [2.3045304329105196, 48.98773575171957], [2.3045323227400347, 48.98771705833392], [2.304544923628071, 48.98769438042321], [2.3045454749497005, 48.987694023920106], [2.3045648181283513, 48.987678039517675], [2.3045942091182496, 48.98766678943607], [2.3046248893583194, 48.987661302001506], [2.3046479720916935, 48.987661975332124], [2.304649339564279, 48.987661893332834], [2.304684212592374, 48.98766982896587], [2.3047212097856358, 48.98769261447626], [2.304733975212409, 48.987708695051005], [2.304738881923576, 48.98773003564171], [2.304904021511179, 48.98779546851191], [2.3050359915622147, 48.98784820948814], [2.3052946448573626, 48.987950602941446], [2.305430830730824, 48.988004896601225], [2.3054960696094735, 48.98803090279218], [2.305522538174359, 48.98803384366929], [2.3055648919863407, 48.98802392733182], [2.3055667029954745, 48.98802132999826], [2.3056339125765537, 48.987930535360725], [2.3056825996677377, 48.987865891499965], [2.305737405155692, 48.98779327972315], [2.30579053973382, 48.9877229962913], [2.3058538280987118, 48.987639282872586], [2.3057805441657204, 48.98761206129316], [2.3056782981735946, 48.987574240798196], [2.3056869071895045, 48.987563949276925], [2.3057891531677552, 48.98760176976493], [2.305808332262956, 48.98760826539142], [2.305862869791777, 48.98762728527333], [2.305898756062897, 48.987579832793834], [2.3059627356180017, 48.98749549383409], [2.3059632929322973, 48.98749468773555], [2.3059765246364075, 48.98747588008573], [2.306043381754646, 48.98738067682987], [2.3060437988377918, 48.98738013969396], [2.3061011720866222, 48.987289108005356], [2.3061585499367965, 48.98719771661032], [2.3062062951443854, 48.98712164661025], [2.306187115675292, 48.987084486701896], [2.306003013437939, 48.98701687759356], [2.3058028667945787, 48.98694342017656], [2.305594290826887, 48.98686685618731], [2.30544554069444, 48.986812310053516], [2.305419200967948, 48.98680999937177], [2.3053830539214912, 48.98681563520925], [2.305357610076442, 48.98682807736497], [2.305296098432823, 48.98690154944838], [2.305279229031462, 48.98692672062878], [2.3052815592494884, 48.9869466074966], [2.3052926803569003, 48.98696303820093], [2.3053168145173704, 48.986977026359085], [2.305448961150507, 48.987006207665665], [2.305464132184701, 48.98701609729033], [2.3054685659356324, 48.98703194971533], [2.305463433964005, 48.987068339534865], [2.305463157107906, 48.98706860770645], [2.3054534467138885, 48.98707952231364], [2.305433968988579, 48.987085164739426], [2.3054158494848895, 48.987081193076094], [2.305419736290301, 48.987076629415384], [2.305344414815747, 48.98704858643039], [2.305269769336201, 48.987021086859876], [2.305196619599535, 48.98699413545249], [2.3051619484946477, 48.98698134519305], [2.3051715271154856, 48.98697007014596], [2.3053118968854522, 48.98680317329286], [2.3053154807838383, 48.986790604574715], [2.3053114629840197, 48.986774304924595], [2.3052860516256137, 48.98675365493229], [2.3051428772911025, 48.986701119045534], [2.3049449094460384, 48.986628392178666], [2.3047495235759543, 48.98655675903715], [2.304581063422125, 48.98649472374984], [2.3045790212836526, 48.98649417236394], [2.3045405565732002, 48.98649943481513], [2.3045149543964176, 48.98651349452502], [2.304431072356941, 48.98661471320103], [2.304424425957327, 48.986631490606634], [2.304429541276164, 48.9866474369541], [2.3044485706147753, 48.986665082614316], [2.3046095625388476, 48.986723657646685], [2.3048052244986366, 48.98679511275257], [2.3049028531486133, 48.986830659161086], [2.3049043488046106, 48.986831207375104], [2.3049633161094167, 48.98684584703652], [2.3050090176101885, 48.98686139899625], [2.3050466967494656, 48.98687402687636], [2.305105234449869, 48.98693101854818], [2.3050946886249175, 48.986943097311325], [2.30507164933829, 48.98696985137174], [2.304985840547076, 48.98693931944246], [2.3049066964119422, 48.98691107418243], [2.304850667935945, 48.986891235885004], [2.30480417564972, 48.98694501128805], [2.3047404710662738, 48.987018920000786], [2.304655357545955, 48.98698749261724], [2.3045981468317125, 48.98704579197937], [2.304562440792186, 48.98706950500458], [2.304459667331574, 48.98711207312666], [2.3043522159326932, 48.98715704200503], [2.304201895129607, 48.98721983705177], [2.3040992540897336, 48.98726267540476], [2.304071487632541, 48.98728526531105], [2.304040666554535, 48.98732168590337], [2.3039806926875106, 48.9873923785455], [2.3039842315923607, 48.98741380116513], [2.303992543452427, 48.98742571945021], [2.304215526448932, 48.987518196489184], [2.304341897013671, 48.9875706360034], [2.3044722083489715, 48.98762471687074], [2.3044458364383296, 48.987655408165345], [2.304441810470121, 48.98766015083542], [2.304419186428388, 48.98768645754001], [2.3044183534269744, 48.98768744188251], [2.3043059840451754, 48.98764038920246], [2.3042349182516735, 48.987610841493385], [2.304160729388753, 48.98757983683229], [2.3040910240062007, 48.98755074654904], [2.3040160191684733, 48.987519467288564], [2.3039490332292214, 48.98749138186771], [2.3037995668775584, 48.98742909604245], [2.3036305363680727, 48.987358513320146], [2.3034418028252386, 48.987279812658805], [2.3034206764307563, 48.98727591316178], [2.3033884182529727, 48.98727680496511], [2.303357814464936, 48.987286788766966], [2.303340029396495, 48.98729864549036], [2.303253836828004, 48.98739868085092], [2.3031968846275057, 48.98737640845692], [2.303179212449074, 48.98736965138702], [2.304058573083256, 48.98632128651098], [2.304049124496723, 48.98630243741066], [2.3037965082306537, 48.986209158493985], [2.3036367520380465, 48.986150319725645], [2.303479034702528, 48.9860923018998], [2.3033211810965617, 48.98603428307011], [2.303085830457381, 48.9859476673937], [2.3030492587102027, 48.98593405613947], [2.303018321756157, 48.985938372660314], [2.3029982815099754, 48.98596559339868], [2.302941088820145, 48.986042866283825], [2.3028932233822808, 48.98610724415255], [2.3028244783598084, 48.98620027662385], [2.3027880184077456, 48.986249613344334], [2.3027625494811654, 48.986284266251516], [2.302739448963335, 48.986315515772645], [2.3027028546392643, 48.9863646718322], [2.3026548423334186, 48.9864297681349], [2.302654286185817, 48.98643048430106], [2.3025798383056384, 48.986520785716195], [2.302526504603389, 48.986585311477086], [2.3024631708861723, 48.98666191892267], [2.302376602057136, 48.98677975664262], [2.3023689728082557, 48.98677809363381], [2.302317070439236, 48.986858094679114], [2.302256790522248, 48.986951445771425], [2.302219557610492, 48.98703791673598], [2.302205883579782, 48.98706922096001], [2.302176272184162, 48.98713757142299], [2.302167954089061, 48.987156677021204], [2.3021534348848127, 48.98718986474069], [2.302143411384233, 48.98724439077987], [2.3021429713191277, 48.987246636339634], [2.302142818995746, 48.98724780447574], [2.3021426171644177, 48.98725265923974], [2.3021381885896566, 48.98733824186483], [2.3021348683564753, 48.98740233891126], [2.302133561790034, 48.98742840949282], [2.302130131484639, 48.98749052754884], [2.3021241270013677, 48.98755101198236], [2.3021093859669852, 48.98770244943357], [2.302104216726775, 48.987751608196184], [2.3020955682967594, 48.98783599721223], [2.3022296504053084, 48.987894059133424], [2.3023308560340574, 48.987937991397914], [2.3024853145569364, 48.988004984132544], [2.302630942133033, 48.988068238419906], [2.3026916661381027, 48.98809457959809], [2.3027875742097783, 48.98813623255798], [2.3028271520522203, 48.988149951247664], [2.302877203245209, 48.9881672378416], [2.3028739860073735, 48.9881727944791], [2.302976672039057, 48.98819812037232], [2.3031110912942707, 48.988231184174175], [2.303191851508871, 48.98825107696792], [2.3032426499613945, 48.98826360173833], [2.3033244534716806, 48.98827702592356], [2.3034368003546666, 48.988295213540624], [2.3034890230453344, 48.98830343008993], [2.30353551578599, 48.988310983882116], [2.3035862982547735, 48.98831451594549], [2.303705199390009, 48.988322849639516], [2.3037766145131577, 48.98833657292411], [2.303866843484945, 48.98835346276597], [2.3039636613404384, 48.98837830413404], [2.303965158235466, 48.98837876244128], [2.304047216653391, 48.988403787890185], [2.304086605419586, 48.98842146174608], [2.304193769939811, 48.98846956349934], [2.3042893909995485, 48.98851238258896], [2.3044940780661554, 48.98860421334622], [2.304494484344002, 48.98860448547528], [2.304537081521149, 48.988627483330376], [2.3046606606198345, 48.98869474381977], [2.304662018494131, 48.988695381161676], [2.3047134979546335, 48.988718340503084], [2.304734007533093, 48.98872754174181], [2.3048669850110874, 48.98878685318001], [2.304946652249866, 48.98873533829233], [2.3049385843560293, 48.98872557969486], [2.3049875896711662, 48.98870877790045], [2.3050625909831544, 48.9886281003247], [2.305252235036092, 48.98842462006261], [2.3052525119003935, 48.98842435189188], [2.3053648504628614, 48.98827968410438], [2.3054759359124932, 48.98813671751038], [2.3054680158305683, 48.98811589906423], [2.305435182951782, 48.98808819204743], [2.3052791477502446, 48.98802640964097], [2.3052421785080006, 48.98801171769584], [2.3051078875658813, 48.98795878366662], [2.3049810777414663, 48.98790841071171], [2.3048496456832064, 48.98785630226863], [2.3047174001400528, 48.987803739339775]]], [[[2.2908283872738036, 48.98718532604719], [2.290767924368544, 48.98717040080654], [2.290485810957488, 48.98729750523323], [2.2903809110523503, 48.98734481480038], [2.2903793983447134, 48.98734552525238], [2.290269549007922, 48.98739505356909], [2.2900644242221264, 48.98748745176994], [2.2899542998038345, 48.9875370680921], [2.2898430747902867, 48.98758721734683], [2.2897410625381074, 48.987633104642875], [2.289615538198837, 48.987689733548045], [2.2894902892986218, 48.987746184101916], [2.2893899245544946, 48.98779145137873], [2.289295883837096, 48.98783387843657], [2.2891067040022417, 48.98791908551992], [2.288995889696208, 48.987969056564744], [2.288823344200315, 48.98804680808488], [2.2886556109366714, 48.98812233976467], [2.2885240332035868, 48.98818180922037], [2.288389709060465, 48.988242251414114], [2.288298967957237, 48.98828307860564], [2.288289318727345, 48.98832915280432], [2.2883899137096955, 48.98842686829421], [2.2884563074707227, 48.98853759980852], [2.288592704825949, 48.98876492920246], [2.288657525106245, 48.98877106871483], [2.28879317601647, 48.9887235832794], [2.2889148228100984, 48.98868096055608], [2.289058709140659, 48.98863073595922], [2.289200949494065, 48.98858095106176], [2.2893091408003166, 48.98854301423572], [2.2893459639638754, 48.98852812498327], [2.2893979035908587, 48.98850694058972], [2.289493982580951, 48.98846542479062], [2.289618380250158, 48.98841139719066], [2.289756935198587, 48.988351248456574], [2.289902911991609, 48.98828790619416], [2.290005176529203, 48.9882436389217], [2.2901312212714138, 48.98818899105811], [2.2902549295641155, 48.988135318412446], [2.290356643306338, 48.98809131735379], [2.290473064439567, 48.98804092859769], [2.290574779039872, 48.98799683743264], [2.2906844657286616, 48.987949286243534], [2.290794701180349, 48.987901558347325], [2.2909085095959765, 48.987852322743535], [2.291010637019389, 48.98780796387082], [2.291194134358216, 48.98772838549185], [2.291213405364272, 48.98768794323269], [2.2912136884293397, 48.98768722550614], [2.291153811374538, 48.98760926660822], [2.291087223391101, 48.98752245538392], [2.2910176789256664, 48.98743202964849], [2.2909582086561286, 48.98735434280919], [2.290901687890011, 48.987280809911105], [2.2908283872738036, 48.98718532604719]]], [[[2.300194222454898, 48.98770613154312], [2.3000781175988028, 48.987693224503516], [2.3000245499080307, 48.98770379288621], [2.2997932735708093, 48.98790279570069], [2.299756504155082, 48.98793423461466], [2.299730928763684, 48.98795629675472], [2.299700375377779, 48.987982736145405], [2.2996724469716687, 48.98800703265643], [2.2995912866147052, 48.988077779277916], [2.299567205506769, 48.98810047957731], [2.2995583582939063, 48.9881080715293], [2.2995450892878067, 48.98811932457948], [2.2995066642738533, 48.98815192276804], [2.299428152741212, 48.988218728049404], [2.2993410706246933, 48.98829285705266], [2.299259238351859, 48.98836270026471], [2.2991758859641096, 48.98843379348425], [2.299102348015208, 48.988496491054875], [2.2989689604393964, 48.98860991612427], [2.298857823217834, 48.98870467680623], [2.298811374540738, 48.98874451176958], [2.2988052888217996, 48.988749961609], [2.298794956782136, 48.98890807873301], [2.2988342965523847, 48.98890902803807], [2.2996435053577646, 48.988937854126455], [2.299887293385852, 48.988946470901034], [2.299935778951995, 48.98894810268451], [2.300088743066754, 48.98895358126011], [2.3001780629326665, 48.98895680001649], [2.3003207858801016, 48.9889617689377], [2.3003529413861594, 48.98894828790433], [2.3004707987849486, 48.9887094158162], [2.3004824585936023, 48.9886857436834], [2.300543287002026, 48.9885621821096], [2.300598349957481, 48.98845072671695], [2.3006903660830487, 48.988263680154596], [2.300757935562261, 48.98812648916254], [2.30084067422482, 48.987958632256884], [2.300833248175411, 48.98793170148746], [2.300752322862119, 48.98787340826712], [2.3007033295857022, 48.98783850169304], [2.3007019778324205, 48.98783741471738], [2.3005441025264366, 48.987790992508145], [2.300385003911348, 48.9877441133304], [2.300382146848105, 48.987743197422716], [2.3002302290166043, 48.987711017644095], [2.300194222454898, 48.98770613154312]]], [[[2.2938823896806637, 48.987262779489505], [2.2938134608959975, 48.987257427924696], [2.2937177950233414, 48.987299129478146], [2.2935802075134277, 48.98735901872394], [2.293445091182304, 48.98741802311495], [2.293308738793804, 48.987477469695925], [2.293171289412794, 48.98753717943222], [2.2930332858699165, 48.987597425293195], [2.2929293709815624, 48.98764276452279], [2.29280277665731, 48.98769795163842], [2.2926999629496576, 48.987742667684365], [2.2925934344288645, 48.98778925015978], [2.2924706869901548, 48.98784284095644], [2.2923446406498256, 48.98789785096591], [2.2922147464277227, 48.98795445678876], [2.2920777019611833, 48.9880143474986], [2.2918903524292613, 48.988095882815784], [2.2917464390485267, 48.98815843034759], [2.291734999574603, 48.9882057531897], [2.2917930156343447, 48.98828001384297], [2.2918560062448097, 48.988360238859], [2.2919191324531893, 48.9884405545598], [2.292009921753759, 48.98855646382073], [2.2920733167971914, 48.98863714070815], [2.2921686750295334, 48.98875874204099], [2.292170555999633, 48.9887610911814], [2.292323170739833, 48.98896270346313], [2.2923974571470596, 48.98896610911643], [2.2925799263838833, 48.98879156210487], [2.2927863420855, 48.98859431505925], [2.2928800697444665, 48.988504493109616], [2.2929243986878447, 48.988470133326615], [2.2930227623881465, 48.988421164425915], [2.2931574453699106, 48.98835406476535], [2.293165712799662, 48.988348987759416], [2.293245487237685, 48.98830044870532], [2.2933013668111064, 48.98827074298286], [2.293435552656971, 48.98819995316062], [2.2935857092184593, 48.98812026474067], [2.293694024942181, 48.98806281102116], [2.293826560409276, 48.98799273043675], [2.2939500133564343, 48.987927362269346], [2.2940771842455994, 48.98785985765291], [2.2942080669405396, 48.98779066616332], [2.2942854130942707, 48.98774975572742], [2.2943065667957634, 48.98768117759217], [2.2941237350532284, 48.98750088187365], [2.2938823896806637, 48.987262779489505]]], [[[2.303025536537437, 48.98910871147063], [2.3031055312092317, 48.989053332951244], [2.303105937483318, 48.98905360508488], [2.3031109590500463, 48.98905615214108], [2.3031126154992916, 48.98905490281767], [2.303122560221937, 48.98904695728859], [2.3031297675073947, 48.989039355557644], [2.3031364367096194, 48.98903112122864], [2.303141178612833, 48.98902395480076], [2.3031478410342245, 48.98899584709096], [2.3031520725851924, 48.988985979959665], [2.3031572376369995, 48.98897782681768], [2.3031618392848108, 48.98897092934792], [2.3031680949648154, 48.98896296238887], [2.3031735103629773, 48.98895651926784], [2.303178220904624, 48.988951690696084], [2.3031930079440515, 48.98893927705241], [2.3032050442859724, 48.988928196301366], [2.3032190091196143, 48.98891595772852], [2.303332042015843, 48.988821923473814], [2.303370329701192, 48.988789233369836], [2.3033868651125102, 48.98877889811889], [2.3033986912184834, 48.988773301529356], [2.3034116163873497, 48.98876726169645], [2.303428635626118, 48.98876160532976], [2.3034428969541416, 48.98875782136673], [2.303462622266598, 48.98875415904756], [2.3034339262254284, 48.98869311347026], [2.3034314925501103, 48.98867079802962], [2.3033854768931916, 48.98865821119131], [2.3036526030738766, 48.9883934949507], [2.303491053868501, 48.9883761909386], [2.3034434740721847, 48.98836818119557], [2.3033273183015073, 48.98834871252487], [2.303218662726802, 48.98833036639466], [2.3031627667531325, 48.98832095937272], [2.3031574527051504, 48.9883198494126], [2.3030873180737315, 48.98830235635954], [2.3030387020598053, 48.98829011397571], [2.3028980243252053, 48.988255035389315], [2.302849272978025, 48.988242702216674], [2.3028292525338334, 48.98823781987575], [2.3028185143808946, 48.988233620942715], [2.3027833097915096, 48.98821983774066], [2.3026612473729675, 48.988172187665576], [2.3026708231359243, 48.98816118258382], [2.302576646626387, 48.9881228668106], [2.302424850185919, 48.98806110531448], [2.3024224731937566, 48.988065138105995], [2.302361309297142, 48.98804104234971], [2.3023184936374967, 48.98802424723558], [2.3021669384453145, 48.98796491477417], [2.3021644875991663, 48.987964271046216], [2.302140517199061, 48.98795846636655], [2.3020985071221, 48.98795291644735], [2.302010936036228, 48.98795186747524], [2.3020055991031096, 48.987952465899895], [2.3018639442493685, 48.987969896433256], [2.301753805007711, 48.98805189631394], [2.301709920119203, 48.98810451663698], [2.30168214621929, 48.98813771705318], [2.3016702697478366, 48.98819789747939], [2.3016529899827103, 48.98828394476341], [2.301651845156929, 48.98830812784247], [2.301651449853068, 48.988317207935495], [2.3016472937974517, 48.988423115026606], [2.301644381568179, 48.98848730429737], [2.3016396790462528, 48.98860336967815], [2.301654162967714, 48.988603364058356], [2.3016546991837274, 48.98867530691108], [2.301672405088185, 48.988781251288266], [2.301672798060715, 48.988782512520636], [2.301715381313192, 48.988857307896076], [2.3017481282187937, 48.98890147162858], [2.301806241628366, 48.98897977447809], [2.3018696800570173, 48.989048216568285], [2.301940932107801, 48.98912497714515], [2.3019750068868285, 48.989161864634184], [2.3020467343590743, 48.989233771975144], [2.3021535164157076, 48.989340863829526], [2.30215635669255, 48.98934303853971], [2.3023122287889515, 48.98945769964014], [2.30231263626931, 48.989457881858804], [2.302447556606209, 48.98949454624541], [2.302448509407181, 48.98949482155855], [2.3024929415167064, 48.989503263006654], [2.3025335563993745, 48.98951105277628], [2.3027059362243176, 48.98951574161897], [2.3027166798448415, 48.98944827069523], [2.3027218806263123, 48.98941709708825], [2.3027315543717433, 48.989358072851275], [2.3027767259704426, 48.98931139471718], [2.3028267495467993, 48.98925952913105], [2.3028158962667824, 48.989253710891276], [2.303025536537437, 48.98910871147063]]], [[[2.3014561625845373, 48.98939687543799], [2.3015382827444153, 48.989366509381234], [2.301569534190733, 48.9894202863668], [2.301621306508063, 48.98940107409102], [2.3016664890612923, 48.98938416147799], [2.3016798099773674, 48.98937920323167], [2.3017355650628373, 48.989358485368605], [2.3017520008991883, 48.9893759364682], [2.3018202353135444, 48.98935187405528], [2.301803817583907, 48.98933307420104], [2.301929336368737, 48.98928632436156], [2.301899464228736, 48.98923156631924], [2.3018994678526603, 48.98923129656649], [2.301837263671138, 48.989162501988915], [2.30180952848181, 48.989131766225775], [2.3017528454411944, 48.989069028674976], [2.3017287450035213, 48.98904236065114], [2.3016909052422245, 48.98900095494209], [2.3016375874900326, 48.98894201374881], [2.301575108324321, 48.988873397261244], [2.3015736259384894, 48.98887185991307], [2.301567741800657, 48.98878100176431], [2.301564203605935, 48.9887290946413], [2.3015612615507615, 48.988683665561595], [2.301558514203775, 48.988644082716526], [2.3015521270473673, 48.98853982284263], [2.301546003505827, 48.98843628389006], [2.3015445500181593, 48.98841226553804], [2.3015337209970594, 48.98836400286457], [2.301531861372719, 48.988360035352336], [2.3015210881379957, 48.9883381209349], [2.3015172370992336, 48.98832982544374], [2.3014831920534733, 48.98826029529877], [2.3014819938227866, 48.98825795028052], [2.301436469718082, 48.98819869462637], [2.301414177441975, 48.988169698999606], [2.301413097712916, 48.98816870354103], [2.3013774449168896, 48.9881374719199], [2.3013760955594553, 48.9881362051168], [2.30133222457295, 48.98810645434717], [2.301233912829197, 48.988060739604215], [2.301230650686193, 48.98805946165912], [2.301166087372004, 48.9880341764701], [2.301098403449245, 48.988007254422165], [2.3010872314133985, 48.9880048512992], [2.3010598442112604, 48.98799911642397], [2.3009787708246834, 48.98798227779953], [2.300936784928073, 48.98799525210776], [2.3009119219887864, 48.988045644934616], [2.300903071287809, 48.988063668232314], [2.3008954853133785, 48.98807909108169], [2.3008550367882323, 48.98816059695249], [2.300943714362748, 48.98819114851829], [2.301071288762336, 48.98823523547032], [2.3009998607739517, 48.98831395308857], [2.3009769759624374, 48.98833917852406], [2.300972816624592, 48.98834365052571], [2.3011333733203854, 48.98841436741972], [2.301212564846275, 48.98844926983013], [2.3012390527280915, 48.9884609344581], [2.3012788540967413, 48.988478341869026], [2.3010236450856505, 48.98859771411503], [2.301102844047249, 48.98864223857366], [2.30098610781502, 48.988696412563066], [2.300928209343985, 48.98872413172374], [2.300843904899953, 48.988764556211336], [2.3009338142000137, 48.98882550947284], [2.30093638718587, 48.988827233032794], [2.301004640248584, 48.98888302427456], [2.3010564035637078, 48.98892541056679], [2.3012191264733044, 48.98905872746202], [2.3012627805603834, 48.98909450192905], [2.3012795401958046, 48.98910817815043], [2.3013418475217846, 48.98915907862602], [2.3014002337724984, 48.98920689879838], [2.3014644312044332, 48.989259518777104], [2.3013702247651877, 48.98929449048998], [2.301260775955832, 48.98933503861265], [2.301280419443458, 48.98935781401045], [2.301067132816161, 48.98943822327817], [2.3011337193875225, 48.98951639592555], [2.3012949423804607, 48.98945654587421], [2.3014561625845373, 48.98939687543799]]], [[[2.2875912294788048, 48.98780074782665], [2.2874921935898755, 48.98778882919202], [2.287195741161787, 48.987924473508514], [2.2869302233693802, 48.98804609281413], [2.286870685997169, 48.98807325595838], [2.2873368411797568, 48.98852573990963], [2.2873690688444963, 48.98855704532055], [2.2873786203021043, 48.98856798295474], [2.2874826243886806, 48.98868604244516], [2.28793666751924, 48.98920553568152], [2.287978240817269, 48.98925290297394], [2.288132282387643, 48.98942908034815], [2.288186850723503, 48.98948542720498], [2.288328104582702, 48.98943806547879], [2.288405111860255, 48.989412444050075], [2.2884802000687183, 48.989387260814944], [2.2885521358391627, 48.98936277823776], [2.2886295626354882, 48.9893364397542], [2.288766018833754, 48.98929012816204], [2.288799103190605, 48.98927890383504], [2.288648501413472, 48.98906093268381], [2.288364759620664, 48.98858741473719], [2.2882904871528433, 48.98846332756841], [2.2882896772321986, 48.98846260336549], [2.2880677845557056, 48.988252391534985], [2.2879231845421657, 48.9881153872068], [2.28782418127969, 48.988021277730674], [2.2876909101055896, 48.987895221240514], [2.2876758025926356, 48.98788092341683], [2.2875912294788048, 48.98780074782665]]], [[[2.3046127252148736, 48.98910128495177], [2.304752900942401, 48.988939243848314], [2.3047522131493934, 48.988888522382645], [2.304709248773556, 48.98882145942134], [2.3045615309115557, 48.988740480461146], [2.3044440580396346, 48.988676402634134], [2.3043841752242518, 48.98873001024201], [2.304400995745352, 48.988739190149566], [2.3043653323975355, 48.98876982752929], [2.3043464576105963, 48.988760995404775], [2.304209767927711, 48.988897337841294], [2.3041956594781614, 48.9889101152431], [2.304302147370272, 48.98896801472955], [2.3042567607622226, 48.989010465740044], [2.304237896741641, 48.98900082434182], [2.304222970895961, 48.98901341715649], [2.3042589347895963, 48.989031790478364], [2.304231392560244, 48.98905797867346], [2.3042282693194753, 48.98905652176811], [2.3042202688955906, 48.989062140623304], [2.3041190492833308, 48.989008767856106], [2.3041076029890997, 48.989016614833375], [2.304040585619517, 48.988980526042056], [2.304013997547196, 48.98896607379929], [2.303949681598251, 48.988932338665165], [2.3039997427182075, 48.98888775669243], [2.304021731857291, 48.98886810083152], [2.304068666018604, 48.988822331669134], [2.304187924581681, 48.988885700814585], [2.3043254340700527, 48.988749363154746], [2.30430777692722, 48.98874143733039], [2.304344805382688, 48.988710897806506], [2.304362599150462, 48.988718824417816], [2.3044228966782327, 48.988664859525834], [2.304339610398792, 48.98861923448196], [2.304299323977379, 48.98859714920133], [2.3042978318883685, 48.9885963312277], [2.3041660069481447, 48.98854287092782], [2.3041215675989797, 48.98852480810902], [2.304054841522686, 48.988497623535416], [2.3039977643931726, 48.98847436165775], [2.3039334821105992, 48.98844836021161], [2.303931580144612, 48.98844753985535], [2.303743200538498, 48.988403282974566], [2.3037135918318037, 48.988400143633726], [2.303499478392939, 48.98861418049039], [2.303679588719528, 48.98869435960664], [2.303656189850388, 48.98871724451353], [2.303615213647435, 48.98875684330195], [2.3036960486067923, 48.98880182514659], [2.3038259835961323, 48.98887397930424], [2.3039009859777, 48.98891577979908], [2.303912241972451, 48.9889221398264], [2.3038551277628403, 48.988962814080594], [2.303785801175519, 48.988925722574486], [2.3036516125069015, 48.98885489255903], [2.3036332867404195, 48.98884588365969], [2.3035752296534024, 48.98881416298688], [2.30356246476866, 48.98880824379161], [2.303543838056481, 48.98880130139769], [2.303526662456842, 48.98879823418356], [2.3035072706511897, 48.98879740221759], [2.3034921035263567, 48.9887974040953], [2.303476769640741, 48.9887996531188], [2.3034579995163065, 48.98880341091019], [2.3034412450896835, 48.988809698290694], [2.3034292823500717, 48.98881529409101], [2.303419214347416, 48.988822249760034], [2.3032849006463634, 48.9889340555226], [2.303234168978952, 48.988977644134074], [2.303224878502362, 48.98898775166308], [2.303217872157466, 48.98900075004405], [2.3032109823290035, 48.9890254393013], [2.3032047644101903, 48.989040780299874], [2.30319832868987, 48.98905198350077], [2.3031872354689753, 48.98906405889813], [2.3031728594903504, 48.9890763850026], [2.303238917946174, 48.98912281003938], [2.303250451988773, 48.98912881204401], [2.3030810334409835, 48.98922944288761], [2.303079104929338, 48.98923060070553], [2.302992821303801, 48.98928621243943], [2.3029330035032625, 48.98932462242646], [2.30285705619024, 48.98937363969112], [2.302856901464034, 48.98937498766096], [2.3028486901050798, 48.9894472393174], [2.3028407543995337, 48.98951931272102], [2.3028884244209507, 48.98952066879432], [2.303000634450783, 48.98952887436076], [2.303021109927529, 48.98953043209817], [2.3030459977761666, 48.98953920942877], [2.303038532823382, 48.98954564063536], [2.3030746043557877, 48.989566173118305], [2.3031779377476975, 48.98962495448863], [2.3032106189069665, 48.98964357882236], [2.3034897830425582, 48.98979627297442], [2.3037287750358186, 48.98979604146278], [2.303740467113574, 48.98979026421692], [2.303860700653277, 48.98972999302805], [2.3039466812415927, 48.98968678852478], [2.3040021197958116, 48.989659053666294], [2.304094977511584, 48.989612471814915], [2.3041279943776805, 48.989595847417846], [2.304136942888936, 48.989590863541665], [2.3041950482826516, 48.9895578385105], [2.30420151934668, 48.98955418913051], [2.3042356653147333, 48.9895348735143], [2.3043028623171313, 48.98948616435194], [2.3043509602680277, 48.98944534770336], [2.304360540722618, 48.98943398282959], [2.304386640323176, 48.9894032900209], [2.3044052847624363, 48.98937830915751], [2.3044733167113525, 48.98928760995656], [2.304511579874881, 48.989236304973794], [2.3045466438917512, 48.98918920788914], [2.3045590278737724, 48.98917255369668], [2.304563755153347, 48.98916646622491], [2.3045861534343866, 48.989136651158795], [2.3046127252148736, 48.98910128495177]]], [[[2.2889610360589123, 48.989577604367554], [2.288897699179891, 48.98956284104904], [2.28868408481819, 48.98963576271308], [2.2887555890624562, 48.989742657457874], [2.2888106237740304, 48.98982490508539], [2.288822139111022, 48.98984214895769], [2.288822941677004, 48.98984341266047], [2.2889103119851755, 48.989969195589374], [2.28899956113069, 48.990097507461634], [2.289028101749402, 48.99013877215794], [2.289091027349439, 48.99019363935771], [2.2890919665607066, 48.990194903867824], [2.2891690990938107, 48.99031001479111], [2.289359399317962, 48.99024342878976], [2.2893734047956613, 48.99023847596006], [2.2894023770958434, 48.99022821629064], [2.289386304479789, 48.99020447091591], [2.2893808119504735, 48.99019643509135], [2.2893303181715843, 48.99012176833], [2.2892594609514965, 48.990017395699645], [2.2891741342856435, 48.989891984842274], [2.289087476153666, 48.98976404812634], [2.28901943258769, 48.98966382852101], [2.2889610360589123, 48.989577604367554]]], [[[2.29086734034746, 48.99000811521085], [2.290927275475979, 48.989981851729446], [2.2909995362282225, 48.99007373212611], [2.2916055052303794, 48.98964621252673], [2.291634755578152, 48.98962552269562], [2.291965017474547, 48.989345018624284], [2.2921377833768997, 48.9892008995475], [2.292181396259342, 48.98893830687692], [2.292181690340802, 48.98893677989134], [2.2920525123242292, 48.98877010659176], [2.291758034319275, 48.98839041484434], [2.2916853891939293, 48.98829673398766], [2.291610595052589, 48.9882003426447], [2.2915296241838803, 48.98809600138792], [2.291376013308483, 48.987897709234275], [2.291303235386034, 48.98780384746056], [2.291247203056462, 48.98779461391111], [2.2909708044772046, 48.987913300241466], [2.2907746713633834, 48.98799756959398], [2.2905904966577735, 48.98807660376659], [2.290453191474403, 48.988135411987514], [2.290329489526099, 48.98818863524983], [2.2902046869293833, 48.988242391420876], [2.2900764487102396, 48.98829756592915], [2.289903811345467, 48.988372081139275], [2.2898447059298297, 48.9883977195788], [2.2896782432380087, 48.98847029266324], [2.289552466907175, 48.98852521140708], [2.2893871111874518, 48.98859671154101], [2.289383814872924, 48.988597950964746], [2.2891996887050805, 48.988663134852885], [2.2890222889072174, 48.98872602027206], [2.2888418668302632, 48.988790056536025], [2.2887099134107514, 48.98883693447106], [2.288679398203899, 48.9888501523533], [2.28866118213281, 48.98887324494809], [2.288661691732356, 48.98889590901291], [2.288774015498476, 48.98906527376551], [2.2888255561948023, 48.98914318434272], [2.288941896293494, 48.989318687580635], [2.2889969185479004, 48.98940183432995], [2.289067240176888, 48.989505304763284], [2.289242707583646, 48.98976370884647], [2.289421522471934, 48.99002725813089], [2.2897551509846936, 48.990511229628495], [2.28978559894712, 48.99054297340397], [2.2898085955140344, 48.99055003371942], [2.2898337055038813, 48.99055243045901], [2.2898509742677446, 48.990548665909635], [2.290035557972273, 48.99048042637323], [2.290542195323897, 48.99029341240699], [2.2906285217119535, 48.990255794772295], [2.2908077901919706, 48.99017637196047], [2.2909326164411437, 48.99012117658175], [2.2909464147248495, 48.990111366413494], [2.29086734034746, 48.99000811521085]]], [[[2.2895682051885804, 48.99047235451714], [2.289548110850847, 48.99044292010563], [2.289431674681189, 48.99048395563651], [2.2893557446389985, 48.990510663180416], [2.28928173600719, 48.990536752584994], [2.289206491442228, 48.990563284245134], [2.2891968815297523, 48.99056655452647], [2.289129189903959, 48.99059034321874], [2.289037744809777, 48.99062244404], [2.2890273089173645, 48.990626159036516], [2.289161635939501, 48.990805635130634], [2.2896524476026334, 48.99063723550288], [2.289660756301159, 48.990629191477154], [2.2896653855034446, 48.99061042463783], [2.2895682051885804, 48.99047235451714]]], [[[2.305237930182366, 48.98999533979584], [2.30537940387616, 48.98994067548879], [2.305530080939953, 48.989882377378564], [2.305704518857057, 48.98981495434929], [2.305401843340019, 48.98964198618506], [2.3053115255001417, 48.989590655918356], [2.305139035356146, 48.989491999025084], [2.3049598942203504, 48.989390066058235], [2.304957452893889, 48.989388703047396], [2.304993302256395, 48.98935437967925], [2.3050042368413655, 48.989343921843655], [2.30503787238303, 48.98931165390267], [2.305097804494315, 48.98925435937579], [2.3050728495486306, 48.989240366455455], [2.305002463549367, 48.98920066172022], [2.3050932682712326, 48.989113331355554], [2.305105729771895, 48.98910108386053], [2.3050913779815576, 48.98909119895803], [2.3050262601741984, 48.989066272376], [2.3050863498405763, 48.98901761151721], [2.3050359858107368, 48.988992950238426], [2.305026068308653, 48.98898866633673], [2.3050200914441534, 48.98898602390293], [2.305013564450763, 48.988983648056006], [2.3050077145971346, 48.98898172575409], [2.3049996846704697, 48.98897934120061], [2.3049893308249696, 48.988977033109485], [2.304981836597723, 48.98897546097936], [2.3049721574872373, 48.98897378626752], [2.304959466495472, 48.98897254373033], [2.3049225919260103, 48.988971161093055], [2.3049165549313746, 48.988973014535844], [2.304856176541112, 48.98899217837023], [2.3048538429978973, 48.988992974171595], [2.3048018148514693, 48.989031430222454], [2.304763349152039, 48.989067267100964], [2.3047106287652026, 48.98911659997505], [2.304707999093554, 48.98911910262471], [2.3046394513315533, 48.9892075508654], [2.3045992658530956, 48.98925956414464], [2.304556298330083, 48.98931524819062], [2.3045337657305494, 48.98934488261896], [2.3044641014541485, 48.989435032839104], [2.3044279453464465, 48.98948203363438], [2.3043355775150105, 48.9895430964409], [2.304241967738871, 48.98960505121778], [2.304117478784741, 48.98968723970147], [2.304115686911526, 48.98968839832801], [2.3036374359001934, 48.98993318585068], [2.3035795428624035, 48.989919720852754], [2.3035200174918913, 48.98990570680393], [2.303493863535593, 48.98989961996255], [2.3033595055655103, 48.98982087535481], [2.303222028365947, 48.989740403907525], [2.3032203244870244, 48.98973499853918], [2.3031761271877733, 48.989709023439055], [2.3031170149458995, 48.98967441886029], [2.3030082591481267, 48.98963278153351], [2.3029489218865162, 48.98962515293187], [2.3027237127501063, 48.989596237499605], [2.302677550442102, 48.98959453042573], [2.302663592259307, 48.989596067944], [2.3026291066944884, 48.98959991411503], [2.3025857255622153, 48.98960478766462], [2.30234063942638, 48.989672245039664], [2.3027917248783796, 48.9901895951941], [2.3032811755409544, 48.99075077949852], [2.3034674327332323, 48.99096417254118], [2.3034914656951906, 48.9909552296839], [2.3036985917470454, 48.990875859549824], [2.3039083252795836, 48.9907956049386], [2.304229858135371, 48.99067274464579], [2.304406627996732, 48.990604977353144], [2.304592323163147, 48.99053393432252], [2.3048571317722404, 48.99043250528473], [2.304888311326848, 48.990420456193554], [2.30498212076663, 48.990384490288506], [2.3053464060944098, 48.9902420912374], [2.3051563420926375, 48.990026880459865], [2.305237930182366, 48.98999533979584]]], [[[2.29593082330716, 48.990804272075856], [2.2959128005252363, 48.99078303405052], [2.2956006163033083, 48.990880028779486], [2.2955781118233083, 48.99088700069843], [2.2955443059343956, 48.99092124331944], [2.2955134095746024, 48.99095253550371], [2.295559184323982, 48.991013143616094], [2.29561207898619, 48.99108278595713], [2.2957124253058114, 48.9910490238411], [2.2957131194528055, 48.991048218594884], [2.2957523893727223, 48.99100402637934], [2.2957952629283005, 48.99095607846945], [2.2958554814492227, 48.99088862878622], [2.29593082330716, 48.990804272075856]]], [[[2.295126646665423, 48.991268776683604], [2.2952759483847878, 48.99122235338949], [2.295191543414335, 48.99110837287875], [2.2951657801230114, 48.991073510674404], [2.295144572220717, 48.99104532963882], [2.2949956673803293, 48.99109274427667], [2.2948884838351558, 48.991126825313664], [2.294839634015249, 48.99114182540081], [2.2948688679060516, 48.99118273301271], [2.294918130104212, 48.9911675554883], [2.294933960335551, 48.99118923039561], [2.2949863822291476, 48.99117281246717], [2.295036958350265, 48.99124208173349], [2.295094044191172, 48.99122434229335], [2.295126646665423, 48.991268776683604]]], [[[2.30926582334677, 48.99095794625915], [2.309437137316121, 48.99087871979899], [2.3094391999928767, 48.99087774250211], [2.3095225042854586, 48.99075808292032], [2.3095362127746792, 48.990744493297825], [2.309687540276177, 48.990595909655354], [2.3096798646646692, 48.99056681990726], [2.3095834919185587, 48.990487401676845], [2.3094856179269856, 48.99053126111652], [2.3093901326867354, 48.990580439765665], [2.3094351006850964, 48.990630966335324], [2.3094110545559388, 48.99064098939626], [2.309312115734384, 48.99068268437585], [2.3092715777400077, 48.99069980642599], [2.309094447376753, 48.99077459287303], [2.3090267024157645, 48.99080306849633], [2.3088710096624845, 48.99086871584994], [2.308840914278229, 48.990881491607595], [2.3088337658875404, 48.99087443632672], [2.30877307655118, 48.99081419706098], [2.308744353615747, 48.99078543562427], [2.308885606318183, 48.99072671936092], [2.308842194670705, 48.990682496261826], [2.308736521918358, 48.990727029559515], [2.3086364857212547, 48.99076898743366], [2.3085710764769063, 48.99079648709126], [2.308310947782314, 48.990906044434844], [2.308311352901239, 48.99090640646788], [2.3083116237784944, 48.99090658787823], [2.308333482254277, 48.99092748642263], [2.3084147112682776, 48.991005019856544], [2.3084904078525534, 48.99107730572918], [2.308309093405099, 48.99115827167268], [2.30826661786192, 48.99117718069782], [2.308244616010367, 48.99118757500557], [2.308319847656605, 48.99126399481395], [2.308117048156216, 48.99135751593882], [2.308107972664032, 48.9913617799759], [2.3080620510280623, 48.99138291716395], [2.3081440654515024, 48.99146306308173], [2.308166162333459, 48.991466068071944], [2.308186155629215, 48.99146285614852], [2.3084080027689944, 48.99135505680626], [2.3084091030431773, 48.99135452360194], [2.3086622279763858, 48.99123746200307], [2.308732486986178, 48.99120495447991], [2.30892319144896, 48.991116578262904], [2.3090652200916635, 48.99105094209387], [2.30926582334677, 48.99095794625915]]], [[[2.2945963509228986, 48.991346951985534], [2.2946943340973016, 48.99131623426271], [2.294705734608383, 48.99133203806555], [2.294804125158485, 48.991301502496825], [2.294901006493143, 48.99127140760085], [2.2948528765520986, 48.991203141823924], [2.2947811466792563, 48.991101735015754], [2.2946834360119768, 48.991132544339415], [2.2945836671441504, 48.99116397095449], [2.2944869175786646, 48.991194426070045], [2.2943903045358938, 48.99122488191026], [2.294418315719126, 48.99126524289299], [2.2943314549712412, 48.991291979203346], [2.2943130777168594, 48.99126669225668], [2.294144950782107, 48.991320737121434], [2.294176077595537, 48.991363094825616], [2.294139399218278, 48.991437696247964], [2.2942387032781597, 48.99146067159589], [2.294339372573051, 48.99148374481428], [2.294439767462594, 48.991506906258074], [2.294479827190668, 48.99143484251939], [2.294505453105084, 48.99138922162523], [2.29449754415089, 48.99137793455903], [2.2945963509228986, 48.991346951985534]]], [[[2.2951394085577834, 48.99164761361217], [2.2951672411254562, 48.99166090608362], [2.2951948588214295, 48.99162959474687], [2.2952441187170143, 48.991574310762], [2.29529989556086, 48.991512050919944], [2.2953537361886327, 48.99145148824362], [2.295407159465624, 48.991391462636564], [2.295454335225809, 48.99133868420297], [2.2955073386090152, 48.99127937547675], [2.2955506347165304, 48.99123053089997], [2.295439704082524, 48.99118824451759], [2.2952870867549895, 48.991237346277344], [2.29523891402963, 48.99125280012472], [2.2951568445332966, 48.991278935700905], [2.29514584288596, 48.99128408669411], [2.2951151766056483, 48.99129838438804], [2.295016045698925, 48.99126264149954], [2.2949585266702615, 48.991322373101525], [2.2949635578170566, 48.99132420115457], [2.2949362292780195, 48.991354345127576], [2.294909707172812, 48.991345196825385], [2.2948906987999593, 48.99136639722996], [2.2948716891914107, 48.99138768754842], [2.294896833964111, 48.99139763708515], [2.294870448382502, 48.99142877575232], [2.294821103080342, 48.991409781457534], [2.2947290772637716, 48.99137408009323], [2.2947175241798763, 48.99136951595947], [2.2945812703795374, 48.99141097949697], [2.294561668830001, 48.9914456650365], [2.2945169878748435, 48.99152597468328], [2.294630453694647, 48.99155262994818], [2.294730298637409, 48.991576057686316], [2.2948320492686354, 48.99160003608704], [2.2949332558851085, 48.991623831354666], [2.295008036700866, 48.99164144633251], [2.2950200961528195, 48.991628837836565], [2.2951394085577834, 48.99164761361217]]], [[[2.29494413655377, 48.99190958532352], [2.295012266413324, 48.99183328007689], [2.295018894558109, 48.99181812178637], [2.2950550192917802, 48.99174396649742], [2.294959402321074, 48.99172110342622], [2.2949241254676926, 48.99171262308444], [2.2948726400212767, 48.99170027065266], [2.2948242887170642, 48.99168856608948], [2.294787921249705, 48.991679899448556], [2.294751009685979, 48.99167104974946], [2.294701432362102, 48.99165906815653], [2.2946519892572637, 48.99164726718082], [2.2946123535395175, 48.991637771953116], [2.2945789836169874, 48.99162975234151], [2.2945268175903153, 48.99161721590921], [2.294492766950018, 48.99160901242202], [2.2944100907068, 48.99158919250435], [2.2942978595383066, 48.9915621845954], [2.2942654437293895, 48.99155435035604], [2.2942379863478273, 48.99159867000449], [2.29432311833558, 48.99171466522874], [2.2943423243797336, 48.991719184482314], [2.2944529333531767, 48.991744923862115], [2.2944397622140826, 48.99176894617164], [2.29441701211308, 48.99176377662206], [2.2943808768061857, 48.9918285795162], [2.2943350789374, 48.99191059106626], [2.2943837243717455, 48.991920768837446], [2.2943803473763316, 48.99192794293497], [2.2944201064802447, 48.99193842813025], [2.294456054385673, 48.99194781180842], [2.294460929506537, 48.99194100621588], [2.2945124138727993, 48.99195344873879], [2.294614021180479, 48.99197796601612], [2.2946037841542144, 48.9919972395914], [2.294678009016669, 48.992025642431635], [2.294775069604423, 48.992062992038285], [2.2947989959230335, 48.99207212510596], [2.2948152303346876, 48.992053965856556], [2.2948432595867208, 48.99202256710418], [2.294863796863622, 48.99199948729026], [2.29494413655377, 48.99190958532352]]], [[[2.3118465720565258, 48.99151133225094], [2.31175798774787, 48.99137998427306], [2.311700716855625, 48.99141211843773], [2.311558894597756, 48.99131796333738], [2.311556985258489, 48.99131768260923], [2.3114228585003582, 48.991302794838205], [2.3114224497820457, 48.991302702568305], [2.311317471196999, 48.991274313450276], [2.3113123068313635, 48.991261874248806], [2.3108981355525584, 48.99115842133577], [2.310872480330876, 48.99117643871088], [2.310967794463047, 48.99127410439933], [2.3110272707346864, 48.991323005078435], [2.311187018017703, 48.99143587805326], [2.3111882358308646, 48.99143678428772], [2.311246788216524, 48.99148325158763], [2.311246922469879, 48.99148343220693], [2.311365219546175, 48.99159984380277], [2.311455401571766, 48.991724007271], [2.311555452311178, 48.99189750578939], [2.311599802432518, 48.991974285811985], [2.311625315480146, 48.992018585005134], [2.31177547079334, 48.99227815846713], [2.3118340041896532, 48.992253944863194], [2.3119507061464577, 48.992202098355015], [2.3120516910966478, 48.99214009010304], [2.3120693373390715, 48.99210772861591], [2.3120884492670872, 48.99204722923182], [2.312087763278764, 48.99201647119773], [2.3120142716142684, 48.991849420141605], [2.3119988894890726, 48.99181399169654], [2.311919303581217, 48.99163251771364], [2.3118465720565258, 48.99151133225094]]], [[[2.3095446413265357, 48.99209493576093], [2.3094700225875626, 48.992044148750075], [2.30935306555046, 48.99209446268426], [2.309271151988041, 48.99212987095951], [2.3091800333025443, 48.99216900300147], [2.309067469672824, 48.99221772331183], [2.3089972393972915, 48.99224798306511], [2.3089582066957686, 48.99226484388768], [2.309032534695543, 48.99233748113261], [2.3095446413265357, 48.99209493576093]]], [[[2.3104104570727424, 48.99273280176025], [2.3103034409032728, 48.99268272835622], [2.310236865958603, 48.99272586899711], [2.3101959443620177, 48.992699735572806], [2.310265740806728, 48.992650678471975], [2.3103165996120802, 48.992628219979174], [2.3103319641679403, 48.99262372215517], [2.310366121207001, 48.99261384696072], [2.31051585228158, 48.99279176824914], [2.3107288766980765, 48.99271044169668], [2.3108767967529364, 48.99265409950861], [2.311020599402484, 48.99259908235856], [2.311067713711521, 48.99258073856244], [2.311165105211172, 48.99254254035971], [2.3112341997876276, 48.99251542018024], [2.3113192279232346, 48.99248209671569], [2.3113697782706852, 48.992462243809165], [2.3115146980030743, 48.99240534406493], [2.3115653860319485, 48.99238540194115], [2.311546257606205, 48.9923542683248], [2.31168103984833, 48.99231988119852], [2.311754319978651, 48.99228622025699], [2.3115093698057736, 48.991858663855986], [2.3114264335732986, 48.99171358966475], [2.3113612606188663, 48.99163048527296], [2.311304006045736, 48.991568558503126], [2.3112256979995376, 48.991497068793734], [2.3112252928557178, 48.99149670677074], [2.311110068927135, 48.99140621087556], [2.3110198656545142, 48.9913352821926], [2.3109708956025097, 48.991297862235434], [2.3108635836584965, 48.99119814930774], [2.310867710175932, 48.99119610474799], [2.310805343207667, 48.991128213338044], [2.310738329863586, 48.991101570483586], [2.310515954144744, 48.991012796423966], [2.3102674645947667, 48.99113105759092], [2.3103225426204967, 48.9911818217592], [2.3102847337156653, 48.99119922960369], [2.310268175703851, 48.99118043015505], [2.3102263292599354, 48.99116229464819], [2.3101816492139724, 48.99116203778433], [2.3101476935481418, 48.99117739947854], [2.3101277208812476, 48.991158490453095], [2.310205967026268, 48.99112126200167], [2.310283661741152, 48.991084390026266], [2.31031460176676, 48.99106973035378], [2.310377307547723, 48.991039966108595], [2.3104713690675798, 48.99099509488403], [2.310342512613868, 48.990943547033964], [2.310266203179096, 48.990906958793275], [2.3101782207920256, 48.9908644583071], [2.3101772703123675, 48.99086400322064], [2.3100257947193388, 48.99077680483867], [2.3099566337647084, 48.990737020221225], [2.3098146552774876, 48.99065500186776], [2.3097837526229132, 48.9906462812843], [2.3097457824641556, 48.99064498376109], [2.3097068909659213, 48.990651324500384], [2.3096726562507923, 48.99066713408309], [2.309566486576636, 48.99079025918018], [2.3096217312526717, 48.990838686617074], [2.3095425035757025, 48.99087779746147], [2.309375793555182, 48.99096019792478], [2.3091371860774643, 48.99107500659896], [2.308963629818027, 48.99115835622994], [2.308961068408413, 48.991155733671015], [2.3085780441617625, 48.991330588193165], [2.3085765327833987, 48.99133120895441], [2.308455497941445, 48.99139022120815], [2.3082198912748715, 48.991505135254215], [2.308216322455126, 48.99153712774847], [2.3083126294143734, 48.99163174383416], [2.3084569622497666, 48.991773037592395], [2.3085188760983537, 48.99183373363757], [2.3086174818832816, 48.99193025110431], [2.308689645442977, 48.99200116755648], [2.3087261971579176, 48.99203725794161], [2.308775566915366, 48.99208565186143], [2.3088369804709625, 48.99206073690577], [2.308966674005946, 48.992008338639636], [2.309305057514571, 48.99187162368967], [2.30930317087642, 48.99186963449454], [2.309336431296307, 48.99186550958273], [2.3093481431211593, 48.991878795870775], [2.3093237872659103, 48.99189151485242], [2.3093150288935225, 48.99188220223286], [2.30884449708027, 48.9920709416492], [2.3087847363374916, 48.992094876962575], [2.3088084785432486, 48.99211803435203], [2.3088529916480596, 48.99216172419544], [2.3088892786832242, 48.9921971835295], [2.3089292606532066, 48.99218086774147], [2.30894895282394, 48.99220031487867], [2.3089873507570533, 48.99220035616921], [2.309110504955459, 48.99214648130459], [2.30943474192206, 48.992004918559466], [2.309549784547517, 48.99195468345121], [2.3095507469895002, 48.99195423936789], [2.3097707831836383, 48.99183869364863], [2.309796847353961, 48.99181051742119], [2.3098351062410027, 48.99184158153007], [2.309867953391368, 48.991868567905236], [2.3098144526595297, 48.99187392540567], [2.3096344386202907, 48.9919700979824], [2.309708357497914, 48.99202213980812], [2.309840368999224, 48.99211408242856], [2.309979152018889, 48.992210649972534], [2.310153405555703, 48.99233224037615], [2.3101433473218864, 48.99233847724709], [2.3100807989937415, 48.99229450434961], [2.309705173466013, 48.99203552021054], [2.3095873084336183, 48.99209248354598], [2.3094853912280855, 48.992142164750575], [2.309477669732948, 48.99213708455418], [2.3090954781017707, 48.99232084789289], [2.3091305460706644, 48.9923452394418], [2.3090979604969024, 48.992360249019605], [2.3090832522878633, 48.99238732145881], [2.309222593413761, 48.992524089215145], [2.309434374144152, 48.992731774320355], [2.3095796066286964, 48.99266183969583], [2.309614931335167, 48.99262580347786], [2.30973447861703, 48.99250401442818], [2.309772153915849, 48.992527611463835], [2.309637132136589, 48.992662170683296], [2.3096380799574363, 48.992683398257824], [2.309554715621186, 48.99272509306093], [2.3094705253336287, 48.99276723267317], [2.3095727761650204, 48.992867367195274], [2.309727767162189, 48.99301951145285], [2.3097824515524623, 48.99302800912733], [2.3099113874172463, 48.992991612031204], [2.309960630217984, 48.99297768720007], [2.310066246141006, 48.99294799006741], [2.310068304112274, 48.99294737243102], [2.3101326608931387, 48.992927239736794], [2.310205935087754, 48.99290446054571], [2.310285799006282, 48.992879381158524], [2.310286210122085, 48.992879293597426], [2.310340873599295, 48.992858475603406], [2.3104267155528864, 48.99282569699843], [2.3104699792836856, 48.992809219718204], [2.3104104570727424, 48.99273280176025]]], [[[2.309227722520872, 48.99407072494869], [2.3092659138219442, 48.99392194051099], [2.309266345268408, 48.993920324360055], [2.3093219433448438, 48.993819030112284], [2.3086752390959115, 48.99392618241438], [2.3086431915424925, 48.993931483144806], [2.3085133567541316, 48.9939530362004], [2.308509787043174, 48.99394402321453], [2.3085186999840657, 48.99394173654955], [2.3086230819693654, 48.99392282448496], [2.3086242794565015, 48.993925259336606], [2.3086783744584163, 48.99391648867058], [2.308806286510464, 48.993895643754264], [2.3089725435001496, 48.99386863491851], [2.308972108140317, 48.99386026946556], [2.309056582065084, 48.99384834638155], [2.309101900659853, 48.99384186301595], [2.3092147158576863, 48.99382587656686], [2.3093268477701563, 48.99380988607891], [2.309327266066291, 48.993809259017546], [2.309406560089677, 48.99369353339866], [2.309428994589713, 48.99366093012016], [2.309429133622677, 48.993660751071985], [2.309508979313962, 48.99353432757047], [2.3095611804335, 48.99345207755793], [2.309503542924562, 48.99346010884331], [2.309350892795091, 48.99348135166378], [2.3093229627829923, 48.99348532741304], [2.3091960502856796, 48.99350303128953], [2.309044493043751, 48.99352428001265], [2.308897589893667, 48.99354492588109], [2.308896631004538, 48.99354510020664], [2.30882115441144, 48.993558693640836], [2.3086178684442116, 48.99359574027389], [2.308533898322507, 48.99361090322358], [2.3085551236138215, 48.99366920647325], [2.3086114049917823, 48.993824739879415], [2.3084960823889573, 48.993854559632254], [2.3084705649058597, 48.99380045808158], [2.308205820079074, 48.99387581719307], [2.308245947401417, 48.99393081234093], [2.3083078148699387, 48.99401569768502], [2.308316403262236, 48.99402752725444], [2.308357471765972, 48.99408369679483], [2.308360692570734, 48.99408812164216], [2.3083656586274626, 48.99409489457644], [2.3083711616859905, 48.994102389998766], [2.30841464801308, 48.99416172079546], [2.308419743547018, 48.99416903401796], [2.308487370013668, 48.99426276500252], [2.308576247235702, 48.99424861952951], [2.3086815576140185, 48.99423187094456], [2.308939148776581, 48.99419100046634], [2.3089763985046834, 48.99418501022307], [2.3091468934941357, 48.99415793563007], [2.309207831612441, 48.99414839480786], [2.309207569083256, 48.9941475839794], [2.309227722520872, 48.99407072494869]]], [[[2.3091262165149726, 48.994459152270586], [2.3091485552404225, 48.99431045649621], [2.3091789041903006, 48.994227361495845], [2.309195637901592, 48.99418159653354], [2.3089467416797507, 48.994216043099975], [2.308843238892723, 48.99423046430182], [2.308763539671179, 48.9942429542852], [2.3087153597941446, 48.99425904291953], [2.3086882455925317, 48.994263292993054], [2.3086905652192167, 48.994273827478565], [2.30866917691239, 48.99427909970103], [2.3085863661031047, 48.99429948496185], [2.308311061167193, 48.99436722980978], [2.3082889504228365, 48.99439596799292], [2.308257198750488, 48.9944098131158], [2.308367279124715, 48.99458912684453], [2.308686051598231, 48.99447954783217], [2.308754000662361, 48.9944566489413], [2.3087697661718107, 48.994493968336705], [2.3087738717798785, 48.99450379371357], [2.308780219013878, 48.99451974684139], [2.3087803413045984, 48.994520826634975], [2.308783336373312, 48.994552497168506], [2.308783811182669, 48.99455789534907], [2.3087875352173355, 48.99459640431118], [2.308789072369919, 48.99461439798312], [2.308790399630266, 48.994627624469175], [2.3088125242105124, 48.994628651153086], [2.3088304151786696, 48.99462947359919], [2.30886074206826, 48.994630277747035], [2.3090797247471984, 48.99463603503756], [2.3091033584137204, 48.99463662073659], [2.3091206684477665, 48.99457835967174], [2.309090075127656, 48.994566763164926], [2.3090971847750006, 48.99454594171257], [2.3091262165149726, 48.994459152270586]]], [[[2.3045543180005086, 48.99475197283985], [2.3044777046767093, 48.994656299148104], [2.304062920303479, 48.99482205233482], [2.30419541704246, 48.9949489842302], [2.3045026186893356, 48.99482666990986], [2.3045567667894153, 48.99475279634915], [2.3045543180005086, 48.99475197283985]]], [[[2.308951968070678, 48.995169088576354], [2.3089696022885433, 48.99511730395855], [2.3089728674567205, 48.99511840185041], [2.309000214754093, 48.9950041759473], [2.308992163384192, 48.99500332026637], [2.3090347026151674, 48.994825695438806], [2.3088753514409217, 48.99480589368979], [2.3087712464243726, 48.99497848778501], [2.308770269564977, 48.99498001086679], [2.3087637189188106, 48.994979343663445], [2.308734289077269, 48.9950035435474], [2.3086972575210614, 48.995034174161724], [2.3086799740162607, 48.99502876906995], [2.3087085825581366, 48.99499440305003], [2.3087298267926535, 48.9949691668521], [2.3086889558918906, 48.99494941787529], [2.3089040503028513, 48.99471334726175], [2.3088613409509384, 48.994698263801816], [2.308856562848161, 48.99468762523979], [2.3088403546643756, 48.99468357522359], [2.3085516923643676, 48.99484098789579], [2.308603901639159, 48.99488157471222], [2.308587229873959, 48.99489181991807], [2.308605337034011, 48.99490721134105], [2.3084371570115993, 48.99502710013137], [2.308558944058369, 48.995148390105896], [2.308570136882946, 48.995139102500254], [2.3085861625903803, 48.995126065930734], [2.3088375243664943, 48.99530727215489], [2.308951968070678, 48.995169088576354]]], [[[2.3041872807935517, 48.99498508654017], [2.304164229793077, 48.994961392758306], [2.3040347465324555, 48.994833938763094], [2.30381003792526, 48.994929123827475], [2.303697478946223, 48.994976670050725], [2.3035954319091494, 48.99489244843128], [2.303523813150401, 48.99493402732392], [2.3033555103641565, 48.995031607167135], [2.3031843156621883, 48.99513078860941], [2.303065730668684, 48.99519961125411], [2.3030215305449953, 48.99522444335436], [2.302977587991495, 48.99525044594733], [2.3029779917170523, 48.995281472103144], [2.302974246761619, 48.99528558685776], [2.303128375341324, 48.99539924684843], [2.3031467808868045, 48.99541266249924], [2.303192842261771, 48.99542228208552], [2.303204790871803, 48.99541785526561], [2.3032050653723406, 48.9954177669355], [2.303381152599829, 48.99535125632883], [2.3035742631447547, 48.995278909272834], [2.3037635349936427, 48.99520743887243], [2.303982337104821, 48.99512480902584], [2.3041592446311645, 48.995058122180346], [2.3041872807935517, 48.99498508654017]]], [[[2.3053883784306204, 48.99567861547628], [2.3052970759928035, 48.99555704917875], [2.305273040459131, 48.9955251668393], [2.305227714687419, 48.995542259755375], [2.3051645765842603, 48.995562846475806], [2.305112759699359, 48.995503286476016], [2.305156163992306, 48.995486811944694], [2.3054946074547686, 48.995358291436695], [2.3054363471100725, 48.99527981021987], [2.3050914226636845, 48.99541269931799], [2.3050572037231176, 48.99537590205734], [2.304964109598518, 48.995275996788436], [2.3049899375462597, 48.99526580511723], [2.304960024115422, 48.99523406850799], [2.3049160979343015, 48.995187413248786], [2.304856542176822, 48.99512412139785], [2.3047223420963907, 48.9949813537552], [2.304768232176769, 48.99496291543087], [2.3047833462671674, 48.99495679823559], [2.3046659236313736, 48.99482662715744], [2.304323595295367, 48.994959619067075], [2.304307969473338, 48.99502436375021], [2.3043899796556127, 48.9951150330523], [2.304521956710162, 48.99526048588986], [2.3045268061922126, 48.99526572959285], [2.3045700182159026, 48.995324880299435], [2.3045871632081583, 48.99538145197391], [2.3046077267135985, 48.99541745084392], [2.3045816229139042, 48.99542782068173], [2.3046068456849977, 48.99546285738746], [2.304636626659719, 48.995504484956555], [2.3046579565173624, 48.99553428349479], [2.3046842533206977, 48.99557076518852], [2.304703566003974, 48.995598124078846], [2.3047181192566484, 48.99559308273322], [2.3047382614789673, 48.995619727031404], [2.3048287849373263, 48.9957381419], [2.3049011692132075, 48.99583343106358], [2.304916792598718, 48.995860768540894], [2.304989016299153, 48.99598851927556], [2.305061909168637, 48.99611735291256], [2.3051345327081467, 48.99624591515596], [2.305190300999252, 48.99622465631969], [2.305214064001349, 48.99621562166233], [2.305380403582795, 48.99615246884401], [2.3054113095438193, 48.996140687851074], [2.305572155041473, 48.99607957121539], [2.305664321219541, 48.99604458456715], [2.3055713993409066, 48.99592139052521], [2.3054880092632324, 48.99581102077283], [2.3054802206773832, 48.99580072435633], [2.3053883784306204, 48.99567861547628]]], [[[2.304538568160686, 48.99681689696617], [2.3046233186828946, 48.9967847457186], [2.3046723376097655, 48.99683898412865], [2.304755159329777, 48.996807990623836], [2.3047670316338307, 48.99679906701397], [2.3047841520150176, 48.996786037306286], [2.3049164968013085, 48.9965672996087], [2.3049314503898195, 48.99654256721199], [2.3049278801546533, 48.99640082636025], [2.3049250571808204, 48.99627473659099], [2.3049213652359954, 48.996274895053816], [2.304917522951168, 48.996133062665805], [2.304915954625334, 48.99606641989836], [2.304825685245404, 48.99590852996644], [2.3047987391225004, 48.99585927534433], [2.3047352077384042, 48.99577644693034], [2.304639965527015, 48.995653238676326], [2.3046358004405127, 48.99564790902204], [2.304600737053541, 48.995602743808924], [2.3045685000031186, 48.995560832228826], [2.304558252532323, 48.99554027015688], [2.3045551878655157, 48.99553440733229], [2.3045304713224652, 48.99549217962773], [2.304527936401548, 48.9954875788092], [2.3044443733401545, 48.99532909789113], [2.3044271840269466, 48.99529626589076], [2.304328013183659, 48.99519101936752], [2.3042754541955603, 48.995135950879586], [2.3042012942561763, 48.99512239196719], [2.3041887504690854, 48.99512025097699], [2.3037350946883888, 48.99529018385802], [2.3033109658459545, 48.9954490459396], [2.303305219826, 48.995459713542886], [2.303280515168464, 48.99550839887476], [2.303315739717833, 48.99556183843397], [2.3033139548580834, 48.995562457539755], [2.303302009841184, 48.995566614618745], [2.303374941336357, 48.99569221231802], [2.3034377261597516, 48.995789784680916], [2.3034674461143574, 48.99583590837925], [2.3036685176856917, 48.99614857214916], [2.303694623229459, 48.99618909951111], [2.303695289605844, 48.99619036231389], [2.303777253147272, 48.99632536418821], [2.303864690345669, 48.99645985819673], [2.303864279190727, 48.996459945735516], [2.3039060227141754, 48.99650631888979], [2.303907897267388, 48.996509207330895], [2.303927604181235, 48.99653773762069], [2.3039639293200724, 48.99659073369405], [2.3039646005263457, 48.99659163682691], [2.3040189206806523, 48.99667854866495], [2.3041520520605347, 48.99689109163304], [2.3042019608820095, 48.99697069394136], [2.304204232176851, 48.99697457384007], [2.304268004433717, 48.996988432182505], [2.3044186682729446, 48.996932743447566], [2.3045610905949934, 48.99688015409815], [2.304514531464027, 48.99682592990064], [2.304538568160686, 48.99681689696617]]], [[[2.304065983843685, 48.996939960757544], [2.303979705978896, 48.99680043794766], [2.303974768475981, 48.996801758168395], [2.3038890557586624, 48.996660889690915], [2.3038017265956134, 48.99651830319714], [2.303720819735302, 48.99638600521718], [2.303715463395589, 48.99637779105472], [2.303728631184594, 48.996374180575714], [2.303607942488656, 48.99618176227951], [2.303592585940303, 48.99618553989132], [2.303504373406878, 48.99604780387806], [2.303416967972177, 48.995911061628824], [2.3033296972344512, 48.99577449992569], [2.303241761803056, 48.99563658541846], [2.3031549031354825, 48.99549993601604], [2.303105117093575, 48.995421592794195], [2.30295216886361, 48.99531162652022], [2.3026932876523736, 48.99546820895658], [2.30265058856166, 48.99556444935036], [2.302669657887564, 48.99562004331603], [2.3027202931381674, 48.995767453313], [2.302770532003179, 48.995913871798855], [2.3027788138747, 48.99593828933268], [2.3028562923343103, 48.99605087474307], [2.3029503875205513, 48.99618801594567], [2.3030436789854862, 48.996323983373806], [2.3031793275002075, 48.99652170468355], [2.3032762410001957, 48.99666281857983], [2.3033727523074328, 48.99680339049742], [2.30346416541119, 48.99693691865601], [2.3034662224134705, 48.996936391052124], [2.3035540034988853, 48.99707583302026], [2.3036739467153398, 48.99724243870844], [2.303810365793925, 48.99725042413945], [2.3039195375430443, 48.997180647029246], [2.3040888569897766, 48.99707902587819], [2.304107415367611, 48.9970198736339], [2.304061320836723, 48.996941192649714], [2.304065983843685, 48.996939960757544]]], [[[2.309430037704868, 48.99384977684407], [2.3093652492282923, 48.99396396731741], [2.30936495681853, 48.99396540442058], [2.3094176598200935, 48.99397910644395], [2.309391832590043, 48.994030484328185], [2.309376255589768, 48.994102333976805], [2.309360831923109, 48.99417292556365], [2.3093551000407206, 48.99417235302817], [2.3092482332719317, 48.994594021468245], [2.309254900945489, 48.99461672071945], [2.309210249125724, 48.99481969207954], [2.30911894318984, 48.9950986503716], [2.3090788169284457, 48.99509482237435], [2.3091285254290925, 48.99521048111926], [2.3091479984858, 48.99523622158169], [2.309526152778051, 48.99511106570121], [2.309606748827418, 48.99521629093257], [2.309664911009176, 48.99529234158013], [2.30967713324464, 48.9953084183691], [2.309333703871153, 48.995422174382604], [2.309483677725958, 48.99559245431864], [2.3094897436501083, 48.995609035239696], [2.310020437653159, 48.995522973213454], [2.3101640222869753, 48.995907054735156], [2.3096303111539243, 48.99599363957206], [2.3096041032182564, 48.99626901577039], [2.309458500632968, 48.996684795503995], [2.3094483777226635, 48.99668554656608], [2.3094413385364407, 48.99679359458475], [2.309447148464993, 48.9968500102991], [2.3094822775520627, 48.996942024735056], [2.3094907384091825, 48.99695322398234], [2.310010938175221, 48.99688661512396], [2.310210700368334, 48.996858538310455], [2.3102286480416145, 48.99691691215009], [2.3103730109612735, 48.99690299435846], [2.3103815931342955, 48.996956548383686], [2.3104100261868936, 48.99695599238866], [2.3104900696216606, 48.9971032080833], [2.3105356972552493, 48.997186919582155], [2.310553841653121, 48.99722020572949], [2.3107566911012514, 48.997186120849776], [2.310822643627111, 48.99729332916555], [2.3108969436512967, 48.99728638209989], [2.311472495420266, 48.99720929390258], [2.3115406531174862, 48.99736678188459], [2.3115140555389946, 48.99737319372782], [2.311561020872247, 48.997417975465915], [2.3116106859847707, 48.99746529053745], [2.311654548970644, 48.99750699702783], [2.3117430831612635, 48.99759131382782], [2.3120395844495896, 48.997471886645215], [2.312138747938503, 48.99752757839583], [2.3121390188635456, 48.997527759796405], [2.312261501971754, 48.997618205771495], [2.312306946701377, 48.99768500981648], [2.3123072164377776, 48.99768528113363], [2.312377136155901, 48.99777182878737], [2.3124470525370895, 48.997858646144174], [2.3125242330638067, 48.99795422767235], [2.3126416241656513, 48.99808879660552], [2.312681335339316, 48.99813452547594], [2.3126832580198813, 48.9981338170981], [2.3130766577687387, 48.99799354050253], [2.3131959820307944, 48.99795097015549], [2.3132007875089435, 48.99794928910688], [2.313249649178513, 48.99791278992421], [2.313206516500243, 48.997888083813365], [2.3136698131071323, 48.99753598514939], [2.313679225072916, 48.99745456802299], [2.3135910323109177, 48.997302811754764], [2.3135172478777024, 48.99712595915207], [2.3134555845076736, 48.99707641804701], [2.313329503893563, 48.99680313748167], [2.3133151579183364, 48.9967925342983], [2.313315308830125, 48.99679145607562], [2.313298132389342, 48.99678821044929], [2.3128299477937047, 48.99680756168478], [2.3129663317707583, 48.99575371506477], [2.312927697150334, 48.995750706217216], [2.312903646590076, 48.995543923253464], [2.3130321836430863, 48.995341610849536], [2.31303442468617, 48.99533748717609], [2.313045377016285, 48.99528431487752], [2.3131008254058028, 48.995183557730314], [2.3130452518171873, 48.99516975099524], [2.313064853131512, 48.995134253304386], [2.3131208449484943, 48.995147432957076], [2.3132446130642093, 48.99492324142621], [2.3133747644177265, 48.99475367013903], [2.313453984373637, 48.99467400110697], [2.313463995123253, 48.994661019397654], [2.313317821608144, 48.99442988750906], [2.312736105975604, 48.99400436359571], [2.312590228279131, 48.993875206289594], [2.312286724007351, 48.993606482473936], [2.311247975120501, 48.99289884621804], [2.3110394165259542, 48.9927567376525], [2.3102227807049465, 48.99308692368211], [2.3102516137255362, 48.99311784350396], [2.3101812713500163, 48.993146214875054], [2.310152574996861, 48.99311529582266], [2.3098835658756056, 48.993224085934635], [2.309803318546921, 48.993267687228105], [2.3097360360150234, 48.99335371734043], [2.3097191439735023, 48.993380597420796], [2.3096963839308255, 48.99341715555149], [2.3096297696029695, 48.99352486116361], [2.309538575364693, 48.993672351620845], [2.309496270417628, 48.993740000919544], [2.309447107322356, 48.99381984041552], [2.3094350739771228, 48.99384099326201], [2.309430037704868, 48.99384977684407]]], [[[2.3046977518814824, 48.997921815046226], [2.3045608219276823, 48.997727235678276], [2.304503601539451, 48.99774452913676], [2.304459824686589, 48.99767638289209], [2.3043704039323996, 48.99753666240915], [2.304385221435186, 48.99753234203267], [2.3042964566997215, 48.997394693525365], [2.3041801056614712, 48.99721480058733], [2.3041255881536684, 48.99720378351179], [2.304116714202526, 48.997203102584784], [2.3040416510790527, 48.997246550139984], [2.3040172058893726, 48.99726565208154], [2.3039262577219146, 48.997321686702406], [2.3039038651713857, 48.997350782079636], [2.3039030490703327, 48.99740149442544], [2.3038945378975453, 48.99742473534337], [2.3038783404353786, 48.99745044954177], [2.303839548777885, 48.99748970109616], [2.3038578955215105, 48.997517773858874], [2.303948672964738, 48.99765813207076], [2.3040383817592223, 48.99779668551753], [2.3041280874191066, 48.99793550862971], [2.3042433659218458, 48.99811395648755], [2.3044587697470393, 48.99802060529305], [2.3045251444339288, 48.9979932934424], [2.3046977518814824, 48.997921815046226]]], [[[2.3058697386827816, 48.997904949919935], [2.3057629307334864, 48.99781836487185], [2.305742788014863, 48.99780188220074], [2.305766152494773, 48.99779203582369], [2.305693258027797, 48.99773460237371], [2.3056925819701806, 48.99773405891908], [2.3056547456011174, 48.997701917031556], [2.305575832986508, 48.99763464698115], [2.3055661189475236, 48.997625238686105], [2.3055367381591836, 48.99763531998027], [2.3054522623148848, 48.99757530148106], [2.3053425940361216, 48.99743699323865], [2.305231573044682, 48.99729768787991], [2.305138964905237, 48.997181599461], [2.305107244185917, 48.99714184925997], [2.3051167200662697, 48.99713839709956], [2.3050175067479497, 48.99701552602369], [2.304930167639516, 48.99690405404301], [2.3048632102260234, 48.99689332493843], [2.304598823183782, 48.99699142881935], [2.30443222471974, 48.99705323016587], [2.3042985908502565, 48.99710263304737], [2.3042915523752225, 48.997117969231866], [2.304269884907757, 48.99715417287435], [2.304427100128706, 48.99739518108385], [2.3044991892358446, 48.997502428497256], [2.304573731316614, 48.99751832741038], [2.3046343974259713, 48.99752946982956], [2.3047328495059114, 48.99767859452086], [2.3046892084481496, 48.99769218994078], [2.3048167854732586, 48.99788104978215], [2.3048325740509736, 48.9978756558908], [2.3048402273688064, 48.99788586162063], [2.304823889767206, 48.99789143218014], [2.304732314493776, 48.99792282461384], [2.3046460397336386, 48.997956405863484], [2.3045310500920473, 48.99800133089032], [2.3045306377224057, 48.99800150834813], [2.304248988608248, 48.99812271169866], [2.3042231458493143, 48.998133892268235], [2.304339156551922, 48.99830874728875], [2.3043536239313753, 48.99833059271875], [2.304447264266289, 48.99847168641579], [2.3044819815142774, 48.99852242481011], [2.3046782580922343, 48.9984593566361], [2.304809205998663, 48.99841686194993], [2.3051565775585456, 48.99830691866139], [2.30532884293988, 48.99825081436899], [2.3054667639069426, 48.99817733561203], [2.3058596004866723, 48.99796819765566], [2.3058697386827816, 48.997904949919935]]], [[[2.3068799294948827, 48.99847083434708], [2.3068843720742556, 48.998332467304024], [2.306886053191616, 48.99827816304375], [2.3068864800444158, 48.99826665526351], [2.306889034053525, 48.998187896767774], [2.3070187675664435, 48.99814404380296], [2.3071829605934204, 48.99808842978225], [2.3071898232888257, 48.9980862213075], [2.3071262602351115, 48.997995031273895], [2.307068731704194, 48.99791250872984], [2.3067825670615267, 48.998065345108266], [2.3067820168450353, 48.9980656117013], [2.306575384346164, 48.99816765040872], [2.306353260402376, 48.9979968602921], [2.306506166942879, 48.997916542820136], [2.306555025923948, 48.99789083717937], [2.306566448601585, 48.99788487828918], [2.306589430602611, 48.99787296129504], [2.3065341440688414, 48.997827320207676], [2.306466153827735, 48.99777099466069], [2.306833946812051, 48.99758436954799], [2.306788132726778, 48.997525294701305], [2.3067852426205815, 48.997526806711626], [2.3063796168964243, 48.99773218694541], [2.3062869543553832, 48.99765062992512], [2.3062310330852176, 48.99760138806197], [2.306249329212317, 48.99759241152674], [2.306111863988778, 48.99746824119496], [2.3061052614248525, 48.997471440275895], [2.3059995035629335, 48.99735743468868], [2.3059805070156623, 48.99733700202748], [2.305976462694621, 48.99733284213868], [2.305924199523617, 48.99727579789231], [2.3058629105181017, 48.997208989629804], [2.3058553673221773, 48.99720076292195], [2.305850787225566, 48.997195790614015], [2.3057383072344737, 48.99707356280015], [2.3057042229571203, 48.997087933274045], [2.3055797843177745, 48.99696069028948], [2.3056311791490107, 48.996939495874685], [2.305613934130034, 48.996920961683045], [2.305583083236838, 48.99688769115509], [2.305510196982078, 48.996809305307785], [2.3054986108608944, 48.996796828750675], [2.305488855756522, 48.99680072894549], [2.3053922582229545, 48.99669684723288], [2.305284211704709, 48.9965804896431], [2.305104616288071, 48.99665372695607], [2.305018323429106, 48.996688837102354], [2.304970558068007, 48.996765625278734], [2.3049699503778043, 48.99679062061448], [2.304982321394915, 48.99680570956364], [2.305021850910232, 48.99685422765846], [2.305103066519123, 48.996953524387514], [2.3051120730398, 48.99696472710865], [2.3052311494422986, 48.99710452888609], [2.305259100491079, 48.99714003080738], [2.3053381053195157, 48.997241202947926], [2.3054462615814293, 48.997380131938314], [2.305542053077876, 48.9975035223484], [2.305549577038526, 48.997513187744275], [2.3055642234222766, 48.99753188674353], [2.305584493018176, 48.997549089574925], [2.3057159844278092, 48.99766000713833], [2.3057649026247917, 48.99770147527585], [2.305863458560442, 48.997781717931524], [2.3059261883370517, 48.99783279781475], [2.3060238002038873, 48.99791213562726], [2.3059983426706054, 48.99792520720675], [2.3061918195810835, 48.99808171433913], [2.306192358994013, 48.99808225700068], [2.3064130479921716, 48.99824791345205], [2.306485815548495, 48.99831496754082], [2.3065059202948945, 48.99833432741864], [2.3065613774434626, 48.99838770292582], [2.306577029028163, 48.998402810639554], [2.306621899059663, 48.998460980822216], [2.306633040144252, 48.99845564976764], [2.3066423001662377, 48.99846838252358], [2.306649582077529, 48.99849621104439], [2.306688757398287, 48.99853051849346], [2.3066580033420734, 48.9985717956703], [2.3066165405908343, 48.99863720045698], [2.306444974970685, 48.998784223541264], [2.3064383564729267, 48.99879884286212], [2.3064557582157224, 48.99888760825099], [2.3065004243192284, 48.99897131561427], [2.3065284507812582, 48.998980829642406], [2.3068487233021244, 48.99891478754704], [2.3068901411308675, 48.99890396615017], [2.3069662577797656, 48.9988839930622], [2.306987838689505, 48.9985570649936], [2.3068770133781187, 48.99855624508926], [2.3068799294948827, 48.99847083434708]]], [[[2.306477543708845, 48.99835106910147], [2.3063154878896603, 48.99821578628624], [2.3062996489385545, 48.99822495687925], [2.3062970813122763, 48.9982227838653], [2.3061795389655018, 48.99812120981593], [2.306113718380949, 48.9980661555627], [2.306044391766508, 48.99800757396579], [2.3060366096851856, 48.99800698942013], [2.3059695725480753, 48.998002105541296], [2.3054894684487524, 48.998257768980174], [2.3054196807812857, 48.998295043144694], [2.305407448341722, 48.99827977521915], [2.3053207983260173, 48.99831074698108], [2.3053354520657017, 48.99832890649307], [2.304918994270786, 48.99846452805878], [2.304669807962775, 48.99858016525541], [2.3045651340964937, 48.99860986302367], [2.3045583766789637, 48.99863482267667], [2.304604350592378, 48.998702262159405], [2.304790716799402, 48.99863428049614], [2.3048079806452697, 48.99864121471549], [2.3050067522319115, 48.998595965374406], [2.3050884089175656, 48.99870335762854], [2.305149328295348, 48.99868545585345], [2.3052048270896277, 48.99866410556013], [2.3052784593924445, 48.99863575624119], [2.3055100678399794, 48.99854681335559], [2.305591063933662, 48.998509424156865], [2.3055516849070807, 48.99845973819741], [2.3055261434645713, 48.99842793721406], [2.3056268910112396, 48.9983851769386], [2.3057460534992575, 48.99833478966794], [2.3058192098581825, 48.998403375113504], [2.3058806215477143, 48.9984611017221], [2.305883409622162, 48.99846723266628], [2.306029521609127, 48.99856834272329], [2.306066361673723, 48.99859328479812], [2.3061110533525264, 48.99862384753464], [2.3061607725313444, 48.99865659749181], [2.3061737582068718, 48.998666654109776], [2.30583637668889, 48.998980155547805], [2.3059267900171387, 48.99900513776321], [2.3060725059684826, 48.99904392826892], [2.306090755542699, 48.99904870982954], [2.30616334270122, 48.999067923590545], [2.306088616005514, 48.99913727233451], [2.3061975613535255, 48.99920732335845], [2.3064714971556444, 48.99898832387709], [2.3064257554669636, 48.99892376404532], [2.3063882800707054, 48.998813300932966], [2.306387252222136, 48.998777685185225], [2.3065991601072167, 48.99855706787658], [2.3066093771756395, 48.998539052233355], [2.306611342252409, 48.998514694244534], [2.306604913743041, 48.998494604097786], [2.3065800010663464, 48.998456602235784], [2.3065680403582376, 48.99844142592699], [2.3065376591251523, 48.998403572301825], [2.3065328235492957, 48.99839724969341], [2.306477543708845, 48.99835106910147]]]]}}]}